$ vitest run

 RUN  v3.2.7 /Users/afo/Code/greenpill/cookie-jar/client

stderr | __tests__/lib/nft/FloorPriceProvider.test.ts > FloorPriceProvider > OpenSea integration > should handle OpenSea API errors
Reservoir API error: TypeError: Cannot read properties of undefined (reading 'ok')
    at FloorPriceProvider.getReservoirFloorPrice (/Users/afo/Code/greenpill/cookie-jar/client/lib/nft/advanced/FloorPriceProvider.ts:279:18)
    at processTicksAndRejections (node:internal/process/task_queues:95:5)
    at FloorPriceProvider.getFloorPrice (/Users/afo/Code/greenpill/cookie-jar/client/lib/nft/advanced/FloorPriceProvider.ts:162:21)
    at /Users/afo/Code/greenpill/cookie-jar/client/__tests__/lib/nft/FloorPriceProvider.test.ts:107:19
    at file:///Users/afo/Code/greenpill/cookie-jar/node_modules/.bun/@vitest+runner@3.2.7/node_modules/@vitest/runner/dist/chunk-hooks.js:752:20

stderr | __tests__/lib/nft/FloorPriceProvider.test.ts > FloorPriceProvider > OpenSea integration > should handle OpenSea API errors
Alchemy API error: TypeError: Cannot read properties of undefined (reading 'ok')
    at FloorPriceProvider.getAlchemyFloorPrice (/Users/afo/Code/greenpill/cookie-jar/client/lib/nft/advanced/FloorPriceProvider.ts:335:18)
    at processTicksAndRejections (node:internal/process/task_queues:95:5)
    at FloorPriceProvider.getFloorPrice (/Users/afo/Code/greenpill/cookie-jar/client/lib/nft/advanced/FloorPriceProvider.ts:162:21)
    at /Users/afo/Code/greenpill/cookie-jar/client/__tests__/lib/nft/FloorPriceProvider.test.ts:107:19
    at file:///Users/afo/Code/greenpill/cookie-jar/node_modules/.bun/@vitest+runner@3.2.7/node_modules/@vitest/runner/dist/chunk-hooks.js:752:20

stderr | __tests__/lib/nft/FloorPriceProvider.test.ts > FloorPriceProvider > OpenSea integration > should handle OpenSea API errors
Moralis API error: TypeError: Cannot read properties of undefined (reading 'ok')
    at FloorPriceProvider.getMoralisFloorPrice (/Users/afo/Code/greenpill/cookie-jar/client/lib/nft/advanced/FloorPriceProvider.ts:375:18)
    at processTicksAndRejections (node:internal/process/task_queues:95:5)
    at FloorPriceProvider.getFloorPrice (/Users/afo/Code/greenpill/cookie-jar/client/lib/nft/advanced/FloorPriceProvider.ts:162:21)
    at /Users/afo/Code/greenpill/cookie-jar/client/__tests__/lib/nft/FloorPriceProvider.test.ts:107:19
    at file:///Users/afo/Code/greenpill/cookie-jar/node_modules/.bun/@vitest+runner@3.2.7/node_modules/@vitest/runner/dist/chunk-hooks.js:752:20

stderr | __tests__/lib/nft/FloorPriceProvider.test.ts > FloorPriceProvider > OpenSea integration > should handle network errors gracefully
OpenSea API error: Error: Network error
    at /Users/afo/Code/greenpill/cookie-jar/client/__tests__/lib/nft/FloorPriceProvider.test.ts:113:36
    at file:///Users/afo/Code/greenpill/cookie-jar/node_modules/.bun/@vitest+runner@3.2.7/node_modules/@vitest/runner/dist/chunk-hooks.js:155:11
    at file:///Users/afo/Code/greenpill/cookie-jar/node_modules/.bun/@vitest+runner@3.2.7/node_modules/@vitest/runner/dist/chunk-hooks.js:752:26
    at file:///Users/afo/Code/greenpill/cookie-jar/node_modules/.bun/@vitest+runner@3.2.7/node_modules/@vitest/runner/dist/chunk-hooks.js:1897:20
    at new Promise (<anonymous>)
    at runWithTimeout (file:///Users/afo/Code/greenpill/cookie-jar/node_modules/.bun/@vitest+runner@3.2.7/node_modules/@vitest/runner/dist/chunk-hooks.js:1863:10)
    at runTest (file:///Users/afo/Code/greenpill/cookie-jar/node_modules/.bun/@vitest+runner@3.2.7/node_modules/@vitest/runner/dist/chunk-hooks.js:1574:12)
    at processTicksAndRejections (node:internal/process/task_queues:95:5)
    at runSuite (file:///Users/afo/Code/greenpill/cookie-jar/node_modules/.bun/@vitest+runner@3.2.7/node_modules/@vitest/runner/dist/chunk-hooks.js:1729:8)
    at runSuite (file:///Users/afo/Code/greenpill/cookie-jar/node_modules/.bun/@vitest+runner@3.2.7/node_modules/@vitest/runner/dist/chunk-hooks.js:1729:8)

stderr | __tests__/lib/nft/FloorPriceProvider.test.ts > FloorPriceProvider > OpenSea integration > should handle network errors gracefully
Reservoir API error: TypeError: Cannot read properties of undefined (reading 'ok')
    at FloorPriceProvider.getReservoirFloorPrice (/Users/afo/Code/greenpill/cookie-jar/client/lib/nft/advanced/FloorPriceProvider.ts:279:18)
    at processTicksAndRejections (node:internal/process/task_queues:95:5)
    at FloorPriceProvider.getFloorPrice (/Users/afo/Code/greenpill/cookie-jar/client/lib/nft/advanced/FloorPriceProvider.ts:162:21)
    at /Users/afo/Code/greenpill/cookie-jar/client/__tests__/lib/nft/FloorPriceProvider.test.ts:115:19
    at file:///Users/afo/Code/greenpill/cookie-jar/node_modules/.bun/@vitest+runner@3.2.7/node_modules/@vitest/runner/dist/chunk-hooks.js:752:20

stderr | __tests__/lib/nft/FloorPriceProvider.test.ts > FloorPriceProvider > OpenSea integration > should handle network errors gracefully
Alchemy API error: TypeError: Cannot read properties of undefined (reading 'ok')
    at FloorPriceProvider.getAlchemyFloorPrice (/Users/afo/Code/greenpill/cookie-jar/client/lib/nft/advanced/FloorPriceProvider.ts:335:18)
    at processTicksAndRejections (node:internal/process/task_queues:95:5)
    at FloorPriceProvider.getFloorPrice (/Users/afo/Code/greenpill/cookie-jar/client/lib/nft/advanced/FloorPriceProvider.ts:162:21)
    at /Users/afo/Code/greenpill/cookie-jar/client/__tests__/lib/nft/FloorPriceProvider.test.ts:115:19
    at file:///Users/afo/Code/greenpill/cookie-jar/node_modules/.bun/@vitest+runner@3.2.7/node_modules/@vitest/runner/dist/chunk-hooks.js:752:20

stderr | __tests__/lib/nft/FloorPriceProvider.test.ts > FloorPriceProvider > OpenSea integration > should handle network errors gracefully
Moralis API error: TypeError: Cannot read properties of undefined (reading 'ok')
    at FloorPriceProvider.getMoralisFloorPrice (/Users/afo/Code/greenpill/cookie-jar/client/lib/nft/advanced/FloorPriceProvider.ts:375:18)
    at processTicksAndRejections (node:internal/process/task_queues:95:5)
    at FloorPriceProvider.getFloorPrice (/Users/afo/Code/greenpill/cookie-jar/client/lib/nft/advanced/FloorPriceProvider.ts:162:21)
    at /Users/afo/Code/greenpill/cookie-jar/client/__tests__/lib/nft/FloorPriceProvider.test.ts:115:19
    at file:///Users/afo/Code/greenpill/cookie-jar/node_modules/.bun/@vitest+runner@3.2.7/node_modules/@vitest/runner/dist/chunk-hooks.js:752:20

stderr | __tests__/lib/nft/FloorPriceProvider.test.ts > FloorPriceProvider > Moralis integration > should fetch floor price from Moralis as final fallback
Error fetching ETH price: TypeError: Cannot read properties of undefined (reading 'json')
    at FloorPriceProvider.getETHPrice (/Users/afo/Code/greenpill/cookie-jar/client/lib/nft/advanced/FloorPriceProvider.ts:489:32)
    at processTicksAndRejections (node:internal/process/task_queues:95:5)
    at FloorPriceProvider.getMoralisFloorPrice (/Users/afo/Code/greenpill/cookie-jar/client/lib/nft/advanced/FloorPriceProvider.ts:378:22)
    at FloorPriceProvider.getFloorPrice (/Users/afo/Code/greenpill/cookie-jar/client/lib/nft/advanced/FloorPriceProvider.ts:162:21)
    at /Users/afo/Code/greenpill/cookie-jar/client/__tests__/lib/nft/FloorPriceProvider.test.ts:257:19
    at file:///Users/afo/Code/greenpill/cookie-jar/node_modules/.bun/@vitest+runner@3.2.7/node_modules/@vitest/runner/dist/chunk-hooks.js:752:20

 ✓ __tests__/CurrencyLabel.test.tsx (6 tests) 135ms
stderr | __tests__/lib/nft/FloorPriceProvider.test.ts > FloorPriceProvider > error handling > should handle JSON parsing errors
OpenSea API error: Error: Invalid JSON
    at Object.json (/Users/afo/Code/greenpill/cookie-jar/client/__tests__/lib/nft/FloorPriceProvider.test.ts:509:32)
    at FloorPriceProvider.getOpenSeaFloorPrice (/Users/afo/Code/greenpill/cookie-jar/client/lib/nft/advanced/FloorPriceProvider.ts:232:32)
    at FloorPriceProvider.getFloorPrice (/Users/afo/Code/greenpill/cookie-jar/client/lib/nft/advanced/FloorPriceProvider.ts:162:21)
    at /Users/afo/Code/greenpill/cookie-jar/client/__tests__/lib/nft/FloorPriceProvider.test.ts:512:19
    at file:///Users/afo/Code/greenpill/cookie-jar/node_modules/.bun/@vitest+runner@3.2.7/node_modules/@vitest/runner/dist/chunk-hooks.js:752:20

stderr | __tests__/lib/nft/FloorPriceProvider.test.ts > FloorPriceProvider > ETH price fetching > should handle ETH price API errors gracefully
Error fetching ETH price: TypeError: response.json is not a function
    at FloorPriceProvider.getETHPrice (/Users/afo/Code/greenpill/cookie-jar/client/lib/nft/advanced/FloorPriceProvider.ts:489:32)
    at FloorPriceProvider.getOpenSeaFloorPrice (/Users/afo/Code/greenpill/cookie-jar/client/lib/nft/advanced/FloorPriceProvider.ts:236:21)
    at FloorPriceProvider.getFloorPrice (/Users/afo/Code/greenpill/cookie-jar/client/lib/nft/advanced/FloorPriceProvider.ts:162:21)
    at /Users/afo/Code/greenpill/cookie-jar/client/__tests__/lib/nft/FloorPriceProvider.test.ts:601:19
    at file:///Users/afo/Code/greenpill/cookie-jar/node_modules/.bun/@vitest+runner@3.2.7/node_modules/@vitest/runner/dist/chunk-hooks.js:752:20

 ✓ __tests__/lib/nft/FloorPriceProvider.test.ts (23 tests | 5 skipped) 210ms
 ✓ __tests__/ErrorBoundary.test.tsx (7 tests) 161ms
 ✓ __tests__/hooks/jar/useJarTransactions.test.tsx (7 tests) 356ms
   ✓ useJarTransactions - Unit Tests > transaction amount parsing > should parse ETH amounts correctly  352ms
stderr | __tests__/MetadataParser.test.tsx > parseMetadata > returns default values for undefined metadata
Image is missing required "src" property: <ref *1> HTMLImageElement {
  '__reactFiber$2ljhqegbpg4': <ref *2> FiberNode {
    tag: 5,
    key: null,
    elementType: 'img',
    type: 'img',
    stateNode: [Circular *1],
    return: FiberNode {
      tag: 11,
      key: null,
      elementType: [Object],
      type: [Object],
      stateNode: null,
      return: [FiberNode],
      child: [Circular *2],
      sibling: null,
      index: 0,
      ref: null,
      pendingProps: [Object],
      memoizedProps: [Object],
      updateQueue: null,
      memoizedState: [Object],
      dependencies: null,
      mode: 1,
      flags: 1048577,
      subtreeFlags: 2097668,
      deletions: null,
      lanes: 0,
      childLanes: 0,
      alternate: null,
      actualDuration: 0,
      actualStartTime: -1,
      selfBaseDuration: 0,
      treeBaseDuration: 0,
      _debugSource: undefined,
      _debugOwner: [FiberNode],
      _debugNeedsRemount: false,
      _debugHookTypes: [Array]
    },
    child: null,
    sibling: null,
    index: 0,
    ref: [Function (anonymous)],
    pendingProps: {
      'data-testid': 'image',
      alt: '',
      fetchpriority: undefined,
      loading: undefined,
      width: 100,
      height: 100,
      decoding: 'async',
      'data-nimg': '1',
      className: undefined,
      style: [Object],
      sizes: undefined,
      srcSet: undefined,
      src: '',
      onLoad: [Function: onLoad],
      onError: [Function: onError]
    },
    memoizedProps: {
      'data-testid': 'image',
      alt: '',
      fetchpriority: undefined,
      loading: undefined,
      width: 100,
      height: 100,
      decoding: 'async',
      'data-nimg': '1',
      className: undefined,
      style: [Object],
      sizes: undefined,
      srcSet: undefined,
      src: '',
      onLoad: [Function: onLoad],
      onError: [Function: onError]
    },
    updateQueue: null,
    memoizedState: null,
    dependencies: null,
    mode: 1,
    flags: 2097668,
    subtreeFlags: 0,
    deletions: null,
    lanes: 0,
    childLanes: 0,
    alternate: null,
    actualDuration: 0,
    actualStartTime: -1,
    selfBaseDuration: 0,
    treeBaseDuration: 0,
    _debugSource: undefined,
    _debugOwner: FiberNode {
      tag: 11,
      key: null,
      elementType: [Object],
      type: [Object],
      stateNode: null,
      return: [FiberNode],
      child: [Circular *2],
      sibling: null,
      index: 0,
      ref: null,
      pendingProps: [Object],
      memoizedProps: [Object],
      updateQueue: null,
      memoizedState: [Object],
      dependencies: null,
      mode: 1,
      flags: 1048577,
      subtreeFlags: 2097668,
      deletions: null,
      lanes: 0,
      childLanes: 0,
      alternate: null,
      actualDuration: 0,
      actualStartTime: -1,
      selfBaseDuration: 0,
      treeBaseDuration: 0,
      _debugSource: undefined,
      _debugOwner: [FiberNode],
      _debugNeedsRemount: false,
      _debugHookTypes: [Array]
    },
    _debugNeedsRemount: false,
    _debugHookTypes: null
  },
  '__reactProps$2ljhqegbpg4': {
    'data-testid': 'image',
    alt: '',
    fetchpriority: undefined,
    loading: undefined,
    width: 100,
    height: 100,
    decoding: 'async',
    'data-nimg': '1',
    className: undefined,
    style: { color: 'transparent' },
    sizes: undefined,
    srcSet: undefined,
    src: '',
    onLoad: [Function: onLoad],
    onError: [Function: onError]
  },
  '__reactEvents$2ljhqegbpg4': Set(2) { 'error__bubble', 'load__bubble' },
  [Symbol(listeners)]: {
    bubbling: Map(2) { 'error' => [Array], 'load' => [Array] },
    capturing: Map(0) {}
  },
  [Symbol(listenerOptions)]: {
    bubbling: Map(2) { 'error' => [Array], 'load' => [Array] },
    capturing: Map(0) {}
  },
  [Symbol(isConnected)]: true,
  [Symbol(parentNode)]: <ref *3> HTMLDivElement {
    '__reactFiber$2ljhqegbpg4': FiberNode {
      tag: 5,
      key: null,
      elementType: 'div',
      type: 'div',
      stateNode: [Circular *3],
      return: [FiberNode],
      child: [FiberNode],
      sibling: null,
      index: 0,
      ref: null,
      pendingProps: [Object],
      memoizedProps: [Object],
      updateQueue: null,
      memoizedState: null,
      dependencies: null,
      mode: 1,
      flags: 0,
      subtreeFlags: 11536901,
      deletions: null,
      lanes: 0,
      childLanes: 0,
      alternate: null,
      actualDuration: 0,
      actualStartTime: -1,
      selfBaseDuration: 0,
      treeBaseDuration: 0,
      _debugSource: [Object],
      _debugOwner: [FiberNode],
      _debugNeedsRemount: false,
      _debugHookTypes: null
    },
    '__reactProps$2ljhqegbpg4': { children: [Array] },
    [Symbol(listeners)]: { bubbling: Map(0) {}, capturing: Map(0) {} },
    [Symbol(listenerOptions)]: { bubbling: Map(0) {}, capturing: Map(0) {} },
    [Symbol(isConnected)]: true,
    [Symbol(parentNode)]: HTMLDivElement {
      '__reactContainer$2ljhqegbpg4': [FiberNode],
      _reactListening7defm8ungkm: true,
      [Symbol(listeners)]: [Object],
      [Symbol(listenerOptions)]: [Object],
      [Symbol(isConnected)]: true,
      [Symbol(parentNode)]: [HTMLBodyElement],
      [Symbol(rootNode)]: [HTMLDocument],
      [Symbol(styleNode)]: null,
      [Symbol(textAreaNode)]: null,
      [Symbol(formNode)]: null,
      [Symbol(selectNode)]: null,
      [Symbol(mutationListeners)]: [],
      [Symbol(nodeArray)]: [Array],
      [Symbol(elementArray)]: [Array],
      [Symbol(childNodes)]: null,
      [Symbol(assignedToSlot)]: null,
      [Symbol(cache)]: [Object],
      [Symbol(affectsCache)]: [],
      [Symbol(ownerDocument)]: [HTMLDocument],
      [Symbol(window)]: [GlobalWindow [EventTarget]],
      [Symbol(classList)]: null,
      [Symbol(isValue)]: null,
      [Symbol(nodeType)]: 1,
      [Symbol(prefix)]: null,
      [Symbol(shadowRoot)]: null,
      [Symbol(scrollHeight)]: 0,
      [Symbol(scrollWidth)]: 0,
      [Symbol(scrollTop)]: 0,
      [Symbol(scrollLeft)]: 0,
      [Symbol(attributes)]: [NamedNodeMap],
      [Symbol(attributesProxy)]: null,
      [Symbol(children)]: null,
      [Symbol(computedStyle)]: null,
      [Symbol(pointerCaptures)]: Set(0) {},
      [Symbol(propertyEventListeners)]: [Map],
      [Symbol(animations)]: [],
      [Symbol(tagName)]: 'DIV',
      [Symbol(localName)]: 'div',
      [Symbol(namespaceURI)]: 'http://www.w3.org/1999/xhtml',
      [Symbol(accessKey)]: '',
      [Symbol(offsetHeight)]: 0,
      [Symbol(offsetWidth)]: 0,
      [Symbol(offsetLeft)]: 0,
      [Symbol(offsetTop)]: 0,
      [Symbol(clientHeight)]: 0,
      [Symbol(clientWidth)]: 0,
      [Symbol(clientLeft)]: 0,
      [Symbol(clientTop)]: 0,
      [Symbol(style)]: null,
      [Symbol(dataset)]: null,
      [Symbol(customElementDefineCallback)]: null
    },
    [Symbol(rootNode)]: <ref *4> HTMLDocument {
      defaultView: [Getter],
      _reactListening7defm8ungkm: true,
      [Symbol(listeners)]: [Object],
      [Symbol(listenerOptions)]: [Object],
      [Symbol(isConnected)]: true,
      [Symbol(parentNode)]: null,
      [Symbol(rootNode)]: [Circular *4],
      [Symbol(styleNode)]: null,
      [Symbol(textAreaNode)]: null,
      [Symbol(formNode)]: null,
      [Symbol(selectNode)]: null,
      [Symbol(mutationListeners)]: [],
      [Symbol(nodeArray)]: [Array],
      [Symbol(elementArray)]: [Array],
      [Symbol(childNodes)]: null,
      [Symbol(assignedToSlot)]: null,
      [Symbol(cache)]: [Object],
      [Symbol(affectsCache)]: [],
      [Symbol(ownerDocument)]: null,
      [Symbol(children)]: null,
      [Symbol(activeElement)]: null,
      [Symbol(nextActiveElement)]: null,
      [Symbol(currentScript)]: null,
      [Symbol(isFirstWrite)]: true,
      [Symbol(isFirstWriteAfterOpen)]: false,
      [Symbol(nodeType)]: 9,
      [Symbol(adoptedStyleSheets)]: [],
      [Symbol(implementation)]: DOMImplementation {},
      [Symbol(readyState)]: 'complete',
      [Symbol(referrer)]: '',
      [Symbol(defaultView)]: [GlobalWindow [EventTarget]],
      [Symbol(forms)]: null,
      [Symbol(links)]: null,
      [Symbol(affectsComputedStyleCache)]: [],
      [Symbol(elementIdMap)]: Map(0) {},
      [Symbol(contentType)]: 'text/html',
      [Symbol(xmlProcessingInstruction)]: null,
      [Symbol(preloads)]: Map(0) {},
      [Symbol(propertyEventListeners)]: Map(0) {},
      [Symbol(selection)]: null,
      [Symbol(timeline)]: DocumentTimeline {}
    },
    [Symbol(styleNode)]: null,
    [Symbol(textAreaNode)]: null,
    [Symbol(formNode)]: null,
    [Symbol(selectNode)]: null,
    [Symbol(mutationListeners)]: [],
    [Symbol(nodeArray)]: [
      [HTMLHeadingElement],
      [HTMLParagraphElement],
      [Circular *1],
      [HTMLAnchorElement]
    ],
    [Symbol(elementArray)]: [
      [HTMLHeadingElement],
      [HTMLParagraphElement],
      [Circular *1],
      [HTMLAnchorElement]
    ],
    [Symbol(childNodes)]: null,
    [Symbol(assignedToSlot)]: null,
    [Symbol(cache)]: {
      querySelector: Map(0) {},
      querySelectorAll: Map(0) {},
      matches: Map(0) {},
      elementsByTagName: Map(0) {},
      elementsByTagNameNS: Map(0) {},
      elementByTagName: Map(0) {},
      elementById: Map(0) {},
      computedStyle: null
    },
    [Symbol(affectsCache)]: [],
    [Symbol(ownerDocument)]: <ref *4> HTMLDocument {
      defaultView: [Getter],
      _reactListening7defm8ungkm: true,
      [Symbol(listeners)]: [Object],
      [Symbol(listenerOptions)]: [Object],
      [Symbol(isConnected)]: true,
      [Symbol(parentNode)]: null,
      [Symbol(rootNode)]: [Circular *4],
      [Symbol(styleNode)]: null,
      [Symbol(textAreaNode)]: null,
      [Symbol(formNode)]: null,
      [Symbol(selectNode)]: null,
      [Symbol(mutationListeners)]: [],
      [Symbol(nodeArray)]: [Array],
      [Symbol(elementArray)]: [Array],
      [Symbol(childNodes)]: null,
      [Symbol(assignedToSlot)]: null,
      [Symbol(cache)]: [Object],
      [Symbol(affectsCache)]: [],
      [Symbol(ownerDocument)]: null,
      [Symbol(children)]: null,
      [Symbol(activeElement)]: null,
      [Symbol(nextActiveElement)]: null,
      [Symbol(currentScript)]: null,
      [Symbol(isFirstWrite)]: true,
      [Symbol(isFirstWriteAfterOpen)]: false,
      [Symbol(nodeType)]: 9,
      [Symbol(adoptedStyleSheets)]: [],
      [Symbol(implementation)]: DOMImplementation {},
      [Symbol(readyState)]: 'complete',
      [Symbol(referrer)]: '',
      [Symbol(defaultView)]: [GlobalWindow [EventTarget]],
      [Symbol(forms)]: null,
      [Symbol(links)]: null,
      [Symbol(affectsComputedStyleCache)]: [],
      [Symbol(elementIdMap)]: Map(0) {},
      [Symbol(contentType)]: 'text/html',
      [Symbol(xmlProcessingInstruction)]: null,
      [Symbol(preloads)]: Map(0) {},
      [Symbol(propertyEventListeners)]: Map(0) {},
      [Symbol(selection)]: null,
      [Symbol(timeline)]: DocumentTimeline {}
    },
    [Symbol(window)]: <ref *5> GlobalWindow [EventTarget] {
      Node: [Function],
      Attr: [class Attr extends Node],
      ShadowRoot: [class ShadowRoot extends DocumentFragment],
      ProcessingInstruction: [class ProcessingInstruction extends CharacterData],
      Element: [Function],
      CharacterData: [class CharacterData extends Node],
      DocumentType: [class DocumentType extends Node],
      AnimationTimeline: [class AnimationTimeline],
      DocumentTimeline: [class DocumentTimeline extends AnimationTimeline],
      HTMLAnchorElement: [class HTMLAnchorElement extends HTMLElement],
      HTMLButtonElement: [class HTMLButtonElement extends HTMLElement],
      HTMLOptGroupElement: [class HTMLOptGroupElement extends HTMLElement],
      HTMLOptionElement: [class HTMLOptionElement extends HTMLElement],
      HTMLElement: [Function],
      HTMLUnknownElement: [class HTMLUnknownElement extends HTMLElement],
      HTMLTemplateElement: [class HTMLTemplateElement extends HTMLElement],
      HTMLInputElement: [class HTMLInputElement extends HTMLElement],
      HTMLSelectElement: [class HTMLSelectElement extends HTMLElement],
      HTMLTextAreaElement: [class HTMLTextAreaElement extends HTMLElement],
      HTMLImageElement: [class HTMLImageElement extends HTMLElement],
      HTMLStyleElement: [class HTMLStyleElement extends HTMLElement],
      HTMLLabelElement: [class HTMLLabelElement extends HTMLElement],
      HTMLSlotElement: [class HTMLSlotElement extends HTMLElement],
      HTMLMetaElement: [class HTMLMetaElement extends HTMLElement],
      HTMLMediaElement: [class HTMLMediaElement extends HTMLElement],
      HTMLAudioElement: [class HTMLAudioElement extends HTMLMediaElement],
      HTMLVideoElement: [class HTMLVideoElement extends HTMLMediaElement],
      HTMLBaseElement: [class HTMLBaseElement extends HTMLElement],
      HTMLDialogElement: [class HTMLDialogElement extends HTMLElement],
      HTMLScriptElement: [class HTMLScriptElement extends HTMLElement],
      HTMLLinkElement: [class HTMLLinkElement extends HTMLElement],
      HTMLIFrameElement: [class HTMLIFrameElement extends HTMLElement],
      HTMLFormElement: [class HTMLFormElement extends HTMLElement],
      HTMLUListElement: [class HTMLUListElement extends HTMLElement],
      HTMLTrackElement: [class HTMLTrackElement extends HTMLElement],
      HTMLTableRowElement: [class HTMLTableRowElement extends HTMLElement],
      HTMLTitleElement: [class HTMLTitleElement extends HTMLElement],
      HTMLTimeElement: [class HTMLTimeElement extends HTMLElement],
      HTMLTableSectionElement: [class HTMLTableSectionElement extends HTMLElement],
      HTMLTableCellElement: [class HTMLTableCellElement extends HTMLElement],
      HTMLTableElement: [class HTMLTableElement extends HTMLElement],
      HTMLSpanElement: [class HTMLSpanElement extends HTMLElement],
      HTMLSourceElement: [class HTMLSourceElement extends HTMLElement],
      HTMLQuoteElement: [class HTMLQuoteElement extends HTMLElement],
      HTMLProgressElement: [class HTMLProgressElement extends HTMLElement],
      HTMLPreElement: [class HTMLPreElement extends HTMLElement],
      HTMLPictureElement: [class HTMLPictureElement extends HTMLElement],
      HTMLParamElement: [class HTMLParamElement extends HTMLElement],
      HTMLParagraphElement: [class HTMLParagraphElement extends HTMLElement],
      HTMLOutputElement: [class HTMLOutputElement extends HTMLElement],
      HTMLOListElement: [class HTMLOListElement extends HTMLElement],
      HTMLObjectElement: [class HTMLObjectElement extends HTMLElement],
      HTMLMeterElement: [class HTMLMeterElement extends HTMLElement],
      HTMLMenuElement: [class HTMLMenuElement extends HTMLElement],
      HTMLMapElement: [class HTMLMapElement extends HTMLElement],
      HTMLLIElement: [class HTMLLIElement extends HTMLElement],
      HTMLLegendElement: [class HTMLLegendElement extends HTMLElement],
      HTMLModElement: [class HTMLModElement extends HTMLElement],
      HTMLHtmlElement: [class HTMLHtmlElement extends HTMLElement],
      HTMLHRElement: [class HTMLHRElement extends HTMLElement],
      HTMLHeadElement: [class HTMLHeadElement extends HTMLElement],
      HTMLHeadingElement: [class HTMLHeadingElement extends HTMLElement],
      HTMLFieldSetElement: [class HTMLFieldSetElement extends HTMLElement],
      HTMLEmbedElement: [class HTMLEmbedElement extends HTMLElement],
      HTMLDListElement: [class HTMLDListElement extends HTMLElement],
      HTMLDivElement: [class HTMLDivElement extends HTMLElement],
      HTMLDetailsElement: [class HTMLDetailsElement extends HTMLElement],
      HTMLDataListElement: [class HTMLDataListElement extends HTMLElement],
      HTMLDataElement: [class HTMLDataElement extends HTMLElement],
      HTMLTableColElement: [class HTMLTableColElement extends HTMLElement],
      HTMLTableCaptionElement: [class HTMLTableCaptionElement extends HTMLElement],
      HTMLCanvasElement: [class HTMLCanvasElement extends HTMLElement],
      HTMLBRElement: [class HTMLBRElement extends HTMLElement],
      HTMLBodyElement: [class HTMLBodyElement extends HTMLElement],
      HTMLAreaElement: [class HTMLAreaElement extends HTMLElement],
      SVGSVGElement: [class SVGSVGElement extends SVGGraphicsElement],
      SVGAnimateElement: [class SVGAnimateElement extends SVGAnimationElement],
      SVGAnimateMotionElement: [class SVGAnimateMotionElement extends SVGAnimationElement],
      SVGAnimateTransformElement: [class SVGAnimateTransformElement extends SVGAnimationElement],
      SVGCircleElement: [class SVGCircleElement extends SVGGeometryElement],
      SVGClipPathElement: [class SVGClipPathElement extends SVGElement],
      SVGDefsElement: [class SVGDefsElement extends SVGGraphicsElement],
      SVGDescElement: [class SVGDescElement extends SVGElement],
      SVGEllipseElement: [class SVGEllipseElement extends SVGGeometryElement],
      SVGFEBlendElement: [Function],
      SVGFEColorMatrixElement: [Function],
      SVGFEComponentTransferElement: [class SVGFEComponentTransferElement extends SVGElement],
      SVGFECompositeElement: [Function],
      SVGFEConvolveMatrixElement: [Function],
      SVGFEDiffuseLightingElement: [class SVGFEDiffuseLightingElement extends SVGElement],
      SVGFEDisplacementMapElement: [Function],
      SVGFEDistantLightElement: [class SVGFEDistantLightElement extends SVGElement],
      SVGFEDropShadowElement: [class SVGFEDropShadowElement extends SVGElement],
      SVGFEFloodElement: [class SVGFEFloodElement extends SVGElement],
      SVGFEFuncAElement: [class SVGFEFuncAElement extends SVGComponentTransferFunctionElement],
      SVGFEFuncBElement: [class SVGFEFuncBElement extends SVGComponentTransferFunctionElement],
      SVGFEFuncGElement: [class SVGFEFuncGElement extends SVGComponentTransferFunctionElement],
      SVGFEFuncRElement: [class SVGFEFuncRElement extends SVGComponentTransferFunctionElement],
      SVGFEGaussianBlurElement: [Function],
      SVGFEImageElement: [class SVGFEImageElement extends SVGElement],
      SVGFEMergeElement: [class SVGFEMergeElement extends SVGElement],
      SVGFEMergeNodeElement: [class SVGFEMergeNodeElement extends SVGElement],
      SVGFEMorphologyElement: [Function],
      SVGFEOffsetElement: [class SVGFEOffsetElement extends SVGElement],
      SVGFEPointLightElement: [class SVGFEPointLightElement extends SVGElement],
      SVGFESpecularLightingElement: [class SVGFESpecularLightingElement extends SVGElement],
      SVGFESpotLightElement: [class SVGFESpotLightElement extends SVGElement],
      SVGFETileElement: [class SVGFETileElement extends SVGElement],
      SVGFETurbulenceElement: [Function],
      SVGFilterElement: [class SVGFilterElement extends SVGElement],
      SVGForeignObjectElement: [class SVGForeignObjectElement extends SVGGraphicsElement],
      SVGGElement: [class SVGGElement extends SVGGraphicsElement],
      SVGImageElement: [class SVGImageElement extends SVGGraphicsElement],
      SVGLineElement: [class SVGLineElement extends SVGGeometryElement],
      SVGLinearGradientElement: [class SVGLinearGradientElement extends SVGGradientElement],
      SVGMarkerElement: [Function],
      SVGMaskElement: [class SVGMaskElement extends SVGElement],
      SVGMetadataElement: [class SVGMetadataElement extends SVGElement],
      SVGMPathElement: [class SVGMPathElement extends SVGElement],
      SVGPathElement: [class SVGPathElement extends SVGGeometryElement],
      SVGPatternElement: [class SVGPatternElement extends SVGElement],
      SVGPolygonElement: [class SVGPolygonElement extends SVGGeometryElement],
      SVGPolylineElement: [class SVGPolylineElement extends SVGGeometryElement],
      SVGRadialGradientElement: [class SVGRadialGradientElement extends SVGGradientElement],
      SVGRectElement: [class SVGRectElement extends SVGGeometryElement],
      SVGScriptElement: [class SVGScriptElement extends SVGGraphicsElement],
      SVGSetElement: [class SVGSetElement extends SVGAnimationElement],
      SVGStopElement: [class SVGStopElement extends SVGElement],
      SVGStyleElement: [class SVGStyleElement extends SVGElement],
      SVGSwitchElement: [class SVGSwitchElement extends SVGGraphicsElement],
      SVGSymbolElement: [class SVGSymbolElement extends SVGGraphicsElement],
      SVGTextElement: [class SVGTextElement extends SVGTextPositioningElement],
      SVGTextPathElement: [Function],
      SVGTitleElement: [class SVGTitleElement extends SVGElement],
      SVGTSpanElement: [class SVGTSpanElement extends SVGTextPositioningElement],
      SVGUseElement: [class SVGUseElement extends SVGGraphicsElement],
      SVGViewElement: [class SVGViewElement extends SVGElement],
      SVGElement: [class SVGElement extends Element],
      SVGAnimationElement: [class SVGAnimationElement extends SVGElement],
      SVGComponentTransferFunctionElement: [Function],
      SVGGeometryElement: [class SVGGeometryElement extends SVGGraphicsElement],
      SVGGradientElement: [Function],
      SVGTextPositioningElement: [class SVGTextPositioningElement extends SVGTextContentElement],
      SVGGraphicsElement: [class SVGGraphicsElement extends SVGElement],
      Event: [Function],
      UIEvent: [Function],
      CustomEvent: [class CustomEvent extends Event],
      CloseEvent: [class CloseEvent extends Event],
      AnimationEvent: [class AnimationEvent extends Event],
      KeyboardEvent: [Function],
      MessageEvent: [class MessageEvent extends Event],
      MouseEvent: [class MouseEvent extends UIEvent],
      PointerEvent: [class PointerEvent extends MouseEvent],
      FocusEvent: [class FocusEvent extends UIEvent],
      WheelEvent: [Function],
      InputEvent: [class InputEvent extends UIEvent],
      ErrorEvent: [class ErrorEvent extends UIEvent],
      StorageEvent: [class StorageEvent extends Event],
      SubmitEvent: [class SubmitEvent extends Event],
      ProgressEvent: [class ProgressEvent extends Event],
      MediaQueryListEvent: [class MediaQueryListEvent extends Event],
      HashChangeEvent: [class HashChangeEvent extends Event],
      ClipboardEvent: [class ClipboardEvent extends Event],
      CookieChangeEvent: [class CookieChangeEvent extends Event],
      TouchEvent: [class TouchEvent extends UIEvent],
      PopStateEvent: [class PopStateEvent extends Event],
      Touch: [class Touch],
      AudioProcessingEvent: [Function],
      BeforeInputEvent: [Function],
      BeforeUnloadEvent: [Function],
      BlobEvent: [Function],
      CompositionEvent: [Function],
      CSSFontFaceLoadEvent: [Function],
      DeviceLightEvent: [Function],
      DeviceMotionEvent: [Function],
      DeviceOrientationEvent: [Function],
      DeviceProximityEvent: [Function],
      DOMTransactionEvent: [Function],
      DragEvent: [Function],
      EditingBeforeInputEvent: [Function],
      FetchEvent: [Function],
      GamepadEvent: [Function],
      IDBVersionChangeEvent: [Function],
      MediaStreamEvent: [Function],
      MutationEvent: [Function],
      OfflineAudioCompletionEvent: [Function],
      OverconstrainedError: [Function],
      PageTransitionEvent: [Function],
      PaymentRequestUpdateEvent: [Function],
      RelatedEvent: [Function],
      RTCDataChannelEvent: [Function],
      RTCIdentityErrorEvent: [Function],
      RTCIdentityEvent: [Function],
      RTCPeerConnectionIceEvent: [Function],
      SensorEvent: [Function],
      SVGEvent: [Function],
      SVGZoomEvent: [Function],
      TimeEvent: [Function],
      TrackEvent: [Function],
      TransitionEvent: [Function],
      UserProximityEvent: [Function],
      WebGLContextEvent: [Function],
      TextEvent: [Function],
      Permissions: [class Permissions],
      History: [class History],
      Navigator: [class Navigator],
      Clipboard: [class Clipboard],
      TimeRanges: [class TimeRanges],
      TextTrackCueList: [class TextTrackCueList extends Array],
      ValidityState: [class ValidityState],
      MutationRecord: [class MutationRecord],
      IntersectionObserver: [class IntersectionObserver],
      IntersectionObserverEntry: [class IntersectionObserverEntry],
      CSSStyleDeclaration: [class CSSStyleDeclaration],
      CSSRule: [Function],
      CSSContainerRule: [class CSSContainerRule extends CSSConditionRule],
      CSSFontFaceRule: [class CSSFontFaceRule extends CSSRule],
      CSSKeyframeRule: [class CSSKeyframeRule extends CSSRule],
      CSSKeyframesRule: [class CSSKeyframesRule extends CSSRule],
      CSSMediaRule: [class CSSMediaRule extends CSSConditionRule],
      CSSStyleRule: [class CSSStyleRule extends CSSGroupingRule],
      CSSSupportsRule: [class CSSSupportsRule extends CSSConditionRule],
      CSSConditionRule: [class CSSConditionRule extends CSSGroupingRule],
      CSSGroupingRule: [class CSSGroupingRule extends CSSRule],
      CSSScopeRule: [class CSSScopeRule extends CSSGroupingRule],
      DOMRect: [class DOMRect extends DOMRectReadOnly],
      DOMRectReadOnly: [class DOMRectReadOnly],
      Plugin: [class Plugin],
      PluginArray: [class PluginArray],
      Location: [class Location],
      CustomElementRegistry: [class CustomElementRegistry],
      ResizeObserver: [class ResizeObserver],
      Blob: [class Blob],
      File: [class File extends Blob],
      Storage: [class Storage],
      CookieStore: [class CookieStore extends EventTarget],
      MimeType: [class MimeType],
      MimeTypeArray: [class MimeTypeArray],
      NodeFilter: [Object],
      ImageBitmap: [class ImageBitmap],
      HTMLCollection: [class HTMLCollection],
      HTMLFormControlCollection: [class HTMLFormControlsCollection extends HTMLCollection],
      HTMLOptionsCollection: [class HTMLOptionsCollection extends HTMLCollection],
      NodeList: [class NodeList],
      RadioNodeList: [class RadioNodeList extends NodeList],
      FileList: [class FileList extends Array],
      Screen: [class Screen extends EventTarget],
      ScreenDetails: [class ScreenDetails extends EventTarget],
      ScreenDetailed: [class ScreenDetailed extends Screen],
      NamedNodeMap: [class NamedNodeMap],
      TreeWalker: [class TreeWalker],
      NodeIterator: [class NodeIterator],
      DataTransfer: [class DataTransfer],
      DataTransferItem: [class DataTransferItem],
      DataTransferItemList: [class DataTransferItemList extends Array],
      XMLSerializer: [class XMLSerializer],
      ClipboardItem: [class ClipboardItem],
      Selection: [class Selection],
      CSSUnitValue: [class CSSUnitValue],
      SVGAngle: [Function],
      SVGAnimatedAngle: [class SVGAnimatedAngle],
      SVGAnimatedBoolean: [class SVGAnimatedBoolean],
      SVGAnimatedEnumeration: [class SVGAnimatedEnumeration],
      SVGAnimatedInteger: [class SVGAnimatedInteger],
      SVGAnimatedLength: [class SVGAnimatedLength],
      SVGAnimatedNumber: [class SVGAnimatedNumber],
      SVGAnimatedNumberList: [class SVGAnimatedNumberList],
      SVGAnimatedPreserveAspectRatio: [class SVGAnimatedPreserveAspectRatio],
      SVGAnimatedRect: [class SVGAnimatedRect],
      SVGAnimatedString: [class SVGAnimatedString],
      SVGAnimatedTransformList: [class SVGAnimatedTransformList],
      SVGLength: [Function],
      SVGLengthList: [class SVGLengthList],
      SVGMatrix: [class SVGMatrix],
      SVGNumber: [class SVGNumber],
      SVGNumberList: [class SVGNumberList],
      SVGPoint: [class SVGPoint],
      SVGPointList: [class SVGPointList],
      SVGPreserveAspectRatio: [Function],
      SVGRect: [class SVGRect],
      SVGStringList: [class SVGStringList],
      SVGTransform: [Function],
      SVGTransformList: [class SVGTransformList],
      SVGAnimatedLengthList: [class SVGAnimatedLengthList],
      SVGUnitTypes: [Function],
      StylePropertyMap: [class StylePropertyMap extends StylePropertyMapReadOnly],
      StylePropertyMapReadOnly: [class StylePropertyMapReadOnly],
      MediaList: [class MediaList],
      CSSKeywordValue: [class CSSKeywordValue],
      CSSStyleValue: [class CSSStyleValue],
      Window: [class GlobalWindow extends Window],
      URLSearchParams: [class URLSearchParams],
      WritableStream: [Function],
      ReadableStream: [class ReadableStream],
      TransformStream: [Function: Transform],
      PerformanceObserver: [class PerformanceObserver],
      PerformanceEntry: [class PerformanceEntry],
      PerformanceObserverEntryList: [class PerformanceObserverEntryList],
      document: [HTMLDocument],
      customElements: [CustomElementRegistry],
      window: [Circular *5],
      globalThis: [Circular *5],
      performance: [Performance [EventTarget]],
      screenLeft: 0,
      screenTop: 0,
      screenX: 0,
      screenY: 0,
      crypto: Crypto {},
      TextEncoder: [class TextEncoder],
      TextDecoder: [class TextDecoder],
      closed: false,
      console: [Console [console]],
      name: '',
      Buffer: [Function],
      Document: [class Document extends Document],
      HTMLDocument: [class HTMLDocument extends HTMLDocument],
      XMLDocument: [class XMLDocument extends XMLDocument],
      DocumentFragment: [class DocumentFragment extends DocumentFragment],
      Text: [class Text extends Text],
      Comment: [class Comment extends Comment],
      Image: [class Image extends Image],
      Audio: [class Audio extends Audio],
      MutationObserver: [class MutationObserver extends MutationObserver],
      MessagePort: [class MessagePort extends MessagePort],
      CSSStyleSheet: [class CSSStyleSheet extends CSSStyleSheet],
      DOMException: [class DOMException extends DOMException],
      Headers: [class Headers extends Headers],
      Request: [class Request extends Request],
      Response: [Function],
      EventTarget: [class EventTarget extends EventTarget],
      XMLHttpRequestUpload: [class XMLHttpRequestUpload extends XMLHttpRequestUpload],
      XMLHttpRequestEventTarget: [class XMLHttpRequestEventTarget extends XMLHttpRequestEventTarget],
      AbortController: [class AbortController extends AbortController],
      AbortSignal: [Function],
      FormData: [class FormData extends FormData],
      PermissionStatus: [class PermissionStatus extends PermissionStatus],
      XMLHttpRequest: [class XMLHttpRequest extends XMLHttpRequest],
      DOMParser: [class DOMParser extends DOMParser],
      Range: [class Range extends Range],
      VTTCue: [class VTTCue extends VTTCue],
      TextTrack: [class TextTrack extends TextTrack],
      TextTrackList: [class TextTrackList extends TextTrackList],
      TextTrackCue: [class TextTrackCue extends TextTrackCue],
      RemotePlayback: [class RemotePlayback extends RemotePlayback],
      FileReader: [class FileReader extends FileReader],
      MediaStream: [class MediaStream extends MediaStream],
      MediaStreamTrack: [class MediaStreamTrack extends MediaStreamTrack],
      CanvasCaptureMediaStreamTrack: [class CanvasCaptureMediaStreamTrack extends CanvasCaptureMediaStreamTrack],
      URL: [class URL extends URL],
      WebSocket: [class WebSocket extends WebSocket],
      ImageData: [class ImageData extends ImageData],
      OffscreenCanvas: [class OffscreenCanvas extends OffscreenCanvas],
      DOMMatrixReadOnly: [class DOMMatrixReadOnly extends DOMMatrixReadOnly],
      DOMMatrix: [class DOMMatrix extends DOMMatrix],
      DOMPointReadOnly: [class DOMPointReadOnly extends DOMPointReadOnly],
      DOMPoint: [class DOMPoint extends DOMPoint],
      Animation: [class Animation extends Animation],
      KeyframeEffect: [class KeyframeEffect extends KeyframeEffect],
      happyDOM: DetachedWindowAPI {},
      Array: [Function: Array],
      ArrayBuffer: [Function: ArrayBuffer],
      Boolean: [Function: Boolean],
      DataView: [Function: DataView],
      Date: [Function: Date],
      Error: [Function],
      EvalError: [Function: EvalError],
      Float32Array: [Function: Float32Array],
      Float64Array: [Function: Float64Array],
      Function: [Function: Function],
      Infinity: Infinity,
      Int16Array: [Function: Int16Array],
      Int32Array: [Function: Int32Array],
      Int8Array: [Function: Int8Array],
      Intl: Object [Intl] {},
      JSON: Object [JSON] {},
      Map: [Function: Map],
      Math: Object [Math] {},
      NaN: NaN,
      Number: [Function: Number],
      Object: [Function: Object],
      Promise: [Function: Promise],
      RangeError: [Function: RangeError],
      ReferenceError: [Function: ReferenceError],
      RegExp: [Function: RegExp],
      Set: [Function: Set],
      String: [Function: String],
      Symbol: [Function],
      SyntaxError: [Function: SyntaxError],
      TypeError: [Function: TypeError],
      URIError: [Function: URIError],
      Uint16Array: [Function: Uint16Array],
      Uint32Array: [Function: Uint32Array],
      Uint8Array: [Function: Uint8Array],
      Uint8ClampedArray: [Function: Uint8ClampedArray],
      WeakMap: [Function: WeakMap],
      WeakSet: [Function: WeakSet],
      decodeURI: [Function: decodeURI],
      decodeURIComponent: [Function: decodeURIComponent],
      encodeURI: [Function: encodeURI],
      encodeURIComponent: [Function: encodeURIComponent],
      eval: [Function: eval],
      escape: [Function: escape],
      global: [Object [global]],
      isFinite: [Function: isFinite],
      isNaN: [Function: isNaN],
      parseFloat: [Function: parseFloat],
      parseInt: [Function: parseInt],
      undefined: undefined,
      unescape: [Function: unescape],
      [Symbol(listeners)]: [Object],
      [Symbol(listenerOptions)]: [Object],
      [Symbol(mutationObservers)]: [],
      [Symbol(readyStateManager)]: DocumentReadyStateManager {},
      [Symbol(location)]: [Location],
      [Symbol(history)]: History {},
      [Symbol(navigator)]: Navigator {},
      [Symbol(screen)]: [Screen [EventTarget]],
      [Symbol(sessionStorage)]: [Storage],
      [Symbol(localStorage)]: [Storage],
      [Symbol(cookieStore)]: [CookieStore [EventTarget]],
      [Symbol(self)]: [Circular *5],
      [Symbol(top)]: [Circular *5],
      [Symbol(parent)]: [Circular *5],
      [Symbol(window)]: [Circular *5],
      [Symbol(frames)]: [Circular *5],
      [Symbol(internalId)]: 0,
      [Symbol(customElementReactionStack)]: [CustomElementReactionStack],
      [Symbol(modules)]: [Object],
      [Symbol(moduleImportMap)]: null,
      [Symbol(openWebSockets)]: [],
      [Symbol(propertyEventListeners)]: Map(0) {},
      [Symbol(querySelectorCache)]: Map(0) {}
    },
    [Symbol(classList)]: null,
    [Symbol(isValue)]: null,
    [Symbol(nodeType)]: 1,
    [Symbol(prefix)]: null,
    [Symbol(shadowRoot)]: null,
    [Symbol(scrollHeight)]: 0,
    [Symbol(scrollWidth)]: 0,
    [Symbol(scrollTop)]: 0,
    [Symbol(scrollLeft)]: 0,
    [Symbol(attributes)]: NamedNodeMap {
      [Symbol(itemsByNamespaceURI)]: Map(0) {},
      [Symbol(itemsByName)]: Map(0) {},
      [Symbol(items)]: Map(0) {},
      [Symbol(ownerElement)]: [Circular *3]
    },
    [Symbol(attributesProxy)]: null,
    [Symbol(children)]: null,
    [Symbol(computedStyle)]: null,
    [Symbol(pointerCaptures)]: Set(0) {},
    [Symbol(propertyEventListeners)]: Map(0) {},
    [Symbol(animations)]: [],
    [Symbol(tagName)]: 'DIV',
    [Symbol(localName)]: 'div',
    [Symbol(namespaceURI)]: 'http://www.w3.org/1999/xhtml',
    [Symbol(accessKey)]: '',
    [Symbol(offsetHeight)]: 0,
    [Symbol(offsetWidth)]: 0,
    [Symbol(offsetLeft)]: 0,
    [Symbol(offsetTop)]: 0,
    [Symbol(clientHeight)]: 0,
    [Symbol(clientWidth)]: 0,
    [Symbol(clientLeft)]: 0,
    [Symbol(clientTop)]: 0,
    [Symbol(style)]: null,
    [Symbol(dataset)]: null,
    [Symbol(customElementDefineCallback)]: null
  },
  [Symbol(rootNode)]: <ref *4> HTMLDocument {
    defaultView: [Getter],
    _reactListening7defm8ungkm: true,
    [Symbol(listeners)]: { bubbling: [Map], capturing: Map(0) {} },
    [Symbol(listenerOptions)]: { bubbling: [Map], capturing: Map(0) {} },
    [Symbol(isConnected)]: true,
    [Symbol(parentNode)]: null,
    [Symbol(rootNode)]: [Circular *4],
    [Symbol(styleNode)]: null,
    [Symbol(textAreaNode)]: null,
    [Symbol(formNode)]: null,
    [Symbol(selectNode)]: null,
    [Symbol(mutationListeners)]: [],
    [Symbol(nodeArray)]: [ [HTMLHtmlElement] ],
    [Symbol(elementArray)]: [ [HTMLHtmlElement] ],
    [Symbol(childNodes)]: null,
    [Symbol(assignedToSlot)]: null,
    [Symbol(cache)]: {
      querySelector: Map(0) {},
      querySelectorAll: Map(0) {},
      matches: Map(0) {},
      elementsByTagName: Map(0) {},
      elementsByTagNameNS: Map(0) {},
      elementByTagName: Map(0) {},
      elementById: Map(0) {},
      computedStyle: null
    },
    [Symbol(affectsCache)]: [],
    [Symbol(ownerDocument)]: null,
    [Symbol(children)]: null,
    [Symbol(activeElement)]: null,
    [Symbol(nextActiveElement)]: null,
    [Symbol(currentScript)]: null,
    [Symbol(isFirstWrite)]: true,
    [Symbol(isFirstWriteAfterOpen)]: false,
    [Symbol(nodeType)]: 9,
    [Symbol(adoptedStyleSheets)]: [],
    [Symbol(implementation)]: DOMImplementation {},
    [Symbol(readyState)]: 'complete',
    [Symbol(referrer)]: '',
    [Symbol(defaultView)]: <ref *5> GlobalWindow [EventTarget] {
      Node: [Function],
      Attr: [class Attr extends Node],
      ShadowRoot: [class ShadowRoot extends DocumentFragment],
      ProcessingInstruction: [class ProcessingInstruction extends CharacterData],
      Element: [Function],
      CharacterData: [class CharacterData extends Node],
      DocumentType: [class DocumentType extends Node],
      AnimationTimeline: [class AnimationTimeline],
      DocumentTimeline: [class DocumentTimeline extends AnimationTimeline],
      HTMLAnchorElement: [class HTMLAnchorElement extends HTMLElement],
      HTMLButtonElement: [class HTMLButtonElement extends HTMLElement],
      HTMLOptGroupElement: [class HTMLOptGroupElement extends HTMLElement],
      HTMLOptionElement: [class HTMLOptionElement extends HTMLElement],
      HTMLElement: [Function],
      HTMLUnknownElement: [class HTMLUnknownElement extends HTMLElement],
      HTMLTemplateElement: [class HTMLTemplateElement extends HTMLElement],
      HTMLInputElement: [class HTMLInputElement extends HTMLElement],
      HTMLSelectElement: [class HTMLSelectElement extends HTMLElement],
      HTMLTextAreaElement: [class HTMLTextAreaElement extends HTMLElement],
      HTMLImageElement: [class HTMLImageElement extends HTMLElement],
      HTMLStyleElement: [class HTMLStyleElement extends HTMLElement],
      HTMLLabelElement: [class HTMLLabelElement extends HTMLElement],
      HTMLSlotElement: [class HTMLSlotElement extends HTMLElement],
      HTMLMetaElement: [class HTMLMetaElement extends HTMLElement],
      HTMLMediaElement: [class HTMLMediaElement extends HTMLElement],
      HTMLAudioElement: [class HTMLAudioElement extends HTMLMediaElement],
      HTMLVideoElement: [class HTMLVideoElement extends HTMLMediaElement],
      HTMLBaseElement: [class HTMLBaseElement extends HTMLElement],
      HTMLDialogElement: [class HTMLDialogElement extends HTMLElement],
      HTMLScriptElement: [class HTMLScriptElement extends HTMLElement],
      HTMLLinkElement: [class HTMLLinkElement extends HTMLElement],
      HTMLIFrameElement: [class HTMLIFrameElement extends HTMLElement],
      HTMLFormElement: [class HTMLFormElement extends HTMLElement],
      HTMLUListElement: [class HTMLUListElement extends HTMLElement],
      HTMLTrackElement: [class HTMLTrackElement extends HTMLElement],
      HTMLTableRowElement: [class HTMLTableRowElement extends HTMLElement],
      HTMLTitleElement: [class HTMLTitleElement extends HTMLElement],
      HTMLTimeElement: [class HTMLTimeElement extends HTMLElement],
      HTMLTableSectionElement: [class HTMLTableSectionElement extends HTMLElement],
      HTMLTableCellElement: [class HTMLTableCellElement extends HTMLElement],
      HTMLTableElement: [class HTMLTableElement extends HTMLElement],
      HTMLSpanElement: [class HTMLSpanElement extends HTMLElement],
      HTMLSourceElement: [class HTMLSourceElement extends HTMLElement],
      HTMLQuoteElement: [class HTMLQuoteElement extends HTMLElement],
      HTMLProgressElement: [class HTMLProgressElement extends HTMLElement],
      HTMLPreElement: [class HTMLPreElement extends HTMLElement],
      HTMLPictureElement: [class HTMLPictureElement extends HTMLElement],
      HTMLParamElement: [class HTMLParamElement extends HTMLElement],
      HTMLParagraphElement: [class HTMLParagraphElement extends HTMLElement],
      HTMLOutputElement: [class HTMLOutputElement extends HTMLElement],
      HTMLOListElement: [class HTMLOListElement extends HTMLElement],
      HTMLObjectElement: [class HTMLObjectElement extends HTMLElement],
      HTMLMeterElement: [class HTMLMeterElement extends HTMLElement],
      HTMLMenuElement: [class HTMLMenuElement extends HTMLElement],
      HTMLMapElement: [class HTMLMapElement extends HTMLElement],
      HTMLLIElement: [class HTMLLIElement extends HTMLElement],
      HTMLLegendElement: [class HTMLLegendElement extends HTMLElement],
      HTMLModElement: [class HTMLModElement extends HTMLElement],
      HTMLHtmlElement: [class HTMLHtmlElement extends HTMLElement],
      HTMLHRElement: [class HTMLHRElement extends HTMLElement],
      HTMLHeadElement: [class HTMLHeadElement extends HTMLElement],
      HTMLHeadingElement: [class HTMLHeadingElement extends HTMLElement],
      HTMLFieldSetElement: [class HTMLFieldSetElement extends HTMLElement],
      HTMLEmbedElement: [class HTMLEmbedElement extends HTMLElement],
      HTMLDListElement: [class HTMLDListElement extends HTMLElement],
      HTMLDivElement: [class HTMLDivElement extends HTMLElement],
      HTMLDetailsElement: [class HTMLDetailsElement extends HTMLElement],
      HTMLDataListElement: [class HTMLDataListElement extends HTMLElement],
      HTMLDataElement: [class HTMLDataElement extends HTMLElement],
      HTMLTableColElement: [class HTMLTableColElement extends HTMLElement],
      HTMLTableCaptionElement: [class HTMLTableCaptionElement extends HTMLElement],
      HTMLCanvasElement: [class HTMLCanvasElement extends HTMLElement],
      HTMLBRElement: [class HTMLBRElement extends HTMLElement],
      HTMLBodyElement: [class HTMLBodyElement extends HTMLElement],
      HTMLAreaElement: [class HTMLAreaElement extends HTMLElement],
      SVGSVGElement: [class SVGSVGElement extends SVGGraphicsElement],
      SVGAnimateElement: [class SVGAnimateElement extends SVGAnimationElement],
      SVGAnimateMotionElement: [class SVGAnimateMotionElement extends SVGAnimationElement],
      SVGAnimateTransformElement: [class SVGAnimateTransformElement extends SVGAnimationElement],
      SVGCircleElement: [class SVGCircleElement extends SVGGeometryElement],
      SVGClipPathElement: [class SVGClipPathElement extends SVGElement],
      SVGDefsElement: [class SVGDefsElement extends SVGGraphicsElement],
      SVGDescElement: [class SVGDescElement extends SVGElement],
      SVGEllipseElement: [class SVGEllipseElement extends SVGGeometryElement],
      SVGFEBlendElement: [Function],
      SVGFEColorMatrixElement: [Function],
      SVGFEComponentTransferElement: [class SVGFEComponentTransferElement extends SVGElement],
      SVGFECompositeElement: [Function],
      SVGFEConvolveMatrixElement: [Function],
      SVGFEDiffuseLightingElement: [class SVGFEDiffuseLightingElement extends SVGElement],
      SVGFEDisplacementMapElement: [Function],
      SVGFEDistantLightElement: [class SVGFEDistantLightElement extends SVGElement],
      SVGFEDropShadowElement: [class SVGFEDropShadowElement extends SVGElement],
      SVGFEFloodElement: [class SVGFEFloodElement extends SVGElement],
      SVGFEFuncAElement: [class SVGFEFuncAElement extends SVGComponentTransferFunctionElement],
      SVGFEFuncBElement: [class SVGFEFuncBElement extends SVGComponentTransferFunctionElement],
      SVGFEFuncGElement: [class SVGFEFuncGElement extends SVGComponentTransferFunctionElement],
      SVGFEFuncRElement: [class SVGFEFuncRElement extends SVGComponentTransferFunctionElement],
      SVGFEGaussianBlurElement: [Function],
      SVGFEImageElement: [class SVGFEImageElement extends SVGElement],
      SVGFEMergeElement: [class SVGFEMergeElement extends SVGElement],
      SVGFEMergeNodeElement: [class SVGFEMergeNodeElement extends SVGElement],
      SVGFEMorphologyElement: [Function],
      SVGFEOffsetElement: [class SVGFEOffsetElement extends SVGElement],
      SVGFEPointLightElement: [class SVGFEPointLightElement extends SVGElement],
      SVGFESpecularLightingElement: [class SVGFESpecularLightingElement extends SVGElement],
      SVGFESpotLightElement: [class SVGFESpotLightElement extends SVGElement],
      SVGFETileElement: [class SVGFETileElement extends SVGElement],
      SVGFETurbulenceElement: [Function],
      SVGFilterElement: [class SVGFilterElement extends SVGElement],
      SVGForeignObjectElement: [class SVGForeignObjectElement extends SVGGraphicsElement],
      SVGGElement: [class SVGGElement extends SVGGraphicsElement],
      SVGImageElement: [class SVGImageElement extends SVGGraphicsElement],
      SVGLineElement: [class SVGLineElement extends SVGGeometryElement],
      SVGLinearGradientElement: [class SVGLinearGradientElement extends SVGGradientElement],
      SVGMarkerElement: [Function],
      SVGMaskElement: [class SVGMaskElement extends SVGElement],
      SVGMetadataElement: [class SVGMetadataElement extends SVGElement],
      SVGMPathElement: [class SVGMPathElement extends SVGElement],
      SVGPathElement: [class SVGPathElement extends SVGGeometryElement],
      SVGPatternElement: [class SVGPatternElement extends SVGElement],
      SVGPolygonElement: [class SVGPolygonElement extends SVGGeometryElement],
      SVGPolylineElement: [class SVGPolylineElement extends SVGGeometryElement],
      SVGRadialGradientElement: [class SVGRadialGradientElement extends SVGGradientElement],
      SVGRectElement: [class SVGRectElement extends SVGGeometryElement],
      SVGScriptElement: [class SVGScriptElement extends SVGGraphicsElement],
      SVGSetElement: [class SVGSetElement extends SVGAnimationElement],
      SVGStopElement: [class SVGStopElement extends SVGElement],
      SVGStyleElement: [class SVGStyleElement extends SVGElement],
      SVGSwitchElement: [class SVGSwitchElement extends SVGGraphicsElement],
      SVGSymbolElement: [class SVGSymbolElement extends SVGGraphicsElement],
      SVGTextElement: [class SVGTextElement extends SVGTextPositioningElement],
      SVGTextPathElement: [Function],
      SVGTitleElement: [class SVGTitleElement extends SVGElement],
      SVGTSpanElement: [class SVGTSpanElement extends SVGTextPositioningElement],
      SVGUseElement: [class SVGUseElement extends SVGGraphicsElement],
      SVGViewElement: [class SVGViewElement extends SVGElement],
      SVGElement: [class SVGElement extends Element],
      SVGAnimationElement: [class SVGAnimationElement extends SVGElement],
      SVGComponentTransferFunctionElement: [Function],
      SVGGeometryElement: [class SVGGeometryElement extends SVGGraphicsElement],
      SVGGradientElement: [Function],
      SVGTextPositioningElement: [class SVGTextPositioningElement extends SVGTextContentElement],
      SVGGraphicsElement: [class SVGGraphicsElement extends SVGElement],
      Event: [Function],
      UIEvent: [Function],
      CustomEvent: [class CustomEvent extends Event],
      CloseEvent: [class CloseEvent extends Event],
      AnimationEvent: [class AnimationEvent extends Event],
      KeyboardEvent: [Function],
      MessageEvent: [class MessageEvent extends Event],
      MouseEvent: [class MouseEvent extends UIEvent],
      PointerEvent: [class PointerEvent extends MouseEvent],
      FocusEvent: [class FocusEvent extends UIEvent],
      WheelEvent: [Function],
      InputEvent: [class InputEvent extends UIEvent],
      ErrorEvent: [class ErrorEvent extends UIEvent],
      StorageEvent: [class StorageEvent extends Event],
      SubmitEvent: [class SubmitEvent extends Event],
      ProgressEvent: [class ProgressEvent extends Event],
      MediaQueryListEvent: [class MediaQueryListEvent extends Event],
      HashChangeEvent: [class HashChangeEvent extends Event],
      ClipboardEvent: [class ClipboardEvent extends Event],
      CookieChangeEvent: [class CookieChangeEvent extends Event],
      TouchEvent: [class TouchEvent extends UIEvent],
      PopStateEvent: [class PopStateEvent extends Event],
      Touch: [class Touch],
      AudioProcessingEvent: [Function],
      BeforeInputEvent: [Function],
      BeforeUnloadEvent: [Function],
      BlobEvent: [Function],
      CompositionEvent: [Function],
      CSSFontFaceLoadEvent: [Function],
      DeviceLightEvent: [Function],
      DeviceMotionEvent: [Function],
      DeviceOrientationEvent: [Function],
      DeviceProximityEvent: [Function],
      DOMTransactionEvent: [Function],
      DragEvent: [Function],
      EditingBeforeInputEvent: [Function],
      FetchEvent: [Function],
      GamepadEvent: [Function],
      IDBVersionChangeEvent: [Function],
      MediaStreamEvent: [Function],
      MutationEvent: [Function],
      OfflineAudioCompletionEvent: [Function],
      OverconstrainedError: [Function],
      PageTransitionEvent: [Function],
      PaymentRequestUpdateEvent: [Function],
      RelatedEvent: [Function],
      RTCDataChannelEvent: [Function],
      RTCIdentityErrorEvent: [Function],
      RTCIdentityEvent: [Function],
      RTCPeerConnectionIceEvent: [Function],
      SensorEvent: [Function],
      SVGEvent: [Function],
      SVGZoomEvent: [Function],
      TimeEvent: [Function],
      TrackEvent: [Function],
      TransitionEvent: [Function],
      UserProximityEvent: [Function],
      WebGLContextEvent: [Function],
      TextEvent: [Function],
      Permissions: [class Permissions],
      History: [class History],
      Navigator: [class Navigator],
      Clipboard: [class Clipboard],
      TimeRanges: [class TimeRanges],
      TextTrackCueList: [class TextTrackCueList extends Array],
      ValidityState: [class ValidityState],
      MutationRecord: [class MutationRecord],
      IntersectionObserver: [class IntersectionObserver],
      IntersectionObserverEntry: [class IntersectionObserverEntry],
      CSSStyleDeclaration: [class CSSStyleDeclaration],
      CSSRule: [Function],
      CSSContainerRule: [class CSSContainerRule extends CSSConditionRule],
      CSSFontFaceRule: [class CSSFontFaceRule extends CSSRule],
      CSSKeyframeRule: [class CSSKeyframeRule extends CSSRule],
      CSSKeyframesRule: [class CSSKeyframesRule extends CSSRule],
      CSSMediaRule: [class CSSMediaRule extends CSSConditionRule],
      CSSStyleRule: [class CSSStyleRule extends CSSGroupingRule],
      CSSSupportsRule: [class CSSSupportsRule extends CSSConditionRule],
      CSSConditionRule: [class CSSConditionRule extends CSSGroupingRule],
      CSSGroupingRule: [class CSSGroupingRule extends CSSRule],
      CSSScopeRule: [class CSSScopeRule extends CSSGroupingRule],
      DOMRect: [class DOMRect extends DOMRectReadOnly],
      DOMRectReadOnly: [class DOMRectReadOnly],
      Plugin: [class Plugin],
      PluginArray: [class PluginArray],
      Location: [class Location],
      CustomElementRegistry: [class CustomElementRegistry],
      ResizeObserver: [class ResizeObserver],
      Blob: [class Blob],
      File: [class File extends Blob],
      Storage: [class Storage],
      CookieStore: [class CookieStore extends EventTarget],
      MimeType: [class MimeType],
      MimeTypeArray: [class MimeTypeArray],
      NodeFilter: [Object],
      ImageBitmap: [class ImageBitmap],
      HTMLCollection: [class HTMLCollection],
      HTMLFormControlCollection: [class HTMLFormControlsCollection extends HTMLCollection],
      HTMLOptionsCollection: [class HTMLOptionsCollection extends HTMLCollection],
      NodeList: [class NodeList],
      RadioNodeList: [class RadioNodeList extends NodeList],
      FileList: [class FileList extends Array],
      Screen: [class Screen extends EventTarget],
      ScreenDetails: [class ScreenDetails extends EventTarget],
      ScreenDetailed: [class ScreenDetailed extends Screen],
      NamedNodeMap: [class NamedNodeMap],
      TreeWalker: [class TreeWalker],
      NodeIterator: [class NodeIterator],
      DataTransfer: [class DataTransfer],
      DataTransferItem: [class DataTransferItem],
      DataTransferItemList: [class DataTransferItemList extends Array],
      XMLSerializer: [class XMLSerializer],
      ClipboardItem: [class ClipboardItem],
      Selection: [class Selection],
      CSSUnitValue: [class CSSUnitValue],
      SVGAngle: [Function],
      SVGAnimatedAngle: [class SVGAnimatedAngle],
      SVGAnimatedBoolean: [class SVGAnimatedBoolean],
      SVGAnimatedEnumeration: [class SVGAnimatedEnumeration],
      SVGAnimatedInteger: [class SVGAnimatedInteger],
      SVGAnimatedLength: [class SVGAnimatedLength],
      SVGAnimatedNumber: [class SVGAnimatedNumber],
      SVGAnimatedNumberList: [class SVGAnimatedNumberList],
      SVGAnimatedPreserveAspectRatio: [class SVGAnimatedPreserveAspectRatio],
      SVGAnimatedRect: [class SVGAnimatedRect],
      SVGAnimatedString: [class SVGAnimatedString],
      SVGAnimatedTransformList: [class SVGAnimatedTransformList],
      SVGLength: [Function],
      SVGLengthList: [class SVGLengthList],
      SVGMatrix: [class SVGMatrix],
      SVGNumber: [class SVGNumber],
      SVGNumberList: [class SVGNumberList],
      SVGPoint: [class SVGPoint],
      SVGPointList: [class SVGPointList],
      SVGPreserveAspectRatio: [Function],
      SVGRect: [class SVGRect],
      SVGStringList: [class SVGStringList],
      SVGTransform: [Function],
      SVGTransformList: [class SVGTransformList],
      SVGAnimatedLengthList: [class SVGAnimatedLengthList],
      SVGUnitTypes: [Function],
      StylePropertyMap: [class StylePropertyMap extends StylePropertyMapReadOnly],
      StylePropertyMapReadOnly: [class StylePropertyMapReadOnly],
      MediaList: [class MediaList],
      CSSKeywordValue: [class CSSKeywordValue],
      CSSStyleValue: [class CSSStyleValue],
      Window: [class GlobalWindow extends Window],
      URLSearchParams: [class URLSearchParams],
      WritableStream: [Function],
      ReadableStream: [class ReadableStream],
      TransformStream: [Function: Transform],
      PerformanceObserver: [class PerformanceObserver],
      PerformanceEntry: [class PerformanceEntry],
      PerformanceObserverEntryList: [class PerformanceObserverEntryList],
      document: [Circular *4],
      customElements: [CustomElementRegistry],
      window: [Circular *5],
      globalThis: [Circular *5],
      performance: [Performance [EventTarget]],
      screenLeft: 0,
      screenTop: 0,
      screenX: 0,
      screenY: 0,
      crypto: Crypto {},
      TextEncoder: [class TextEncoder],
      TextDecoder: [class TextDecoder],
      closed: false,
      console: [Console [console]],
      name: '',
      Buffer: [Function],
      Document: [class Document extends Document],
      HTMLDocument: [class HTMLDocument extends HTMLDocument],
      XMLDocument: [class XMLDocument extends XMLDocument],
      DocumentFragment: [class DocumentFragment extends DocumentFragment],
      Text: [class Text extends Text],
      Comment: [class Comment extends Comment],
      Image: [class Image extends Image],
      Audio: [class Audio extends Audio],
      MutationObserver: [class MutationObserver extends MutationObserver],
      MessagePort: [class MessagePort extends MessagePort],
      CSSStyleSheet: [class CSSStyleSheet extends CSSStyleSheet],
      DOMException: [class DOMException extends DOMException],
      Headers: [class Headers extends Headers],
      Request: [class Request extends Request],
      Response: [Function],
      EventTarget: [class EventTarget extends EventTarget],
      XMLHttpRequestUpload: [class XMLHttpRequestUpload extends XMLHttpRequestUpload],
      XMLHttpRequestEventTarget: [class XMLHttpRequestEventTarget extends XMLHttpRequestEventTarget],
      AbortController: [class AbortController extends AbortController],
      AbortSignal: [Function],
      FormData: [class FormData extends FormData],
      PermissionStatus: [class PermissionStatus extends PermissionStatus],
      XMLHttpRequest: [class XMLHttpRequest extends XMLHttpRequest],
      DOMParser: [class DOMParser extends DOMParser],
      Range: [class Range extends Range],
      VTTCue: [class VTTCue extends VTTCue],
      TextTrack: [class TextTrack extends TextTrack],
      TextTrackList: [class TextTrackList extends TextTrackList],
      TextTrackCue: [class TextTrackCue extends TextTrackCue],
      RemotePlayback: [class RemotePlayback extends RemotePlayback],
      FileReader: [class FileReader extends FileReader],
      MediaStream: [class MediaStream extends MediaStream],
      MediaStreamTrack: [class MediaStreamTrack extends MediaStreamTrack],
      CanvasCaptureMediaStreamTrack: [class CanvasCaptureMediaStreamTrack extends CanvasCaptureMediaStreamTrack],
      URL: [class URL extends URL],
      WebSocket: [class WebSocket extends WebSocket],
      ImageData: [class ImageData extends ImageData],
      OffscreenCanvas: [class OffscreenCanvas extends OffscreenCanvas],
      DOMMatrixReadOnly: [class DOMMatrixReadOnly extends DOMMatrixReadOnly],
      DOMMatrix: [class DOMMatrix extends DOMMatrix],
      DOMPointReadOnly: [class DOMPointReadOnly extends DOMPointReadOnly],
      DOMPoint: [class DOMPoint extends DOMPoint],
      Animation: [class Animation extends Animation],
      KeyframeEffect: [class KeyframeEffect extends KeyframeEffect],
      happyDOM: DetachedWindowAPI {},
      Array: [Function: Array],
      ArrayBuffer: [Function: ArrayBuffer],
      Boolean: [Function: Boolean],
      DataView: [Function: DataView],
      Date: [Function: Date],
      Error: [Function],
      EvalError: [Function: EvalError],
      Float32Array: [Function: Float32Array],
      Float64Array: [Function: Float64Array],
      Function: [Function: Function],
      Infinity: Infinity,
      Int16Array: [Function: Int16Array],
      Int32Array: [Function: Int32Array],
      Int8Array: [Function: Int8Array],
      Intl: Object [Intl] {},
      JSON: Object [JSON] {},
      Map: [Function: Map],
      Math: Object [Math] {},
      NaN: NaN,
      Number: [Function: Number],
      Object: [Function: Object],
      Promise: [Function: Promise],
      RangeError: [Function: RangeError],
      ReferenceError: [Function: ReferenceError],
      RegExp: [Function: RegExp],
      Set: [Function: Set],
      String: [Function: String],
      Symbol: [Function],
      SyntaxError: [Function: SyntaxError],
      TypeError: [Function: TypeError],
      URIError: [Function: URIError],
      Uint16Array: [Function: Uint16Array],
      Uint32Array: [Function: Uint32Array],
      Uint8Array: [Function: Uint8Array],
      Uint8ClampedArray: [Function: Uint8ClampedArray],
      WeakMap: [Function: WeakMap],
      WeakSet: [Function: WeakSet],
      decodeURI: [Function: decodeURI],
      decodeURIComponent: [Function: decodeURIComponent],
      encodeURI: [Function: encodeURI],
      encodeURIComponent: [Function: encodeURIComponent],
      eval: [Function: eval],
      escape: [Function: escape],
      global: [Object [global]],
      isFinite: [Function: isFinite],
      isNaN: [Function: isNaN],
      parseFloat: [Function: parseFloat],
      parseInt: [Function: parseInt],
      undefined: undefined,
      unescape: [Function: unescape],
      [Symbol(listeners)]: [Object],
      [Symbol(listenerOptions)]: [Object],
      [Symbol(mutationObservers)]: [],
      [Symbol(readyStateManager)]: DocumentReadyStateManager {},
      [Symbol(location)]: [Location],
      [Symbol(history)]: History {},
      [Symbol(navigator)]: Navigator {},
      [Symbol(screen)]: [Screen [EventTarget]],
      [Symbol(sessionStorage)]: [Storage],
      [Symbol(localStorage)]: [Storage],
      [Symbol(cookieStore)]: [CookieStore [EventTarget]],
      [Symbol(self)]: [Circular *5],
      [Symbol(top)]: [Circular *5],
      [Symbol(parent)]: [Circular *5],
      [Symbol(window)]: [Circular *5],
      [Symbol(frames)]: [Circular *5],
      [Symbol(internalId)]: 0,
      [Symbol(customElementReactionStack)]: [CustomElementReactionStack],
      [Symbol(modules)]: [Object],
      [Symbol(moduleImportMap)]: null,
      [Symbol(openWebSockets)]: [],
      [Symbol(propertyEventListeners)]: Map(0) {},
      [Symbol(querySelectorCache)]: Map(0) {}
    },
    [Symbol(forms)]: null,
    [Symbol(links)]: null,
    [Symbol(affectsComputedStyleCache)]: [],
    [Symbol(elementIdMap)]: Map(0) {},
    [Symbol(contentType)]: 'text/html',
    [Symbol(xmlProcessingInstruction)]: null,
    [Symbol(preloads)]: Map(0) {},
    [Symbol(propertyEventListeners)]: Map(0) {},
    [Symbol(selection)]: null,
    [Symbol(timeline)]: DocumentTimeline {}
  },
  [Symbol(styleNode)]: null,
  [Symbol(textAreaNode)]: null,
  [Symbol(formNode)]: null,
  [Symbol(selectNode)]: null,
  [Symbol(mutationListeners)]: [],
  [Symbol(nodeArray)]: [],
  [Symbol(elementArray)]: [],
  [Symbol(childNodes)]: null,
  [Symbol(assignedToSlot)]: null,
  [Symbol(cache)]: {
    querySelector: Map(0) {},
    querySelectorAll: Map(0) {},
    matches: Map(0) {},
    elementsByTagName: Map(0) {},
    elementsByTagNameNS: Map(0) {},
    elementByTagName: Map(0) {},
    elementById: Map(0) {},
    computedStyle: null
  },
  [Symbol(affectsCache)]: [],
  [Symbol(ownerDocument)]: <ref *4> HTMLDocument {
    defaultView: [Getter],
    _reactListening7defm8ungkm: true,
    [Symbol(listeners)]: { bubbling: [Map], capturing: Map(0) {} },
    [Symbol(listenerOptions)]: { bubbling: [Map], capturing: Map(0) {} },
    [Symbol(isConnected)]: true,
    [Symbol(parentNode)]: null,
    [Symbol(rootNode)]: [Circular *4],
    [Symbol(styleNode)]: null,
    [Symbol(textAreaNode)]: null,
    [Symbol(formNode)]: null,
    [Symbol(selectNode)]: null,
    [Symbol(mutationListeners)]: [],
    [Symbol(nodeArray)]: [ [HTMLHtmlElement] ],
    [Symbol(elementArray)]: [ [HTMLHtmlElement] ],
    [Symbol(childNodes)]: null,
    [Symbol(assignedToSlot)]: null,
    [Symbol(cache)]: {
      querySelector: Map(0) {},
      querySelectorAll: Map(0) {},
      matches: Map(0) {},
      elementsByTagName: Map(0) {},
      elementsByTagNameNS: Map(0) {},
      elementByTagName: Map(0) {},
      elementById: Map(0) {},
      computedStyle: null
    },
    [Symbol(affectsCache)]: [],
    [Symbol(ownerDocument)]: null,
    [Symbol(children)]: null,
    [Symbol(activeElement)]: null,
    [Symbol(nextActiveElement)]: null,
    [Symbol(currentScript)]: null,
    [Symbol(isFirstWrite)]: true,
    [Symbol(isFirstWriteAfterOpen)]: false,
    [Symbol(nodeType)]: 9,
    [Symbol(adoptedStyleSheets)]: [],
    [Symbol(implementation)]: DOMImplementation {},
    [Symbol(readyState)]: 'complete',
    [Symbol(referrer)]: '',
    [Symbol(defaultView)]: <ref *5> GlobalWindow [EventTarget] {
      Node: [Function],
      Attr: [class Attr extends Node],
      ShadowRoot: [class ShadowRoot extends DocumentFragment],
      ProcessingInstruction: [class ProcessingInstruction extends CharacterData],
      Element: [Function],
      CharacterData: [class CharacterData extends Node],
      DocumentType: [class DocumentType extends Node],
      AnimationTimeline: [class AnimationTimeline],
      DocumentTimeline: [class DocumentTimeline extends AnimationTimeline],
      HTMLAnchorElement: [class HTMLAnchorElement extends HTMLElement],
      HTMLButtonElement: [class HTMLButtonElement extends HTMLElement],
      HTMLOptGroupElement: [class HTMLOptGroupElement extends HTMLElement],
      HTMLOptionElement: [class HTMLOptionElement extends HTMLElement],
      HTMLElement: [Function],
      HTMLUnknownElement: [class HTMLUnknownElement extends HTMLElement],
      HTMLTemplateElement: [class HTMLTemplateElement extends HTMLElement],
      HTMLInputElement: [class HTMLInputElement extends HTMLElement],
      HTMLSelectElement: [class HTMLSelectElement extends HTMLElement],
      HTMLTextAreaElement: [class HTMLTextAreaElement extends HTMLElement],
      HTMLImageElement: [class HTMLImageElement extends HTMLElement],
      HTMLStyleElement: [class HTMLStyleElement extends HTMLElement],
      HTMLLabelElement: [class HTMLLabelElement extends HTMLElement],
      HTMLSlotElement: [class HTMLSlotElement extends HTMLElement],
      HTMLMetaElement: [class HTMLMetaElement extends HTMLElement],
      HTMLMediaElement: [class HTMLMediaElement extends HTMLElement],
      HTMLAudioElement: [class HTMLAudioElement extends HTMLMediaElement],
      HTMLVideoElement: [class HTMLVideoElement extends HTMLMediaElement],
      HTMLBaseElement: [class HTMLBaseElement extends HTMLElement],
      HTMLDialogElement: [class HTMLDialogElement extends HTMLElement],
      HTMLScriptElement: [class HTMLScriptElement extends HTMLElement],
      HTMLLinkElement: [class HTMLLinkElement extends HTMLElement],
      HTMLIFrameElement: [class HTMLIFrameElement extends HTMLElement],
      HTMLFormElement: [class HTMLFormElement extends HTMLElement],
      HTMLUListElement: [class HTMLUListElement extends HTMLElement],
      HTMLTrackElement: [class HTMLTrackElement extends HTMLElement],
      HTMLTableRowElement: [class HTMLTableRowElement extends HTMLElement],
      HTMLTitleElement: [class HTMLTitleElement extends HTMLElement],
      HTMLTimeElement: [class HTMLTimeElement extends HTMLElement],
      HTMLTableSectionElement: [class HTMLTableSectionElement extends HTMLElement],
      HTMLTableCellElement: [class HTMLTableCellElement extends HTMLElement],
      HTMLTableElement: [class HTMLTableElement extends HTMLElement],
      HTMLSpanElement: [class HTMLSpanElement extends HTMLElement],
      HTMLSourceElement: [class HTMLSourceElement extends HTMLElement],
      HTMLQuoteElement: [class HTMLQuoteElement extends HTMLElement],
      HTMLProgressElement: [class HTMLProgressElement extends HTMLElement],
      HTMLPreElement: [class HTMLPreElement extends HTMLElement],
      HTMLPictureElement: [class HTMLPictureElement extends HTMLElement],
      HTMLParamElement: [class HTMLParamElement extends HTMLElement],
      HTMLParagraphElement: [class HTMLParagraphElement extends HTMLElement],
      HTMLOutputElement: [class HTMLOutputElement extends HTMLElement],
      HTMLOListElement: [class HTMLOListElement extends HTMLElement],
      HTMLObjectElement: [class HTMLObjectElement extends HTMLElement],
      HTMLMeterElement: [class HTMLMeterElement extends HTMLElement],
      HTMLMenuElement: [class HTMLMenuElement extends HTMLElement],
      HTMLMapElement: [class HTMLMapElement extends HTMLElement],
      HTMLLIElement: [class HTMLLIElement extends HTMLElement],
      HTMLLegendElement: [class HTMLLegendElement extends HTMLElement],
      HTMLModElement: [class HTMLModElement extends HTMLElement],
      HTMLHtmlElement: [class HTMLHtmlElement extends HTMLElement],
      HTMLHRElement: [class HTMLHRElement extends HTMLElement],
      HTMLHeadElement: [class HTMLHeadElement extends HTMLElement],
      HTMLHeadingElement: [class HTMLHeadingElement extends HTMLElement],
      HTMLFieldSetElement: [class HTMLFieldSetElement extends HTMLElement],
      HTMLEmbedElement: [class HTMLEmbedElement extends HTMLElement],
      HTMLDListElement: [class HTMLDListElement extends HTMLElement],
      HTMLDivElement: [class HTMLDivElement extends HTMLElement],
      HTMLDetailsElement: [class HTMLDetailsElement extends HTMLElement],
      HTMLDataListElement: [class HTMLDataListElement extends HTMLElement],
      HTMLDataElement: [class HTMLDataElement extends HTMLElement],
      HTMLTableColElement: [class HTMLTableColElement extends HTMLElement],
      HTMLTableCaptionElement: [class HTMLTableCaptionElement extends HTMLElement],
      HTMLCanvasElement: [class HTMLCanvasElement extends HTMLElement],
      HTMLBRElement: [class HTMLBRElement extends HTMLElement],
      HTMLBodyElement: [class HTMLBodyElement extends HTMLElement],
      HTMLAreaElement: [class HTMLAreaElement extends HTMLElement],
      SVGSVGElement: [class SVGSVGElement extends SVGGraphicsElement],
      SVGAnimateElement: [class SVGAnimateElement extends SVGAnimationElement],
      SVGAnimateMotionElement: [class SVGAnimateMotionElement extends SVGAnimationElement],
      SVGAnimateTransformElement: [class SVGAnimateTransformElement extends SVGAnimationElement],
      SVGCircleElement: [class SVGCircleElement extends SVGGeometryElement],
      SVGClipPathElement: [class SVGClipPathElement extends SVGElement],
      SVGDefsElement: [class SVGDefsElement extends SVGGraphicsElement],
      SVGDescElement: [class SVGDescElement extends SVGElement],
      SVGEllipseElement: [class SVGEllipseElement extends SVGGeometryElement],
      SVGFEBlendElement: [Function],
      SVGFEColorMatrixElement: [Function],
      SVGFEComponentTransferElement: [class SVGFEComponentTransferElement extends SVGElement],
      SVGFECompositeElement: [Function],
      SVGFEConvolveMatrixElement: [Function],
      SVGFEDiffuseLightingElement: [class SVGFEDiffuseLightingElement extends SVGElement],
      SVGFEDisplacementMapElement: [Function],
      SVGFEDistantLightElement: [class SVGFEDistantLightElement extends SVGElement],
      SVGFEDropShadowElement: [class SVGFEDropShadowElement extends SVGElement],
      SVGFEFloodElement: [class SVGFEFloodElement extends SVGElement],
      SVGFEFuncAElement: [class SVGFEFuncAElement extends SVGComponentTransferFunctionElement],
      SVGFEFuncBElement: [class SVGFEFuncBElement extends SVGComponentTransferFunctionElement],
      SVGFEFuncGElement: [class SVGFEFuncGElement extends SVGComponentTransferFunctionElement],
      SVGFEFuncRElement: [class SVGFEFuncRElement extends SVGComponentTransferFunctionElement],
      SVGFEGaussianBlurElement: [Function],
      SVGFEImageElement: [class SVGFEImageElement extends SVGElement],
      SVGFEMergeElement: [class SVGFEMergeElement extends SVGElement],
      SVGFEMergeNodeElement: [class SVGFEMergeNodeElement extends SVGElement],
      SVGFEMorphologyElement: [Function],
      SVGFEOffsetElement: [class SVGFEOffsetElement extends SVGElement],
      SVGFEPointLightElement: [class SVGFEPointLightElement extends SVGElement],
      SVGFESpecularLightingElement: [class SVGFESpecularLightingElement extends SVGElement],
      SVGFESpotLightElement: [class SVGFESpotLightElement extends SVGElement],
      SVGFETileElement: [class SVGFETileElement extends SVGElement],
      SVGFETurbulenceElement: [Function],
      SVGFilterElement: [class SVGFilterElement extends SVGElement],
      SVGForeignObjectElement: [class SVGForeignObjectElement extends SVGGraphicsElement],
      SVGGElement: [class SVGGElement extends SVGGraphicsElement],
      SVGImageElement: [class SVGImageElement extends SVGGraphicsElement],
      SVGLineElement: [class SVGLineElement extends SVGGeometryElement],
      SVGLinearGradientElement: [class SVGLinearGradientElement extends SVGGradientElement],
      SVGMarkerElement: [Function],
      SVGMaskElement: [class SVGMaskElement extends SVGElement],
      SVGMetadataElement: [class SVGMetadataElement extends SVGElement],
      SVGMPathElement: [class SVGMPathElement extends SVGElement],
      SVGPathElement: [class SVGPathElement extends SVGGeometryElement],
      SVGPatternElement: [class SVGPatternElement extends SVGElement],
      SVGPolygonElement: [class SVGPolygonElement extends SVGGeometryElement],
      SVGPolylineElement: [class SVGPolylineElement extends SVGGeometryElement],
      SVGRadialGradientElement: [class SVGRadialGradientElement extends SVGGradientElement],
      SVGRectElement: [class SVGRectElement extends SVGGeometryElement],
      SVGScriptElement: [class SVGScriptElement extends SVGGraphicsElement],
      SVGSetElement: [class SVGSetElement extends SVGAnimationElement],
      SVGStopElement: [class SVGStopElement extends SVGElement],
      SVGStyleElement: [class SVGStyleElement extends SVGElement],
      SVGSwitchElement: [class SVGSwitchElement extends SVGGraphicsElement],
      SVGSymbolElement: [class SVGSymbolElement extends SVGGraphicsElement],
      SVGTextElement: [class SVGTextElement extends SVGTextPositioningElement],
      SVGTextPathElement: [Function],
      SVGTitleElement: [class SVGTitleElement extends SVGElement],
      SVGTSpanElement: [class SVGTSpanElement extends SVGTextPositioningElement],
      SVGUseElement: [class SVGUseElement extends SVGGraphicsElement],
      SVGViewElement: [class SVGViewElement extends SVGElement],
      SVGElement: [class SVGElement extends Element],
      SVGAnimationElement: [class SVGAnimationElement extends SVGElement],
      SVGComponentTransferFunctionElement: [Function],
      SVGGeometryElement: [class SVGGeometryElement extends SVGGraphicsElement],
      SVGGradientElement: [Function],
      SVGTextPositioningElement: [class SVGTextPositioningElement extends SVGTextContentElement],
      SVGGraphicsElement: [class SVGGraphicsElement extends SVGElement],
      Event: [Function],
      UIEvent: [Function],
      CustomEvent: [class CustomEvent extends Event],
      CloseEvent: [class CloseEvent extends Event],
      AnimationEvent: [class AnimationEvent extends Event],
      KeyboardEvent: [Function],
      MessageEvent: [class MessageEvent extends Event],
      MouseEvent: [class MouseEvent extends UIEvent],
      PointerEvent: [class PointerEvent extends MouseEvent],
      FocusEvent: [class FocusEvent extends UIEvent],
      WheelEvent: [Function],
      InputEvent: [class InputEvent extends UIEvent],
      ErrorEvent: [class ErrorEvent extends UIEvent],
      StorageEvent: [class StorageEvent extends Event],
      SubmitEvent: [class SubmitEvent extends Event],
      ProgressEvent: [class ProgressEvent extends Event],
      MediaQueryListEvent: [class MediaQueryListEvent extends Event],
      HashChangeEvent: [class HashChangeEvent extends Event],
      ClipboardEvent: [class ClipboardEvent extends Event],
      CookieChangeEvent: [class CookieChangeEvent extends Event],
      TouchEvent: [class TouchEvent extends UIEvent],
      PopStateEvent: [class PopStateEvent extends Event],
      Touch: [class Touch],
      AudioProcessingEvent: [Function],
      BeforeInputEvent: [Function],
      BeforeUnloadEvent: [Function],
      BlobEvent: [Function],
      CompositionEvent: [Function],
      CSSFontFaceLoadEvent: [Function],
      DeviceLightEvent: [Function],
      DeviceMotionEvent: [Function],
      DeviceOrientationEvent: [Function],
      DeviceProximityEvent: [Function],
      DOMTransactionEvent: [Function],
      DragEvent: [Function],
      EditingBeforeInputEvent: [Function],
      FetchEvent: [Function],
      GamepadEvent: [Function],
      IDBVersionChangeEvent: [Function],
      MediaStreamEvent: [Function],
      MutationEvent: [Function],
      OfflineAudioCompletionEvent: [Function],
      OverconstrainedError: [Function],
      PageTransitionEvent: [Function],
      PaymentRequestUpdateEvent: [Function],
      RelatedEvent: [Function],
      RTCDataChannelEvent: [Function],
      RTCIdentityErrorEvent: [Function],
      RTCIdentityEvent: [Function],
      RTCPeerConnectionIceEvent: [Function],
      SensorEvent: [Function],
      SVGEvent: [Function],
      SVGZoomEvent: [Function],
      TimeEvent: [Function],
      TrackEvent: [Function],
      TransitionEvent: [Function],
      UserProximityEvent: [Function],
      WebGLContextEvent: [Function],
      TextEvent: [Function],
      Permissions: [class Permissions],
      History: [class History],
      Navigator: [class Navigator],
      Clipboard: [class Clipboard],
      TimeRanges: [class TimeRanges],
      TextTrackCueList: [class TextTrackCueList extends Array],
      ValidityState: [class ValidityState],
      MutationRecord: [class MutationRecord],
      IntersectionObserver: [class IntersectionObserver],
      IntersectionObserverEntry: [class IntersectionObserverEntry],
      CSSStyleDeclaration: [class CSSStyleDeclaration],
      CSSRule: [Function],
      CSSContainerRule: [class CSSContainerRule extends CSSConditionRule],
      CSSFontFaceRule: [class CSSFontFaceRule extends CSSRule],
      CSSKeyframeRule: [class CSSKeyframeRule extends CSSRule],
      CSSKeyframesRule: [class CSSKeyframesRule extends CSSRule],
      CSSMediaRule: [class CSSMediaRule extends CSSConditionRule],
      CSSStyleRule: [class CSSStyleRule extends CSSGroupingRule],
      CSSSupportsRule: [class CSSSupportsRule extends CSSConditionRule],
      CSSConditionRule: [class CSSConditionRule extends CSSGroupingRule],
      CSSGroupingRule: [class CSSGroupingRule extends CSSRule],
      CSSScopeRule: [class CSSScopeRule extends CSSGroupingRule],
      DOMRect: [class DOMRect extends DOMRectReadOnly],
      DOMRectReadOnly: [class DOMRectReadOnly],
      Plugin: [class Plugin],
      PluginArray: [class PluginArray],
      Location: [class Location],
      CustomElementRegistry: [class CustomElementRegistry],
      ResizeObserver: [class ResizeObserver],
      Blob: [class Blob],
      File: [class File extends Blob],
      Storage: [class Storage],
      CookieStore: [class CookieStore extends EventTarget],
      MimeType: [class MimeType],
      MimeTypeArray: [class MimeTypeArray],
      NodeFilter: [Object],
      ImageBitmap: [class ImageBitmap],
      HTMLCollection: [class HTMLCollection],
      HTMLFormControlCollection: [class HTMLFormControlsCollection extends HTMLCollection],
      HTMLOptionsCollection: [class HTMLOptionsCollection extends HTMLCollection],
      NodeList: [class NodeList],
      RadioNodeList: [class RadioNodeList extends NodeList],
      FileList: [class FileList extends Array],
      Screen: [class Screen extends EventTarget],
      ScreenDetails: [class ScreenDetails extends EventTarget],
      ScreenDetailed: [class ScreenDetailed extends Screen],
      NamedNodeMap: [class NamedNodeMap],
      TreeWalker: [class TreeWalker],
      NodeIterator: [class NodeIterator],
      DataTransfer: [class DataTransfer],
      DataTransferItem: [class DataTransferItem],
      DataTransferItemList: [class DataTransferItemList extends Array],
      XMLSerializer: [class XMLSerializer],
      ClipboardItem: [class ClipboardItem],
      Selection: [class Selection],
      CSSUnitValue: [class CSSUnitValue],
      SVGAngle: [Function],
      SVGAnimatedAngle: [class SVGAnimatedAngle],
      SVGAnimatedBoolean: [class SVGAnimatedBoolean],
      SVGAnimatedEnumeration: [class SVGAnimatedEnumeration],
      SVGAnimatedInteger: [class SVGAnimatedInteger],
      SVGAnimatedLength: [class SVGAnimatedLength],
      SVGAnimatedNumber: [class SVGAnimatedNumber],
      SVGAnimatedNumberList: [class SVGAnimatedNumberList],
      SVGAnimatedPreserveAspectRatio: [class SVGAnimatedPreserveAspectRatio],
      SVGAnimatedRect: [class SVGAnimatedRect],
      SVGAnimatedString: [class SVGAnimatedString],
      SVGAnimatedTransformList: [class SVGAnimatedTransformList],
      SVGLength: [Function],
      SVGLengthList: [class SVGLengthList],
      SVGMatrix: [class SVGMatrix],
      SVGNumber: [class SVGNumber],
      SVGNumberList: [class SVGNumberList],
      SVGPoint: [class SVGPoint],
      SVGPointList: [class SVGPointList],
      SVGPreserveAspectRatio: [Function],
      SVGRect: [class SVGRect],
      SVGStringList: [class SVGStringList],
      SVGTransform: [Function],
      SVGTransformList: [class SVGTransformList],
      SVGAnimatedLengthList: [class SVGAnimatedLengthList],
      SVGUnitTypes: [Function],
      StylePropertyMap: [class StylePropertyMap extends StylePropertyMapReadOnly],
      StylePropertyMapReadOnly: [class StylePropertyMapReadOnly],
      MediaList: [class MediaList],
      CSSKeywordValue: [class CSSKeywordValue],
      CSSStyleValue: [class CSSStyleValue],
      Window: [class GlobalWindow extends Window],
      URLSearchParams: [class URLSearchParams],
      WritableStream: [Function],
      ReadableStream: [class ReadableStream],
      TransformStream: [Function: Transform],
      PerformanceObserver: [class PerformanceObserver],
      PerformanceEntry: [class PerformanceEntry],
      PerformanceObserverEntryList: [class PerformanceObserverEntryList],
      document: [Circular *4],
      customElements: [CustomElementRegistry],
      window: [Circular *5],
      globalThis: [Circular *5],
      performance: [Performance [EventTarget]],
      screenLeft: 0,
      screenTop: 0,
      screenX: 0,
      screenY: 0,
      crypto: Crypto {},
      TextEncoder: [class TextEncoder],
      TextDecoder: [class TextDecoder],
      closed: false,
      console: [Console [console]],
      name: '',
      Buffer: [Function],
      Document: [class Document extends Document],
      HTMLDocument: [class HTMLDocument extends HTMLDocument],
      XMLDocument: [class XMLDocument extends XMLDocument],
      DocumentFragment: [class DocumentFragment extends DocumentFragment],
      Text: [class Text extends Text],
      Comment: [class Comment extends Comment],
      Image: [class Image extends Image],
      Audio: [class Audio extends Audio],
      MutationObserver: [class MutationObserver extends MutationObserver],
      MessagePort: [class MessagePort extends MessagePort],
      CSSStyleSheet: [class CSSStyleSheet extends CSSStyleSheet],
      DOMException: [class DOMException extends DOMException],
      Headers: [class Headers extends Headers],
      Request: [class Request extends Request],
      Response: [Function],
      EventTarget: [class EventTarget extends EventTarget],
      XMLHttpRequestUpload: [class XMLHttpRequestUpload extends XMLHttpRequestUpload],
      XMLHttpRequestEventTarget: [class XMLHttpRequestEventTarget extends XMLHttpRequestEventTarget],
      AbortController: [class AbortController extends AbortController],
      AbortSignal: [Function],
      FormData: [class FormData extends FormData],
      PermissionStatus: [class PermissionStatus extends PermissionStatus],
      XMLHttpRequest: [class XMLHttpRequest extends XMLHttpRequest],
      DOMParser: [class DOMParser extends DOMParser],
      Range: [class Range extends Range],
      VTTCue: [class VTTCue extends VTTCue],
      TextTrack: [class TextTrack extends TextTrack],
      TextTrackList: [class TextTrackList extends TextTrackList],
      TextTrackCue: [class TextTrackCue extends TextTrackCue],
      RemotePlayback: [class RemotePlayback extends RemotePlayback],
      FileReader: [class FileReader extends FileReader],
      MediaStream: [class MediaStream extends MediaStream],
      MediaStreamTrack: [class MediaStreamTrack extends MediaStreamTrack],
      CanvasCaptureMediaStreamTrack: [class CanvasCaptureMediaStreamTrack extends CanvasCaptureMediaStreamTrack],
      URL: [class URL extends URL],
      WebSocket: [class WebSocket extends WebSocket],
      ImageData: [class ImageData extends ImageData],
      OffscreenCanvas: [class OffscreenCanvas extends OffscreenCanvas],
      DOMMatrixReadOnly: [class DOMMatrixReadOnly extends DOMMatrixReadOnly],
      DOMMatrix: [class DOMMatrix extends DOMMatrix],
      DOMPointReadOnly: [class DOMPointReadOnly extends DOMPointReadOnly],
      DOMPoint: [class DOMPoint extends DOMPoint],
      Animation: [class Animation extends Animation],
      KeyframeEffect: [class KeyframeEffect extends KeyframeEffect],
      happyDOM: DetachedWindowAPI {},
      Array: [Function: Array],
      ArrayBuffer: [Function: ArrayBuffer],
      Boolean: [Function: Boolean],
      DataView: [Function: DataView],
      Date: [Function: Date],
      Error: [Function],
      EvalError: [Function: EvalError],
      Float32Array: [Function: Float32Array],
      Float64Array: [Function: Float64Array],
      Function: [Function: Function],
      Infinity: Infinity,
      Int16Array: [Function: Int16Array],
      Int32Array: [Function: Int32Array],
      Int8Array: [Function: Int8Array],
      Intl: Object [Intl] {},
      JSON: Object [JSON] {},
      Map: [Function: Map],
      Math: Object [Math] {},
      NaN: NaN,
      Number: [Function: Number],
      Object: [Function: Object],
      Promise: [Function: Promise],
      RangeError: [Function: RangeError],
      ReferenceError: [Function: ReferenceError],
      RegExp: [Function: RegExp],
      Set: [Function: Set],
      String: [Function: String],
      Symbol: [Function],
      SyntaxError: [Function: SyntaxError],
      TypeError: [Function: TypeError],
      URIError: [Function: URIError],
      Uint16Array: [Function: Uint16Array],
      Uint32Array: [Function: Uint32Array],
      Uint8Array: [Function: Uint8Array],
      Uint8ClampedArray: [Function: Uint8ClampedArray],
      WeakMap: [Function: WeakMap],
      WeakSet: [Function: WeakSet],
      decodeURI: [Function: decodeURI],
      decodeURIComponent: [Function: decodeURIComponent],
      encodeURI: [Function: encodeURI],
      encodeURIComponent: [Function: encodeURIComponent],
      eval: [Function: eval],
      escape: [Function: escape],
      global: [Object [global]],
      isFinite: [Function: isFinite],
      isNaN: [Function: isNaN],
      parseFloat: [Function: parseFloat],
      parseInt: [Function: parseInt],
      undefined: undefined,
      unescape: [Function: unescape],
      [Symbol(listeners)]: [Object],
      [Symbol(listenerOptions)]: [Object],
      [Symbol(mutationObservers)]: [],
      [Symbol(readyStateManager)]: DocumentReadyStateManager {},
      [Symbol(location)]: [Location],
      [Symbol(history)]: History {},
      [Symbol(navigator)]: Navigator {},
      [Symbol(screen)]: [Screen [EventTarget]],
      [Symbol(sessionStorage)]: [Storage],
      [Symbol(localStorage)]: [Storage],
      [Symbol(cookieStore)]: [CookieStore [EventTarget]],
      [Symbol(self)]: [Circular *5],
      [Symbol(top)]: [Circular *5],
      [Symbol(parent)]: [Circular *5],
      [Symbol(window)]: [Circular *5],
      [Symbol(frames)]: [Circular *5],
      [Symbol(internalId)]: 0,
      [Symbol(customElementReactionStack)]: [CustomElementReactionStack],
      [Symbol(modules)]: [Object],
      [Symbol(moduleImportMap)]: null,
      [Symbol(openWebSockets)]: [],
      [Symbol(propertyEventListeners)]: Map(0) {},
      [Symbol(querySelectorCache)]: Map(0) {}
    },
    [Symbol(forms)]: null,
    [Symbol(links)]: null,
    [Symbol(affectsComputedStyleCache)]: [],
    [Symbol(elementIdMap)]: Map(0) {},
    [Symbol(contentType)]: 'text/html',
    [Symbol(xmlProcessingInstruction)]: null,
    [Symbol(preloads)]: Map(0) {},
    [Symbol(propertyEventListeners)]: Map(0) {},
    [Symbol(selection)]: null,
    [Symbol(timeline)]: DocumentTimeline {}
  },
  [Symbol(window)]: <ref *5> GlobalWindow [EventTarget] {
    Node: [class Node extends EventTarget] {
      ELEMENT_NODE: 1,
      ATTRIBUTE_NODE: 2,
      TEXT_NODE: 3,
      CDATA_SECTION_NODE: 4,
      COMMENT_NODE: 8,
      DOCUMENT_NODE: 9,
      DOCUMENT_TYPE_NODE: 10,
      DOCUMENT_FRAGMENT_NODE: 11,
      PROCESSING_INSTRUCTION_NODE: 7,
      DOCUMENT_POSITION_CONTAINED_BY: 16,
      DOCUMENT_POSITION_CONTAINS: 8,
      DOCUMENT_POSITION_DISCONNECTED: 1,
      DOCUMENT_POSITION_FOLLOWING: 4,
      DOCUMENT_POSITION_IMPLEMENTATION_SPECIFIC: 32,
      DOCUMENT_POSITION_PRECEDING: 2
    },
    Attr: [class Attr extends Node],
    ShadowRoot: [class ShadowRoot extends DocumentFragment],
    ProcessingInstruction: [class ProcessingInstruction extends CharacterData],
    Element: [class Element extends Node] {
      [Symbol(tagName)]: null,
      [Symbol(localName)]: null,
      [Symbol(namespaceURI)]: null
    },
    CharacterData: [class CharacterData extends Node],
    DocumentType: [class DocumentType extends Node],
    AnimationTimeline: [class AnimationTimeline],
    DocumentTimeline: [class DocumentTimeline extends AnimationTimeline],
    HTMLAnchorElement: [class HTMLAnchorElement extends HTMLElement],
    HTMLButtonElement: [class HTMLButtonElement extends HTMLElement],
    HTMLOptGroupElement: [class HTMLOptGroupElement extends HTMLElement],
    HTMLOptionElement: [class HTMLOptionElement extends HTMLElement],
    HTMLElement: [class HTMLElement extends Element] {
      observedAttributes: undefined
    },
    HTMLUnknownElement: [class HTMLUnknownElement extends HTMLElement],
    HTMLTemplateElement: [class HTMLTemplateElement extends HTMLElement],
    HTMLInputElement: [class HTMLInputElement extends HTMLElement],
    HTMLSelectElement: [class HTMLSelectElement extends HTMLElement],
    HTMLTextAreaElement: [class HTMLTextAreaElement extends HTMLElement],
    HTMLImageElement: [class HTMLImageElement extends HTMLElement],
    HTMLStyleElement: [class HTMLStyleElement extends HTMLElement],
    HTMLLabelElement: [class HTMLLabelElement extends HTMLElement],
    HTMLSlotElement: [class HTMLSlotElement extends HTMLElement],
    HTMLMetaElement: [class HTMLMetaElement extends HTMLElement],
    HTMLMediaElement: [class HTMLMediaElement extends HTMLElement],
    HTMLAudioElement: [class HTMLAudioElement extends HTMLMediaElement],
    HTMLVideoElement: [class HTMLVideoElement extends HTMLMediaElement],
    HTMLBaseElement: [class HTMLBaseElement extends HTMLElement],
    HTMLDialogElement: [class HTMLDialogElement extends HTMLElement],
    HTMLScriptElement: [class HTMLScriptElement extends HTMLElement],
    HTMLLinkElement: [class HTMLLinkElement extends HTMLElement],
    HTMLIFrameElement: [class HTMLIFrameElement extends HTMLElement],
    HTMLFormElement: [class HTMLFormElement extends HTMLElement],
    HTMLUListElement: [class HTMLUListElement extends HTMLElement],
    HTMLTrackElement: [class HTMLTrackElement extends HTMLElement],
    HTMLTableRowElement: [class HTMLTableRowElement extends HTMLElement],
    HTMLTitleElement: [class HTMLTitleElement extends HTMLElement],
    HTMLTimeElement: [class HTMLTimeElement extends HTMLElement],
    HTMLTableSectionElement: [class HTMLTableSectionElement extends HTMLElement],
    HTMLTableCellElement: [class HTMLTableCellElement extends HTMLElement],
    HTMLTableElement: [class HTMLTableElement extends HTMLElement],
    HTMLSpanElement: [class HTMLSpanElement extends HTMLElement],
    HTMLSourceElement: [class HTMLSourceElement extends HTMLElement],
    HTMLQuoteElement: [class HTMLQuoteElement extends HTMLElement],
    HTMLProgressElement: [class HTMLProgressElement extends HTMLElement],
    HTMLPreElement: [class HTMLPreElement extends HTMLElement],
    HTMLPictureElement: [class HTMLPictureElement extends HTMLElement],
    HTMLParamElement: [class HTMLParamElement extends HTMLElement],
    HTMLParagraphElement: [class HTMLParagraphElement extends HTMLElement],
    HTMLOutputElement: [class HTMLOutputElement extends HTMLElement],
    HTMLOListElement: [class HTMLOListElement extends HTMLElement],
    HTMLObjectElement: [class HTMLObjectElement extends HTMLElement],
    HTMLMeterElement: [class HTMLMeterElement extends HTMLElement],
    HTMLMenuElement: [class HTMLMenuElement extends HTMLElement],
    HTMLMapElement: [class HTMLMapElement extends HTMLElement],
    HTMLLIElement: [class HTMLLIElement extends HTMLElement],
    HTMLLegendElement: [class HTMLLegendElement extends HTMLElement],
    HTMLModElement: [class HTMLModElement extends HTMLElement],
    HTMLHtmlElement: [class HTMLHtmlElement extends HTMLElement],
    HTMLHRElement: [class HTMLHRElement extends HTMLElement],
    HTMLHeadElement: [class HTMLHeadElement extends HTMLElement],
    HTMLHeadingElement: [class HTMLHeadingElement extends HTMLElement],
    HTMLFieldSetElement: [class HTMLFieldSetElement extends HTMLElement],
    HTMLEmbedElement: [class HTMLEmbedElement extends HTMLElement],
    HTMLDListElement: [class HTMLDListElement extends HTMLElement],
    HTMLDivElement: [class HTMLDivElement extends HTMLElement],
    HTMLDetailsElement: [class HTMLDetailsElement extends HTMLElement],
    HTMLDataListElement: [class HTMLDataListElement extends HTMLElement],
    HTMLDataElement: [class HTMLDataElement extends HTMLElement],
    HTMLTableColElement: [class HTMLTableColElement extends HTMLElement],
    HTMLTableCaptionElement: [class HTMLTableCaptionElement extends HTMLElement],
    HTMLCanvasElement: [class HTMLCanvasElement extends HTMLElement],
    HTMLBRElement: [class HTMLBRElement extends HTMLElement],
    HTMLBodyElement: [class HTMLBodyElement extends HTMLElement],
    HTMLAreaElement: [class HTMLAreaElement extends HTMLElement],
    SVGSVGElement: [class SVGSVGElement extends SVGGraphicsElement],
    SVGAnimateElement: [class SVGAnimateElement extends SVGAnimationElement],
    SVGAnimateMotionElement: [class SVGAnimateMotionElement extends SVGAnimationElement],
    SVGAnimateTransformElement: [class SVGAnimateTransformElement extends SVGAnimationElement],
    SVGCircleElement: [class SVGCircleElement extends SVGGeometryElement],
    SVGClipPathElement: [class SVGClipPathElement extends SVGElement],
    SVGDefsElement: [class SVGDefsElement extends SVGGraphicsElement],
    SVGDescElement: [class SVGDescElement extends SVGElement],
    SVGEllipseElement: [class SVGEllipseElement extends SVGGeometryElement],
    SVGFEBlendElement: [class SVGFEBlendElement extends SVGElement] {
      SVG_FEBLEND_MODE_UNKNOWN: 0,
      SVG_FEBLEND_MODE_NORMAL: 1,
      SVG_FEBLEND_MODE_MULTIPLY: 2,
      SVG_FEBLEND_MODE_SCREEN: 3,
      SVG_FEBLEND_MODE_DARKEN: 4,
      SVG_FEBLEND_MODE_LIGHTEN: 5,
      SVG_FEBLEND_MODE_OVERLAY: 6,
      SVG_FEBLEND_MODE_COLOR_DODGE: 7,
      SVG_FEBLEND_MODE_COLOR_BURN: 8,
      SVG_FEBLEND_MODE_HARD_LIGHT: 9,
      SVG_FEBLEND_MODE_SOFT_LIGHT: 10,
      SVG_FEBLEND_MODE_DIFFERENCE: 11,
      SVG_FEBLEND_MODE_EXCLUSION: 12,
      SVG_FEBLEND_MODE_HUE: 13,
      SVG_FEBLEND_MODE_SATURATION: 14,
      SVG_FEBLEND_MODE_COLOR: 15,
      SVG_FEBLEND_MODE_LUMINOSITY: 16
    },
    SVGFEColorMatrixElement: [class SVGFEColorMatrixElement extends SVGElement] {
      SVG_FEBLEND_TYPE_UNKNOWN: 0,
      SVG_FEBLEND_TYPE_MATRIX: 1,
      SVG_FEBLEND_TYPE_SATURATE: 2,
      SVG_FEBLEND_TYPE_HUEROTATE: 3,
      SVG_FEBLEND_TYPE_LUMINANCETOALPHA: 4
    },
    SVGFEComponentTransferElement: [class SVGFEComponentTransferElement extends SVGElement],
    SVGFECompositeElement: [class SVGFECompositeElement extends SVGElement] {
      SVG_FECOMPOSITE_OPERATOR_UNKNOWN: 0,
      SVG_FECOMPOSITE_OPERATOR_OVER: 1,
      SVG_FECOMPOSITE_OPERATOR_IN: 2,
      SVG_FECOMPOSITE_OPERATOR_OUT: 3,
      SVG_FECOMPOSITE_OPERATOR_ATOP: 4,
      SVG_FECOMPOSITE_OPERATOR_XOR: 5,
      SVG_FECOMPOSITE_OPERATOR_ARITHMETIC: 6
    },
    SVGFEConvolveMatrixElement: [class SVGFEConvolveMatrixElement extends SVGElement] {
      SVG_EDGEMODE_UNKNOWN: 0,
      SVG_EDGEMODE_DUPLICATE: 1,
      SVG_EDGEMODE_WRAP: 2,
      SVG_EDGEMODE_NONE: 3
    },
    SVGFEDiffuseLightingElement: [class SVGFEDiffuseLightingElement extends SVGElement],
    SVGFEDisplacementMapElement: [class SVGFEDisplacementMapElement extends SVGElement] {
      SVG_CHANNEL_UNKNOWN: 0,
      SVG_CHANNEL_R: 1,
      SVG_CHANNEL_G: 2,
      SVG_CHANNEL_B: 3,
      SVG_CHANNEL_A: 4
    },
    SVGFEDistantLightElement: [class SVGFEDistantLightElement extends SVGElement],
    SVGFEDropShadowElement: [class SVGFEDropShadowElement extends SVGElement],
    SVGFEFloodElement: [class SVGFEFloodElement extends SVGElement],
    SVGFEFuncAElement: [class SVGFEFuncAElement extends SVGComponentTransferFunctionElement],
    SVGFEFuncBElement: [class SVGFEFuncBElement extends SVGComponentTransferFunctionElement],
    SVGFEFuncGElement: [class SVGFEFuncGElement extends SVGComponentTransferFunctionElement],
    SVGFEFuncRElement: [class SVGFEFuncRElement extends SVGComponentTransferFunctionElement],
    SVGFEGaussianBlurElement: [class SVGFEGaussianBlurElement extends SVGElement] {
      SVG_EDGEMODE_UNKNOWN: 0,
      SVG_EDGEMODE_DUPLICATE: 1,
      SVG_EDGEMODE_WRAP: 2,
      SVG_EDGEMODE_NONE: 3
    },
    SVGFEImageElement: [class SVGFEImageElement extends SVGElement],
    SVGFEMergeElement: [class SVGFEMergeElement extends SVGElement],
    SVGFEMergeNodeElement: [class SVGFEMergeNodeElement extends SVGElement],
    SVGFEMorphologyElement: [class SVGFEMorphologyElement extends SVGElement] {
      SVG_MORPHOLOGY_OPERATOR_UNKNOWN: 0,
      SVG_MORPHOLOGY_OPERATOR_ERODE: 1,
      SVG_MORPHOLOGY_OPERATOR_DILATE: 2
    },
    SVGFEOffsetElement: [class SVGFEOffsetElement extends SVGElement],
    SVGFEPointLightElement: [class SVGFEPointLightElement extends SVGElement],
    SVGFESpecularLightingElement: [class SVGFESpecularLightingElement extends SVGElement],
    SVGFESpotLightElement: [class SVGFESpotLightElement extends SVGElement],
    SVGFETileElement: [class SVGFETileElement extends SVGElement],
    SVGFETurbulenceElement: [class SVGFETurbulenceElement extends SVGElement] {
      SVG_TURBULENCE_TYPE_UNKNOWN: 0,
      SVG_TURBULENCE_TYPE_FRACTALNOISE: 1,
      SVG_TURBULENCE_TYPE_TURBULENCE: 2,
      SVG_STITCHTYPE_UNKNOWN: 0,
      SVG_STITCHTYPE_STITCH: 1,
      SVG_STITCHTYPE_NOSTITCH: 2
    },
    SVGFilterElement: [class SVGFilterElement extends SVGElement],
    SVGForeignObjectElement: [class SVGForeignObjectElement extends SVGGraphicsElement],
    SVGGElement: [class SVGGElement extends SVGGraphicsElement],
    SVGImageElement: [class SVGImageElement extends SVGGraphicsElement],
    SVGLineElement: [class SVGLineElement extends SVGGeometryElement],
    SVGLinearGradientElement: [class SVGLinearGradientElement extends SVGGradientElement],
    SVGMarkerElement: [class SVGMarkerElement extends SVGElement] {
      SVG_MARKER_ORIENT_UNKNOWN: 0,
      SVG_MARKER_ORIENT_AUTO: 1,
      SVG_MARKER_ORIENT_ANGLE: 2,
      SVG_MARKERUNITS_UNKNOWN: 0,
      SVG_MARKERUNITS_USERSPACEONUSE: 1,
      SVG_MARKERUNITS_STROKEWIDTH: 2
    },
    SVGMaskElement: [class SVGMaskElement extends SVGElement],
    SVGMetadataElement: [class SVGMetadataElement extends SVGElement],
    SVGMPathElement: [class SVGMPathElement extends SVGElement],
    SVGPathElement: [class SVGPathElement extends SVGGeometryElement],
    SVGPatternElement: [class SVGPatternElement extends SVGElement],
    SVGPolygonElement: [class SVGPolygonElement extends SVGGeometryElement],
    SVGPolylineElement: [class SVGPolylineElement extends SVGGeometryElement],
    SVGRadialGradientElement: [class SVGRadialGradientElement extends SVGGradientElement],
    SVGRectElement: [class SVGRectElement extends SVGGeometryElement],
    SVGScriptElement: [class SVGScriptElement extends SVGGraphicsElement],
    SVGSetElement: [class SVGSetElement extends SVGAnimationElement],
    SVGStopElement: [class SVGStopElement extends SVGElement],
    SVGStyleElement: [class SVGStyleElement extends SVGElement],
    SVGSwitchElement: [class SVGSwitchElement extends SVGGraphicsElement],
    SVGSymbolElement: [class SVGSymbolElement extends SVGGraphicsElement],
    SVGTextElement: [class SVGTextElement extends SVGTextPositioningElement],
    SVGTextPathElement: [class SVGTextPathElement extends SVGTextContentElement] {
      TEXTPATH_METHODTYPE_UNKNOWN: 0,
      TEXTPATH_METHODTYPE_ALIGN: 1,
      TEXTPATH_METHODTYPE_STRETCH: 2,
      TEXTPATH_SPACINGTYPE_UNKNOWN: 0,
      TEXTPATH_SPACINGTYPE_AUTO: 1,
      TEXTPATH_SPACINGTYPE_EXACT: 2
    },
    SVGTitleElement: [class SVGTitleElement extends SVGElement],
    SVGTSpanElement: [class SVGTSpanElement extends SVGTextPositioningElement],
    SVGUseElement: [class SVGUseElement extends SVGGraphicsElement],
    SVGViewElement: [class SVGViewElement extends SVGElement],
    SVGElement: [class SVGElement extends Element],
    SVGAnimationElement: [class SVGAnimationElement extends SVGElement],
    SVGComponentTransferFunctionElement: [class SVGComponentTransferFunctionElement extends SVGElement] {
      SVG_FECOMPONENTTRANSFER_TYPE_UNKNOWN: 0,
      SVG_FECOMPONENTTRANSFER_TYPE_IDENTITY: 1,
      SVG_FECOMPONENTTRANSFER_TYPE_TABLE: 2,
      SVG_FECOMPONENTTRANSFER_TYPE_DISCRETE: 3,
      SVG_FECOMPONENTTRANSFER_TYPE_LINEAR: 4,
      SVG_FECOMPONENTTRANSFER_TYPE_GAMMA: 5
    },
    SVGGeometryElement: [class SVGGeometryElement extends SVGGraphicsElement],
    SVGGradientElement: [class SVGGradientElement extends SVGGraphicsElement] {
      SVG_SPREADMETHOD_UNKNOWN: 0,
      SVG_SPREADMETHOD_PAD: 1,
      SVG_SPREADMETHOD_REFLECT: 2,
      SVG_SPREADMETHOD_REPEAT: 3
    },
    SVGTextPositioningElement: [class SVGTextPositioningElement extends SVGTextContentElement],
    SVGGraphicsElement: [class SVGGraphicsElement extends SVGElement],
    Event: [class Event] {
      NONE: 0,
      CAPTURING_PHASE: 1,
      AT_TARGET: 2,
      BUBBLING_PHASE: 3
    },
    UIEvent: [class UIEvent extends Event] {
      NONE: 0,
      CAPTURING_PHASE: 1,
      AT_TARGET: 2,
      BUBBLING_PHASE: 3
    },
    CustomEvent: [class CustomEvent extends Event],
    CloseEvent: [class CloseEvent extends Event],
    AnimationEvent: [class AnimationEvent extends Event],
    KeyboardEvent: [class KeyboardEvent extends UIEvent] {
      DOM_KEY_LOCATION_STANDARD: 0,
      DOM_KEY_LOCATION_LEFT: 1,
      DOM_KEY_LOCATION_RIGHT: 2,
      DOM_KEY_LOCATION_NUMPAD: 3
    },
    MessageEvent: [class MessageEvent extends Event],
    MouseEvent: [class MouseEvent extends UIEvent],
    PointerEvent: [class PointerEvent extends MouseEvent],
    FocusEvent: [class FocusEvent extends UIEvent],
    WheelEvent: [class WheelEvent extends UIEvent] {
      DOM_DELTA_PIXEL: 0,
      DOM_DELTA_LINE: 1,
      DOM_DELTA_PAGE: 2
    },
    InputEvent: [class InputEvent extends UIEvent],
    ErrorEvent: [class ErrorEvent extends UIEvent],
    StorageEvent: [class StorageEvent extends Event],
    SubmitEvent: [class SubmitEvent extends Event],
    ProgressEvent: [class ProgressEvent extends Event],
    MediaQueryListEvent: [class MediaQueryListEvent extends Event],
    HashChangeEvent: [class HashChangeEvent extends Event],
    ClipboardEvent: [class ClipboardEvent extends Event],
    CookieChangeEvent: [class CookieChangeEvent extends Event],
    TouchEvent: [class TouchEvent extends UIEvent],
    PopStateEvent: [class PopStateEvent extends Event],
    Touch: [class Touch],
    AudioProcessingEvent: [class Event] {
      NONE: 0,
      CAPTURING_PHASE: 1,
      AT_TARGET: 2,
      BUBBLING_PHASE: 3
    },
    BeforeInputEvent: [class Event] {
      NONE: 0,
      CAPTURING_PHASE: 1,
      AT_TARGET: 2,
      BUBBLING_PHASE: 3
    },
    BeforeUnloadEvent: [class Event] {
      NONE: 0,
      CAPTURING_PHASE: 1,
      AT_TARGET: 2,
      BUBBLING_PHASE: 3
    },
    BlobEvent: [class Event] {
      NONE: 0,
      CAPTURING_PHASE: 1,
      AT_TARGET: 2,
      BUBBLING_PHASE: 3
    },
    CompositionEvent: [class Event] {
      NONE: 0,
      CAPTURING_PHASE: 1,
      AT_TARGET: 2,
      BUBBLING_PHASE: 3
    },
    CSSFontFaceLoadEvent: [class Event] {
      NONE: 0,
      CAPTURING_PHASE: 1,
      AT_TARGET: 2,
      BUBBLING_PHASE: 3
    },
    DeviceLightEvent: [class Event] {
      NONE: 0,
      CAPTURING_PHASE: 1,
      AT_TARGET: 2,
      BUBBLING_PHASE: 3
    },
    DeviceMotionEvent: [class Event] {
      NONE: 0,
      CAPTURING_PHASE: 1,
      AT_TARGET: 2,
      BUBBLING_PHASE: 3
    },
    DeviceOrientationEvent: [class Event] {
      NONE: 0,
      CAPTURING_PHASE: 1,
      AT_TARGET: 2,
      BUBBLING_PHASE: 3
    },
    DeviceProximityEvent: [class Event] {
      NONE: 0,
      CAPTURING_PHASE: 1,
      AT_TARGET: 2,
      BUBBLING_PHASE: 3
    },
    DOMTransactionEvent: [class Event] {
      NONE: 0,
      CAPTURING_PHASE: 1,
      AT_TARGET: 2,
      BUBBLING_PHASE: 3
    },
    DragEvent: [class Event] {
      NONE: 0,
      CAPTURING_PHASE: 1,
      AT_TARGET: 2,
      BUBBLING_PHASE: 3
    },
    EditingBeforeInputEvent: [class Event] {
      NONE: 0,
      CAPTURING_PHASE: 1,
      AT_TARGET: 2,
      BUBBLING_PHASE: 3
    },
    FetchEvent: [class Event] {
      NONE: 0,
      CAPTURING_PHASE: 1,
      AT_TARGET: 2,
      BUBBLING_PHASE: 3
    },
    GamepadEvent: [class Event] {
      NONE: 0,
      CAPTURING_PHASE: 1,
      AT_TARGET: 2,
      BUBBLING_PHASE: 3
    },
    IDBVersionChangeEvent: [class Event] {
      NONE: 0,
      CAPTURING_PHASE: 1,
      AT_TARGET: 2,
      BUBBLING_PHASE: 3
    },
    MediaStreamEvent: [class Event] {
      NONE: 0,
      CAPTURING_PHASE: 1,
      AT_TARGET: 2,
      BUBBLING_PHASE: 3
    },
    MutationEvent: [class Event] {
      NONE: 0,
      CAPTURING_PHASE: 1,
      AT_TARGET: 2,
      BUBBLING_PHASE: 3
    },
    OfflineAudioCompletionEvent: [class Event] {
      NONE: 0,
      CAPTURING_PHASE: 1,
      AT_TARGET: 2,
      BUBBLING_PHASE: 3
    },
    OverconstrainedError: [class Event] {
      NONE: 0,
      CAPTURING_PHASE: 1,
      AT_TARGET: 2,
      BUBBLING_PHASE: 3
    },
    PageTransitionEvent: [class Event] {
      NONE: 0,
      CAPTURING_PHASE: 1,
      AT_TARGET: 2,
      BUBBLING_PHASE: 3
    },
    PaymentRequestUpdateEvent: [class Event] {
      NONE: 0,
      CAPTURING_PHASE: 1,
      AT_TARGET: 2,
      BUBBLING_PHASE: 3
    },
    RelatedEvent: [class Event] {
      NONE: 0,
      CAPTURING_PHASE: 1,
      AT_TARGET: 2,
      BUBBLING_PHASE: 3
    },
    RTCDataChannelEvent: [class Event] {
      NONE: 0,
      CAPTURING_PHASE: 1,
      AT_TARGET: 2,
      BUBBLING_PHASE: 3
    },
    RTCIdentityErrorEvent: [class Event] {
      NONE: 0,
      CAPTURING_PHASE: 1,
      AT_TARGET: 2,
      BUBBLING_PHASE: 3
    },
    RTCIdentityEvent: [class Event] {
      NONE: 0,
      CAPTURING_PHASE: 1,
      AT_TARGET: 2,
      BUBBLING_PHASE: 3
    },
    RTCPeerConnectionIceEvent: [class Event] {
      NONE: 0,
      CAPTURING_PHASE: 1,
      AT_TARGET: 2,
      BUBBLING_PHASE: 3
    },
    SensorEvent: [class Event] {
      NONE: 0,
      CAPTURING_PHASE: 1,
      AT_TARGET: 2,
      BUBBLING_PHASE: 3
    },
    SVGEvent: [class Event] {
      NONE: 0,
      CAPTURING_PHASE: 1,
      AT_TARGET: 2,
      BUBBLING_PHASE: 3
    },
    SVGZoomEvent: [class Event] {
      NONE: 0,
      CAPTURING_PHASE: 1,
      AT_TARGET: 2,
      BUBBLING_PHASE: 3
    },
    TimeEvent: [class Event] {
      NONE: 0,
      CAPTURING_PHASE: 1,
      AT_TARGET: 2,
      BUBBLING_PHASE: 3
    },
    TrackEvent: [class Event] {
      NONE: 0,
      CAPTURING_PHASE: 1,
      AT_TARGET: 2,
      BUBBLING_PHASE: 3
    },
    TransitionEvent: [class Event] {
      NONE: 0,
      CAPTURING_PHASE: 1,
      AT_TARGET: 2,
      BUBBLING_PHASE: 3
    },
    UserProximityEvent: [class Event] {
      NONE: 0,
      CAPTURING_PHASE: 1,
      AT_TARGET: 2,
      BUBBLING_PHASE: 3
    },
    WebGLContextEvent: [class Event] {
      NONE: 0,
      CAPTURING_PHASE: 1,
      AT_TARGET: 2,
      BUBBLING_PHASE: 3
    },
    TextEvent: [class Event] {
      NONE: 0,
      CAPTURING_PHASE: 1,
      AT_TARGET: 2,
      BUBBLING_PHASE: 3
    },
    Permissions: [class Permissions],
    History: [class History],
    Navigator: [class Navigator],
    Clipboard: [class Clipboard],
    TimeRanges: [class TimeRanges],
    TextTrackCueList: [class TextTrackCueList extends Array],
    ValidityState: [class ValidityState],
    MutationRecord: [class MutationRecord],
    IntersectionObserver: [class IntersectionObserver],
    IntersectionObserverEntry: [class IntersectionObserverEntry],
    CSSStyleDeclaration: [class CSSStyleDeclaration],
    CSSRule: [class CSSRule] {
      CONTAINER_RULE: 0,
      STYLE_RULE: 1,
      IMPORT_RULE: 3,
      MEDIA_RULE: 4,
      FONT_FACE_RULE: 5,
      PAGE_RULE: 6,
      KEYFRAMES_RULE: 7,
      KEYFRAME_RULE: 8,
      NAMESPACE_RULE: 10,
      COUNTER_STYLE_RULE: 11,
      SUPPORTS_RULE: 12,
      DOCUMENT_RULE: 13,
      FONT_FEATURE_VALUES_RULE: 14,
      REGION_STYLE_RULE: 16
    },
    CSSContainerRule: [class CSSContainerRule extends CSSConditionRule],
    CSSFontFaceRule: [class CSSFontFaceRule extends CSSRule],
    CSSKeyframeRule: [class CSSKeyframeRule extends CSSRule],
    CSSKeyframesRule: [class CSSKeyframesRule extends CSSRule],
    CSSMediaRule: [class CSSMediaRule extends CSSConditionRule],
    CSSStyleRule: [class CSSStyleRule extends CSSGroupingRule],
    CSSSupportsRule: [class CSSSupportsRule extends CSSConditionRule],
    CSSConditionRule: [class CSSConditionRule extends CSSGroupingRule],
    CSSGroupingRule: [class CSSGroupingRule extends CSSRule],
    CSSScopeRule: [class CSSScopeRule extends CSSGroupingRule],
    DOMRect: [class DOMRect extends DOMRectReadOnly],
    DOMRectReadOnly: [class DOMRectReadOnly],
    Plugin: [class Plugin],
    PluginArray: [class PluginArray],
    Location: [class Location],
    CustomElementRegistry: [class CustomElementRegistry],
    ResizeObserver: [class ResizeObserver],
    Blob: [class Blob],
    File: [class File extends Blob],
    Storage: [class Storage],
    CookieStore: [class CookieStore extends EventTarget],
    MimeType: [class MimeType],
    MimeTypeArray: [class MimeTypeArray],
    NodeFilter: {
      FILTER_ACCEPT: 1,
      FILTER_REJECT: 2,
      FILTER_SKIP: 3,
      SHOW_ALL: -1,
      SHOW_ELEMENT: 1,
      SHOW_ATTRIBUTE: 2,
      SHOW_TEXT: 4,
      SHOW_CDATA_SECTION: 8,
      SHOW_ENTITY_REFERENCE: 16,
      SHOW_ENTITY: 32,
      SHOW_PROCESSING_INSTRUCTION: 64,
      SHOW_COMMENT: 128,
      SHOW_DOCUMENT: 256,
      SHOW_DOCUMENT_TYPE: 512,
      SHOW_DOCUMENT_FRAGMENT: 1024,
      SHOW_NOTATION: 2048
    },
    ImageBitmap: [class ImageBitmap],
    HTMLCollection: [class HTMLCollection],
    HTMLFormControlCollection: [class HTMLFormControlsCollection extends HTMLCollection],
    HTMLOptionsCollection: [class HTMLOptionsCollection extends HTMLCollection],
    NodeList: [class NodeList],
    RadioNodeList: [class RadioNodeList extends NodeList],
    FileList: [class FileList extends Array],
    Screen: [class Screen extends EventTarget],
    ScreenDetails: [class ScreenDetails extends EventTarget],
    ScreenDetailed: [class ScreenDetailed extends Screen],
    NamedNodeMap: [class NamedNodeMap],
    TreeWalker: [class TreeWalker],
    NodeIterator: [class NodeIterator],
    DataTransfer: [class DataTransfer],
    DataTransferItem: [class DataTransferItem],
    DataTransferItemList: [class DataTransferItemList extends Array],
    XMLSerializer: [class XMLSerializer],
    ClipboardItem: [class ClipboardItem],
    Selection: [class Selection],
    CSSUnitValue: [class CSSUnitValue],
    SVGAngle: [class SVGAngle] {
      SVG_ANGLETYPE_UNKNOWN: 0,
      SVG_ANGLETYPE_UNSPECIFIED: 1,
      SVG_ANGLETYPE_DEG: 2,
      SVG_ANGLETYPE_RAD: 3,
      SVG_ANGLETYPE_GRAD: 4
    },
    SVGAnimatedAngle: [class SVGAnimatedAngle],
    SVGAnimatedBoolean: [class SVGAnimatedBoolean],
    SVGAnimatedEnumeration: [class SVGAnimatedEnumeration],
    SVGAnimatedInteger: [class SVGAnimatedInteger],
    SVGAnimatedLength: [class SVGAnimatedLength],
    SVGAnimatedNumber: [class SVGAnimatedNumber],
    SVGAnimatedNumberList: [class SVGAnimatedNumberList],
    SVGAnimatedPreserveAspectRatio: [class SVGAnimatedPreserveAspectRatio],
    SVGAnimatedRect: [class SVGAnimatedRect],
    SVGAnimatedString: [class SVGAnimatedString],
    SVGAnimatedTransformList: [class SVGAnimatedTransformList],
    SVGLength: [class SVGLength] {
      SVG_LENGTHTYPE_UNKNOWN: 0,
      SVG_LENGTHTYPE_NUMBER: 1,
      SVG_LENGTHTYPE_PERCENTAGE: 2,
      SVG_LENGTHTYPE_EMS: 3,
      SVG_LENGTHTYPE_EXS: 4,
      SVG_LENGTHTYPE_PX: 5,
      SVG_LENGTHTYPE_CM: 6,
      SVG_LENGTHTYPE_MM: 7,
      SVG_LENGTHTYPE_IN: 8,
      SVG_LENGTHTYPE_PT: 9,
      SVG_LENGTHTYPE_PC: 10
    },
    SVGLengthList: [class SVGLengthList],
    SVGMatrix: [class SVGMatrix],
    SVGNumber: [class SVGNumber],
    SVGNumberList: [class SVGNumberList],
    SVGPoint: [class SVGPoint],
    SVGPointList: [class SVGPointList],
    SVGPreserveAspectRatio: [class SVGPreserveAspectRatio] {
      SVG_MEETORSLICE_UNKNOWN: 0,
      SVG_MEETORSLICE_MEET: 1,
      SVG_MEETORSLICE_SLICE: 2,
      SVG_PRESERVEASPECTRATIO_UNKNOWN: 0,
      SVG_PRESERVEASPECTRATIO_NONE: 1,
      SVG_PRESERVEASPECTRATIO_XMINYMIN: 2,
      SVG_PRESERVEASPECTRATIO_XMIDYMIN: 3,
      SVG_PRESERVEASPECTRATIO_XMAXYMIN: 4,
      SVG_PRESERVEASPECTRATIO_XMINYMID: 5,
      SVG_PRESERVEASPECTRATIO_XMIDYMID: 6,
      SVG_PRESERVEASPECTRATIO_XMAXYMID: 7,
      SVG_PRESERVEASPECTRATIO_XMINYMAX: 8,
      SVG_PRESERVEASPECTRATIO_XMIDYMAX: 9,
      SVG_PRESERVEASPECTRATIO_XMAXYMAX: 10
    },
    SVGRect: [class SVGRect],
    SVGStringList: [class SVGStringList],
    SVGTransform: [class SVGTransform] {
      SVG_TRANSFORM_UNKNOWN: 0,
      SVG_TRANSFORM_MATRIX: 1,
      SVG_TRANSFORM_TRANSLATE: 2,
      SVG_TRANSFORM_SCALE: 3,
      SVG_TRANSFORM_ROTATE: 4,
      SVG_TRANSFORM_SKEWX: 5,
      SVG_TRANSFORM_SKEWY: 6
    },
    SVGTransformList: [class SVGTransformList],
    SVGAnimatedLengthList: [class SVGAnimatedLengthList],
    SVGUnitTypes: [class SVGUnitTypes] {
      SVG_UNIT_TYPE_UNKNOWN: 0,
      SVG_UNIT_TYPE_USERSPACEONUSE: 1,
      SVG_UNIT_TYPE_OBJECTBOUNDINGBOX: 2
    },
    StylePropertyMap: [class StylePropertyMap extends StylePropertyMapReadOnly],
    StylePropertyMapReadOnly: [class StylePropertyMapReadOnly],
    MediaList: [class MediaList],
    CSSKeywordValue: [class CSSKeywordValue],
    CSSStyleValue: [class CSSStyleValue],
    Window: [class GlobalWindow extends Window],
    URLSearchParams: [class URLSearchParams],
    WritableStream: [Function: Writable] {
      WritableState: [Function: WritableState],
      fromWeb: [Function (anonymous)],
      toWeb: [Function (anonymous)]
    },
    ReadableStream: [class ReadableStream],
    TransformStream: [Function: Transform],
    PerformanceObserver: [class PerformanceObserver],
    PerformanceEntry: [class PerformanceEntry],
    PerformanceObserverEntryList: [class PerformanceObserverEntryList],
    document: <ref *4> HTMLDocument {
      defaultView: [Getter],
      _reactListening7defm8ungkm: true,
      [Symbol(listeners)]: [Object],
      [Symbol(listenerOptions)]: [Object],
      [Symbol(isConnected)]: true,
      [Symbol(parentNode)]: null,
      [Symbol(rootNode)]: [Circular *4],
      [Symbol(styleNode)]: null,
      [Symbol(textAreaNode)]: null,
      [Symbol(formNode)]: null,
      [Symbol(selectNode)]: null,
      [Symbol(mutationListeners)]: [],
      [Symbol(nodeArray)]: [Array],
      [Symbol(elementArray)]: [Array],
      [Symbol(childNodes)]: null,
      [Symbol(assignedToSlot)]: null,
      [Symbol(cache)]: [Object],
      [Symbol(affectsCache)]: [],
      [Symbol(ownerDocument)]: null,
      [Symbol(children)]: null,
      [Symbol(activeElement)]: null,
      [Symbol(nextActiveElement)]: null,
      [Symbol(currentScript)]: null,
      [Symbol(isFirstWrite)]: true,
      [Symbol(isFirstWriteAfterOpen)]: false,
      [Symbol(nodeType)]: 9,
      [Symbol(adoptedStyleSheets)]: [],
      [Symbol(implementation)]: DOMImplementation {},
      [Symbol(readyState)]: 'complete',
      [Symbol(referrer)]: '',
      [Symbol(defaultView)]: [Circular *5],
      [Symbol(forms)]: null,
      [Symbol(links)]: null,
      [Symbol(affectsComputedStyleCache)]: [],
      [Symbol(elementIdMap)]: Map(0) {},
      [Symbol(contentType)]: 'text/html',
      [Symbol(xmlProcessingInstruction)]: null,
      [Symbol(preloads)]: Map(0) {},
      [Symbol(propertyEventListeners)]: Map(0) {},
      [Symbol(selection)]: null,
      [Symbol(timeline)]: DocumentTimeline {}
    },
    customElements: CustomElementRegistry {
      [Symbol(registry)]: Map(0) {},
      [Symbol(classRegistry)]: Map(0) {},
      [Symbol(callbacks)]: Map(0) {},
      [Symbol(destroyed)]: false
    },
    window: [Circular *5],
    globalThis: [Circular *5],
    performance: Performance {
      nodeTiming: PerformanceNodeTiming {
        name: 'node',
        entryType: 'node',
        startTime: 0,
        duration: 3122.439791917801,
        nodeStart: 3.738124966621399,
        v8Start: 15.210291981697083,
        bootstrapComplete: 48.53162491321564,
        environment: 25.43879199028015,
        loopStart: 55.90637493133545,
        loopExit: -1,
        idleTime: 404.456123
      },
      timeOrigin: 1788639034068.654
    },
    screenLeft: 0,
    screenTop: 0,
    screenX: 0,
    screenY: 0,
    crypto: Crypto {},
    TextEncoder: [class TextEncoder],
    TextDecoder: [class TextDecoder],
    closed: false,
    console: Console [console] {
      log: [Function: log],
      warn: [Function: warn],
      dir: [Function: dir],
      time: [Function: time],
      timeEnd: [Function: timeEnd],
      timeLog: [Function: timeLog],
      trace: [Function: trace],
      assert: [Function: assert],
      clear: [Function: clear],
      count: [Function: count],
      countReset: [Function: countReset],
      group: [Function: group],
      groupEnd: [Function: groupEnd],
      table: [Function: table],
      debug: [Function: debug],
      info: [Function: info],
      dirxml: [Function: dirxml],
      error: [Function: error],
      groupCollapsed: [Function: groupCollapsed]
    },
    name: '',
    Buffer: [Function: Buffer] {
      poolSize: 8192,
      from: [Function: from],
      copyBytesFrom: [Function: copyBytesFrom],
      of: [Function: of],
      alloc: [Function: alloc],
      allocUnsafe: [Function: allocUnsafe],
      allocUnsafeSlow: [Function: allocUnsafeSlow],
      isBuffer: [Function: isBuffer],
      compare: [Function: compare],
      isEncoding: [Function: isEncoding],
      concat: [Function: concat],
      byteLength: [Function: byteLength],
      [Symbol(kIsEncodingSymbol)]: [Function: isEncoding]
    },
    Document: [class Document extends Document],
    HTMLDocument: [class HTMLDocument extends HTMLDocument],
    XMLDocument: [class XMLDocument extends XMLDocument],
    DocumentFragment: [class DocumentFragment extends DocumentFragment],
    Text: [class Text extends Text],
    Comment: [class Comment extends Comment],
    Image: [class Image extends Image],
    Audio: [class Audio extends Audio],
    MutationObserver: [class MutationObserver extends MutationObserver],
    MessagePort: [class MessagePort extends MessagePort],
    CSSStyleSheet: [class CSSStyleSheet extends CSSStyleSheet],
    DOMException: [class DOMException extends DOMException],
    Headers: [class Headers extends Headers],
    Request: [class Request extends Request],
    Response: [class Response extends Response] {
      [Symbol(window)]: [Circular *5]
    },
    EventTarget: [class EventTarget extends EventTarget],
    XMLHttpRequestUpload: [class XMLHttpRequestUpload extends XMLHttpRequestUpload],
    XMLHttpRequestEventTarget: [class XMLHttpRequestEventTarget extends XMLHttpRequestEventTarget],
    AbortController: [class AbortController extends AbortController],
    AbortSignal: [class AbortSignal extends AbortSignal] {
      [Symbol(window)]: [Circular *5]
    },
    FormData: [class FormData extends FormData],
    PermissionStatus: [class PermissionStatus extends PermissionStatus],
    XMLHttpRequest: [class XMLHttpRequest extends XMLHttpRequest],
    DOMParser: [class DOMParser extends DOMParser],
    Range: [class Range extends Range],
    VTTCue: [class VTTCue extends VTTCue],
    TextTrack: [class TextTrack extends TextTrack],
    TextTrackList: [class TextTrackList extends TextTrackList],
    TextTrackCue: [class TextTrackCue extends TextTrackCue],
    RemotePlayback: [class RemotePlayback extends RemotePlayback],
    FileReader: [class FileReader extends FileReader],
    MediaStream: [class MediaStream extends MediaStream],
    MediaStreamTrack: [class MediaStreamTrack extends MediaStreamTrack],
    CanvasCaptureMediaStreamTrack: [class CanvasCaptureMediaStreamTrack extends CanvasCaptureMediaStreamTrack],
    URL: [class URL extends URL],
    WebSocket: [class WebSocket extends WebSocket],
    ImageData: [class ImageData extends ImageData],
    OffscreenCanvas: [class OffscreenCanvas extends OffscreenCanvas],
    DOMMatrixReadOnly: [class DOMMatrixReadOnly extends DOMMatrixReadOnly],
    DOMMatrix: [class DOMMatrix extends DOMMatrix],
    DOMPointReadOnly: [class DOMPointReadOnly extends DOMPointReadOnly],
    DOMPoint: [class DOMPoint extends DOMPoint],
    Animation: [class Animation extends Animation],
    KeyframeEffect: [class KeyframeEffect extends KeyframeEffect],
    happyDOM: DetachedWindowAPI {},
    Array: [Function: Array],
    ArrayBuffer: [Function: ArrayBuffer],
    Boolean: [Function: Boolean],
    DataView: [Function: DataView],
    Date: [Function: Date],
    Error: [Function: Error] {
      stackTraceLimit: 10,
      prepareStackTrace: [Function: prepareStackTrace]
    },
    EvalError: [Function: EvalError],
    Float32Array: [Function: Float32Array],
    Float64Array: [Function: Float64Array],
    Function: [Function: Function],
    Infinity: Infinity,
    Int16Array: [Function: Int16Array],
    Int32Array: [Function: Int32Array],
    Int8Array: [Function: Int8Array],
    Intl: Object [Intl] {},
    JSON: Object [JSON] {},
    Map: [Function: Map],
    Math: Object [Math] {},
    NaN: NaN,
    Number: [Function: Number],
    Object: [Function: Object],
    Promise: [Function: Promise],
    RangeError: [Function: RangeError],
    ReferenceError: [Function: ReferenceError],
    RegExp: [Function: RegExp],
    Set: [Function: Set],
    String: [Function: String],
    Symbol: [Function: Symbol] {
      dispose: Symbol(nodejs.dispose),
      asyncDispose: Symbol(nodejs.asyncDispose)
    },
    SyntaxError: [Function: SyntaxError],
    TypeError: [Function: TypeError],
    URIError: [Function: URIError],
    Uint16Array: [Function: Uint16Array],
    Uint32Array: [Function: Uint32Array],
    Uint8Array: [Function: Uint8Array],
    Uint8ClampedArray: [Function: Uint8ClampedArray],
    WeakMap: [Function: WeakMap],
    WeakSet: [Function: WeakSet],
    decodeURI: [Function: decodeURI],
    decodeURIComponent: [Function: decodeURIComponent],
    encodeURI: [Function: encodeURI],
    encodeURIComponent: [Function: encodeURIComponent],
    eval: [Function: eval],
    escape: [Function: escape],
    global: <ref *6> Object [global] {
      global: [Circular *6],
      queueMicrotask: [Function: queueMicrotask],
      clearImmediate: [Function: clearImmediate],
      setImmediate: [Function],
      structuredClone: [Function: structuredClone],
      clearInterval: [Function: clearInterval],
      clearTimeout: [Function: clearTimeout],
      setInterval: [Function: setInterval],
      setTimeout: [Function],
      atob: [Function: atob],
      btoa: [Function: btoa],
      performance: [Performance [EventTarget]],
      fetch: [Getter/Setter],
      suite: [Function],
      test: [Function],
      describe: [Function],
      it: [Function],
      chai: [Object: null prototype] [Module],
      expect: [Function],
      assert: [Function],
      expectTypeOf: [Function: expectTypeOf],
      assertType: [Function: assertType],
      vitest: [Object],
      vi: [Object],
      beforeAll: [Function: beforeAll],
      afterAll: [Function: afterAll],
      beforeEach: [Function: beforeEach],
      afterEach: [Function: afterEach],
      onTestFinished: [Function (anonymous)],
      onTestFailed: [Function (anonymous)],
      __vitest_required__: [Object],
      __vitest_environment__: 'happy-dom',
      window: [Circular *6],
      self: [Circular *6],
      top: [Circular *6],
      parent: [Circular *6],
      IS_REACT_ACT_ENVIRONMENT: true,
      [Symbol(vitest:SAFE_TIMERS)]: [Object]
    },
    isFinite: [Function: isFinite],
    isNaN: [Function: isNaN],
    parseFloat: [Function: parseFloat],
    parseInt: [Function: parseInt],
    undefined: undefined,
    unescape: [Function: unescape],
    [Symbol(listeners)]: { bubbling: [Map], capturing: Map(0) {} },
    [Symbol(listenerOptions)]: { bubbling: [Map], capturing: Map(0) {} },
    [Symbol(mutationObservers)]: [],
    [Symbol(readyStateManager)]: DocumentReadyStateManager {},
    [Symbol(location)]: Location { [Symbol(Symbol.toStringTag)]: 'Location' },
    [Symbol(history)]: History {},
    [Symbol(navigator)]: Navigator {},
    [Symbol(screen)]: Screen [EventTarget] {
      width: 1024,
      height: 768,
      availWidth: 1024,
      availHeight: 768,
      colorDepth: 24,
      pixelDepth: 24,
      onchange: null,
      [Symbol(listeners)]: [Object],
      [Symbol(listenerOptions)]: [Object]
    },
    [Symbol(sessionStorage)]: Storage { [Symbol(data)]: {} },
    [Symbol(localStorage)]: Storage { [Symbol(data)]: {} },
    [Symbol(cookieStore)]: CookieStore [EventTarget] {
      [Symbol(listeners)]: [Object],
      [Symbol(listenerOptions)]: [Object]
    },
    [Symbol(self)]: [Circular *5],
    [Symbol(top)]: [Circular *5],
    [Symbol(parent)]: [Circular *5],
    [Symbol(window)]: [Circular *5],
    [Symbol(frames)]: [Circular *5],
    [Symbol(internalId)]: 0,
    [Symbol(customElementReactionStack)]: CustomElementReactionStack { window: [Circular *5] },
    [Symbol(modules)]: { json: Map(0) {}, css: Map(0) {}, esm: Map(0) {} },
    [Symbol(moduleImportMap)]: null,
    [Symbol(openWebSockets)]: [],
    [Symbol(propertyEventListeners)]: Map(0) {},
    [Symbol(querySelectorCache)]: Map(0) {}
  },
  [Symbol(classList)]: null,
  [Symbol(isValue)]: null,
  [Symbol(nodeType)]: 1,
  [Symbol(prefix)]: null,
  [Symbol(shadowRoot)]: null,
  [Symbol(scrollHeight)]: 0,
  [Symbol(scrollWidth)]: 0,
  [Symbol(scrollTop)]: 0,
  [Symbol(scrollLeft)]: 0,
  [Symbol(attributes)]: NamedNodeMap {
    [Symbol(itemsByNamespaceURI)]: Map(8) {
      ':data-testid' => [Attr],
      ':alt' => [Attr],
      ':width' => [Attr],
      ':height' => [Attr],
      ':decoding' => [Attr],
      ':data-nimg' => [Attr],
      ':style' => [Attr],
      ':src' => [Attr]
    },
    [Symbol(itemsByName)]: Map(8) {
      'data-testid' => [Array],
      'alt' => [Array],
      'width' => [Array],
      'height' => [Array],
      'decoding' => [Array],
      'data-nimg' => [Array],
      'style' => [Array],
      'src' => [Array]
    },
    [Symbol(items)]: Map(8) {
      ':data-testid' => [Attr],
      ':alt' => [Attr],
      ':width' => [Attr],
      ':height' => [Attr],
      ':decoding' => [Attr],
      ':data-nimg' => [Attr],
      ':style' => [Attr],
      ':src' => [Attr]
    },
    [Symbol(ownerElement)]: [Circular *1]
  },
  [Symbol(attributesProxy)]: null,
  [Symbol(children)]: null,
  [Symbol(computedStyle)]: null,
  [Symbol(pointerCaptures)]: Set(0) {},
  [Symbol(propertyEventListeners)]: Map(0) {},
  [Symbol(animations)]: [],
  [Symbol(tagName)]: 'IMG',
  [Symbol(localName)]: 'img',
  [Symbol(namespaceURI)]: 'http://www.w3.org/1999/xhtml',
  [Symbol(accessKey)]: '',
  [Symbol(offsetHeight)]: 0,
  [Symbol(offsetWidth)]: 0,
  [Symbol(offsetLeft)]: 0,
  [Symbol(offsetTop)]: 0,
  [Symbol(clientHeight)]: 0,
  [Symbol(clientWidth)]: 0,
  [Symbol(clientLeft)]: 0,
  [Symbol(clientTop)]: 0,
  [Symbol(style)]: CSSStyleDeclaration {
    parentRule: null,
    [Symbol(window)]: <ref *5> GlobalWindow [EventTarget] {
      Node: [Function],
      Attr: [class Attr extends Node],
      ShadowRoot: [class ShadowRoot extends DocumentFragment],
      ProcessingInstruction: [class ProcessingInstruction extends CharacterData],
      Element: [Function],
      CharacterData: [class CharacterData extends Node],
      DocumentType: [class DocumentType extends Node],
      AnimationTimeline: [class AnimationTimeline],
      DocumentTimeline: [class DocumentTimeline extends AnimationTimeline],
      HTMLAnchorElement: [class HTMLAnchorElement extends HTMLElement],
      HTMLButtonElement: [class HTMLButtonElement extends HTMLElement],
      HTMLOptGroupElement: [class HTMLOptGroupElement extends HTMLElement],
      HTMLOptionElement: [class HTMLOptionElement extends HTMLElement],
      HTMLElement: [Function],
      HTMLUnknownElement: [class HTMLUnknownElement extends HTMLElement],
      HTMLTemplateElement: [class HTMLTemplateElement extends HTMLElement],
      HTMLInputElement: [class HTMLInputElement extends HTMLElement],
      HTMLSelectElement: [class HTMLSelectElement extends HTMLElement],
      HTMLTextAreaElement: [class HTMLTextAreaElement extends HTMLElement],
      HTMLImageElement: [class HTMLImageElement extends HTMLElement],
      HTMLStyleElement: [class HTMLStyleElement extends HTMLElement],
      HTMLLabelElement: [class HTMLLabelElement extends HTMLElement],
      HTMLSlotElement: [class HTMLSlotElement extends HTMLElement],
      HTMLMetaElement: [class HTMLMetaElement extends HTMLElement],
      HTMLMediaElement: [class HTMLMediaElement extends HTMLElement],
      HTMLAudioElement: [class HTMLAudioElement extends HTMLMediaElement],
      HTMLVideoElement: [class HTMLVideoElement extends HTMLMediaElement],
      HTMLBaseElement: [class HTMLBaseElement extends HTMLElement],
      HTMLDialogElement: [class HTMLDialogElement extends HTMLElement],
      HTMLScriptElement: [class HTMLScriptElement extends HTMLElement],
      HTMLLinkElement: [class HTMLLinkElement extends HTMLElement],
      HTMLIFrameElement: [class HTMLIFrameElement extends HTMLElement],
      HTMLFormElement: [class HTMLFormElement extends HTMLElement],
      HTMLUListElement: [class HTMLUListElement extends HTMLElement],
      HTMLTrackElement: [class HTMLTrackElement extends HTMLElement],
      HTMLTableRowElement: [class HTMLTableRowElement extends HTMLElement],
      HTMLTitleElement: [class HTMLTitleElement extends HTMLElement],
      HTMLTimeElement: [class HTMLTimeElement extends HTMLElement],
      HTMLTableSectionElement: [class HTMLTableSectionElement extends HTMLElement],
      HTMLTableCellElement: [class HTMLTableCellElement extends HTMLElement],
      HTMLTableElement: [class HTMLTableElement extends HTMLElement],
      HTMLSpanElement: [class HTMLSpanElement extends HTMLElement],
      HTMLSourceElement: [class HTMLSourceElement extends HTMLElement],
      HTMLQuoteElement: [class HTMLQuoteElement extends HTMLElement],
      HTMLProgressElement: [class HTMLProgressElement extends HTMLElement],
      HTMLPreElement: [class HTMLPreElement extends HTMLElement],
      HTMLPictureElement: [class HTMLPictureElement extends HTMLElement],
      HTMLParamElement: [class HTMLParamElement extends HTMLElement],
      HTMLParagraphElement: [class HTMLParagraphElement extends HTMLElement],
      HTMLOutputElement: [class HTMLOutputElement extends HTMLElement],
      HTMLOListElement: [class HTMLOListElement extends HTMLElement],
      HTMLObjectElement: [class HTMLObjectElement extends HTMLElement],
      HTMLMeterElement: [class HTMLMeterElement extends HTMLElement],
      HTMLMenuElement: [class HTMLMenuElement extends HTMLElement],
      HTMLMapElement: [class HTMLMapElement extends HTMLElement],
      HTMLLIElement: [class HTMLLIElement extends HTMLElement],
      HTMLLegendElement: [class HTMLLegendElement extends HTMLElement],
      HTMLModElement: [class HTMLModElement extends HTMLElement],
      HTMLHtmlElement: [class HTMLHtmlElement extends HTMLElement],
      HTMLHRElement: [class HTMLHRElement extends HTMLElement],
      HTMLHeadElement: [class HTMLHeadElement extends HTMLElement],
      HTMLHeadingElement: [class HTMLHeadingElement extends HTMLElement],
      HTMLFieldSetElement: [class HTMLFieldSetElement extends HTMLElement],
      HTMLEmbedElement: [class HTMLEmbedElement extends HTMLElement],
      HTMLDListElement: [class HTMLDListElement extends HTMLElement],
      HTMLDivElement: [class HTMLDivElement extends HTMLElement],
      HTMLDetailsElement: [class HTMLDetailsElement extends HTMLElement],
      HTMLDataListElement: [class HTMLDataListElement extends HTMLElement],
      HTMLDataElement: [class HTMLDataElement extends HTMLElement],
      HTMLTableColElement: [class HTMLTableColElement extends HTMLElement],
      HTMLTableCaptionElement: [class HTMLTableCaptionElement extends HTMLElement],
      HTMLCanvasElement: [class HTMLCanvasElement extends HTMLElement],
      HTMLBRElement: [class HTMLBRElement extends HTMLElement],
      HTMLBodyElement: [class HTMLBodyElement extends HTMLElement],
      HTMLAreaElement: [class HTMLAreaElement extends HTMLElement],
      SVGSVGElement: [class SVGSVGElement extends SVGGraphicsElement],
      SVGAnimateElement: [class SVGAnimateElement extends SVGAnimationElement],
      SVGAnimateMotionElement: [class SVGAnimateMotionElement extends SVGAnimationElement],
      SVGAnimateTransformElement: [class SVGAnimateTransformElement extends SVGAnimationElement],
      SVGCircleElement: [class SVGCircleElement extends SVGGeometryElement],
      SVGClipPathElement: [class SVGClipPathElement extends SVGElement],
      SVGDefsElement: [class SVGDefsElement extends SVGGraphicsElement],
      SVGDescElement: [class SVGDescElement extends SVGElement],
      SVGEllipseElement: [class SVGEllipseElement extends SVGGeometryElement],
      SVGFEBlendElement: [Function],
      SVGFEColorMatrixElement: [Function],
      SVGFEComponentTransferElement: [class SVGFEComponentTransferElement extends SVGElement],
      SVGFECompositeElement: [Function],
      SVGFEConvolveMatrixElement: [Function],
      SVGFEDiffuseLightingElement: [class SVGFEDiffuseLightingElement extends SVGElement],
      SVGFEDisplacementMapElement: [Function],
      SVGFEDistantLightElement: [class SVGFEDistantLightElement extends SVGElement],
      SVGFEDropShadowElement: [class SVGFEDropShadowElement extends SVGElement],
      SVGFEFloodElement: [class SVGFEFloodElement extends SVGElement],
      SVGFEFuncAElement: [class SVGFEFuncAElement extends SVGComponentTransferFunctionElement],
      SVGFEFuncBElement: [class SVGFEFuncBElement extends SVGComponentTransferFunctionElement],
      SVGFEFuncGElement: [class SVGFEFuncGElement extends SVGComponentTransferFunctionElement],
      SVGFEFuncRElement: [class SVGFEFuncRElement extends SVGComponentTransferFunctionElement],
      SVGFEGaussianBlurElement: [Function],
      SVGFEImageElement: [class SVGFEImageElement extends SVGElement],
      SVGFEMergeElement: [class SVGFEMergeElement extends SVGElement],
      SVGFEMergeNodeElement: [class SVGFEMergeNodeElement extends SVGElement],
      SVGFEMorphologyElement: [Function],
      SVGFEOffsetElement: [class SVGFEOffsetElement extends SVGElement],
      SVGFEPointLightElement: [class SVGFEPointLightElement extends SVGElement],
      SVGFESpecularLightingElement: [class SVGFESpecularLightingElement extends SVGElement],
      SVGFESpotLightElement: [class SVGFESpotLightElement extends SVGElement],
      SVGFETileElement: [class SVGFETileElement extends SVGElement],
      SVGFETurbulenceElement: [Function],
      SVGFilterElement: [class SVGFilterElement extends SVGElement],
      SVGForeignObjectElement: [class SVGForeignObjectElement extends SVGGraphicsElement],
      SVGGElement: [class SVGGElement extends SVGGraphicsElement],
      SVGImageElement: [class SVGImageElement extends SVGGraphicsElement],
      SVGLineElement: [class SVGLineElement extends SVGGeometryElement],
      SVGLinearGradientElement: [class SVGLinearGradientElement extends SVGGradientElement],
      SVGMarkerElement: [Function],
      SVGMaskElement: [class SVGMaskElement extends SVGElement],
      SVGMetadataElement: [class SVGMetadataElement extends SVGElement],
      SVGMPathElement: [class SVGMPathElement extends SVGElement],
      SVGPathElement: [class SVGPathElement extends SVGGeometryElement],
      SVGPatternElement: [class SVGPatternElement extends SVGElement],
      SVGPolygonElement: [class SVGPolygonElement extends SVGGeometryElement],
      SVGPolylineElement: [class SVGPolylineElement extends SVGGeometryElement],
      SVGRadialGradientElement: [class SVGRadialGradientElement extends SVGGradientElement],
      SVGRectElement: [class SVGRectElement extends SVGGeometryElement],
      SVGScriptElement: [class SVGScriptElement extends SVGGraphicsElement],
      SVGSetElement: [class SVGSetElement extends SVGAnimationElement],
      SVGStopElement: [class SVGStopElement extends SVGElement],
      SVGStyleElement: [class SVGStyleElement extends SVGElement],
      SVGSwitchElement: [class SVGSwitchElement extends SVGGraphicsElement],
      SVGSymbolElement: [class SVGSymbolElement extends SVGGraphicsElement],
      SVGTextElement: [class SVGTextElement extends SVGTextPositioningElement],
      SVGTextPathElement: [Function],
      SVGTitleElement: [class SVGTitleElement extends SVGElement],
      SVGTSpanElement: [class SVGTSpanElement extends SVGTextPositioningElement],
      SVGUseElement: [class SVGUseElement extends SVGGraphicsElement],
      SVGViewElement: [class SVGViewElement extends SVGElement],
      SVGElement: [class SVGElement extends Element],
      SVGAnimationElement: [class SVGAnimationElement extends SVGElement],
      SVGComponentTransferFunctionElement: [Function],
      SVGGeometryElement: [class SVGGeometryElement extends SVGGraphicsElement],
      SVGGradientElement: [Function],
      SVGTextPositioningElement: [class SVGTextPositioningElement extends SVGTextContentElement],
      SVGGraphicsElement: [class SVGGraphicsElement extends SVGElement],
      Event: [Function],
      UIEvent: [Function],
      CustomEvent: [class CustomEvent extends Event],
      CloseEvent: [class CloseEvent extends Event],
      AnimationEvent: [class AnimationEvent extends Event],
      KeyboardEvent: [Function],
      MessageEvent: [class MessageEvent extends Event],
      MouseEvent: [class MouseEvent extends UIEvent],
      PointerEvent: [class PointerEvent extends MouseEvent],
      FocusEvent: [class FocusEvent extends UIEvent],
      WheelEvent: [Function],
      InputEvent: [class InputEvent extends UIEvent],
      ErrorEvent: [class ErrorEvent extends UIEvent],
      StorageEvent: [class StorageEvent extends Event],
      SubmitEvent: [class SubmitEvent extends Event],
      ProgressEvent: [class ProgressEvent extends Event],
      MediaQueryListEvent: [class MediaQueryListEvent extends Event],
      HashChangeEvent: [class HashChangeEvent extends Event],
      ClipboardEvent: [class ClipboardEvent extends Event],
      CookieChangeEvent: [class CookieChangeEvent extends Event],
      TouchEvent: [class TouchEvent extends UIEvent],
      PopStateEvent: [class PopStateEvent extends Event],
      Touch: [class Touch],
      AudioProcessingEvent: [Function],
      BeforeInputEvent: [Function],
      BeforeUnloadEvent: [Function],
      BlobEvent: [Function],
      CompositionEvent: [Function],
      CSSFontFaceLoadEvent: [Function],
      DeviceLightEvent: [Function],
      DeviceMotionEvent: [Function],
      DeviceOrientationEvent: [Function],
      DeviceProximityEvent: [Function],
      DOMTransactionEvent: [Function],
      DragEvent: [Function],
      EditingBeforeInputEvent: [Function],
      FetchEvent: [Function],
      GamepadEvent: [Function],
      IDBVersionChangeEvent: [Function],
      MediaStreamEvent: [Function],
      MutationEvent: [Function],
      OfflineAudioCompletionEvent: [Function],
      OverconstrainedError: [Function],
      PageTransitionEvent: [Function],
      PaymentRequestUpdateEvent: [Function],
      RelatedEvent: [Function],
      RTCDataChannelEvent: [Function],
      RTCIdentityErrorEvent: [Function],
      RTCIdentityEvent: [Function],
      RTCPeerConnectionIceEvent: [Function],
      SensorEvent: [Function],
      SVGEvent: [Function],
      SVGZoomEvent: [Function],
      TimeEvent: [Function],
      TrackEvent: [Function],
      TransitionEvent: [Function],
      UserProximityEvent: [Function],
      WebGLContextEvent: [Function],
      TextEvent: [Function],
      Permissions: [class Permissions],
      History: [class History],
      Navigator: [class Navigator],
      Clipboard: [class Clipboard],
      TimeRanges: [class TimeRanges],
      TextTrackCueList: [class TextTrackCueList extends Array],
      ValidityState: [class ValidityState],
      MutationRecord: [class MutationRecord],
      IntersectionObserver: [class IntersectionObserver],
      IntersectionObserverEntry: [class IntersectionObserverEntry],
      CSSStyleDeclaration: [class CSSStyleDeclaration],
      CSSRule: [Function],
      CSSContainerRule: [class CSSContainerRule extends CSSConditionRule],
      CSSFontFaceRule: [class CSSFontFaceRule extends CSSRule],
      CSSKeyframeRule: [class CSSKeyframeRule extends CSSRule],
      CSSKeyframesRule: [class CSSKeyframesRule extends CSSRule],
      CSSMediaRule: [class CSSMediaRule extends CSSConditionRule],
      CSSStyleRule: [class CSSStyleRule extends CSSGroupingRule],
      CSSSupportsRule: [class CSSSupportsRule extends CSSConditionRule],
      CSSConditionRule: [class CSSConditionRule extends CSSGroupingRule],
      CSSGroupingRule: [class CSSGroupingRule extends CSSRule],
      CSSScopeRule: [class CSSScopeRule extends CSSGroupingRule],
      DOMRect: [class DOMRect extends DOMRectReadOnly],
      DOMRectReadOnly: [class DOMRectReadOnly],
      Plugin: [class Plugin],
      PluginArray: [class PluginArray],
      Location: [class Location],
      CustomElementRegistry: [class CustomElementRegistry],
      ResizeObserver: [class ResizeObserver],
      Blob: [class Blob],
      File: [class File extends Blob],
      Storage: [class Storage],
      CookieStore: [class CookieStore extends EventTarget],
      MimeType: [class MimeType],
      MimeTypeArray: [class MimeTypeArray],
      NodeFilter: [Object],
      ImageBitmap: [class ImageBitmap],
      HTMLCollection: [class HTMLCollection],
      HTMLFormControlCollection: [class HTMLFormControlsCollection extends HTMLCollection],
      HTMLOptionsCollection: [class HTMLOptionsCollection extends HTMLCollection],
      NodeList: [class NodeList],
      RadioNodeList: [class RadioNodeList extends NodeList],
      FileList: [class FileList extends Array],
      Screen: [class Screen extends EventTarget],
      ScreenDetails: [class ScreenDetails extends EventTarget],
      ScreenDetailed: [class ScreenDetailed extends Screen],
      NamedNodeMap: [class NamedNodeMap],
      TreeWalker: [class TreeWalker],
      NodeIterator: [class NodeIterator],
      DataTransfer: [class DataTransfer],
      DataTransferItem: [class DataTransferItem],
      DataTransferItemList: [class DataTransferItemList extends Array],
      XMLSerializer: [class XMLSerializer],
      ClipboardItem: [class ClipboardItem],
      Selection: [class Selection],
      CSSUnitValue: [class CSSUnitValue],
      SVGAngle: [Function],
      SVGAnimatedAngle: [class SVGAnimatedAngle],
      SVGAnimatedBoolean: [class SVGAnimatedBoolean],
      SVGAnimatedEnumeration: [class SVGAnimatedEnumeration],
      SVGAnimatedInteger: [class SVGAnimatedInteger],
      SVGAnimatedLength: [class SVGAnimatedLength],
      SVGAnimatedNumber: [class SVGAnimatedNumber],
      SVGAnimatedNumberList: [class SVGAnimatedNumberList],
      SVGAnimatedPreserveAspectRatio: [class SVGAnimatedPreserveAspectRatio],
      SVGAnimatedRect: [class SVGAnimatedRect],
      SVGAnimatedString: [class SVGAnimatedString],
      SVGAnimatedTransformList: [class SVGAnimatedTransformList],
      SVGLength: [Function],
      SVGLengthList: [class SVGLengthList],
      SVGMatrix: [class SVGMatrix],
      SVGNumber: [class SVGNumber],
      SVGNumberList: [class SVGNumberList],
      SVGPoint: [class SVGPoint],
      SVGPointList: [class SVGPointList],
      SVGPreserveAspectRatio: [Function],
      SVGRect: [class SVGRect],
      SVGStringList: [class SVGStringList],
      SVGTransform: [Function],
      SVGTransformList: [class SVGTransformList],
      SVGAnimatedLengthList: [class SVGAnimatedLengthList],
      SVGUnitTypes: [Function],
      StylePropertyMap: [class StylePropertyMap extends StylePropertyMapReadOnly],
      StylePropertyMapReadOnly: [class StylePropertyMapReadOnly],
      MediaList: [class MediaList],
      CSSKeywordValue: [class CSSKeywordValue],
      CSSStyleValue: [class CSSStyleValue],
      Window: [class GlobalWindow extends Window],
      URLSearchParams: [class URLSearchParams],
      WritableStream: [Function],
      ReadableStream: [class ReadableStream],
      TransformStream: [Function: Transform],
      PerformanceObserver: [class PerformanceObserver],
      PerformanceEntry: [class PerformanceEntry],
      PerformanceObserverEntryList: [class PerformanceObserverEntryList],
      document: [HTMLDocument],
      customElements: [CustomElementRegistry],
      window: [Circular *5],
      globalThis: [Circular *5],
      performance: [Performance [EventTarget]],
      screenLeft: 0,
      screenTop: 0,
      screenX: 0,
      screenY: 0,
      crypto: Crypto {},
      TextEncoder: [class TextEncoder],
      TextDecoder: [class TextDecoder],
      closed: false,
      console: [Console [console]],
      name: '',
      Buffer: [Function],
      Document: [class Document extends Document],
      HTMLDocument: [class HTMLDocument extends HTMLDocument],
      XMLDocument: [class XMLDocument extends XMLDocument],
      DocumentFragment: [class DocumentFragment extends DocumentFragment],
      Text: [class Text extends Text],
      Comment: [class Comment extends Comment],
      Image: [class Image extends Image],
      Audio: [class Audio extends Audio],
      MutationObserver: [class MutationObserver extends MutationObserver],
      MessagePort: [class MessagePort extends MessagePort],
      CSSStyleSheet: [class CSSStyleSheet extends CSSStyleSheet],
      DOMException: [class DOMException extends DOMException],
      Headers: [class Headers extends Headers],
      Request: [class Request extends Request],
      Response: [Function],
      EventTarget: [class EventTarget extends EventTarget],
      XMLHttpRequestUpload: [class XMLHttpRequestUpload extends XMLHttpRequestUpload],
      XMLHttpRequestEventTarget: [class XMLHttpRequestEventTarget extends XMLHttpRequestEventTarget],
      AbortController: [class AbortController extends AbortController],
      AbortSignal: [Function],
      FormData: [class FormData extends FormData],
      PermissionStatus: [class PermissionStatus extends PermissionStatus],
      XMLHttpRequest: [class XMLHttpRequest extends XMLHttpRequest],
      DOMParser: [class DOMParser extends DOMParser],
      Range: [class Range extends Range],
      VTTCue: [class VTTCue extends VTTCue],
      TextTrack: [class TextTrack extends TextTrack],
      TextTrackList: [class TextTrackList extends TextTrackList],
      TextTrackCue: [class TextTrackCue extends TextTrackCue],
      RemotePlayback: [class RemotePlayback extends RemotePlayback],
      FileReader: [class FileReader extends FileReader],
      MediaStream: [class MediaStream extends MediaStream],
      MediaStreamTrack: [class MediaStreamTrack extends MediaStreamTrack],
      CanvasCaptureMediaStreamTrack: [class CanvasCaptureMediaStreamTrack extends CanvasCaptureMediaStreamTrack],
      URL: [class URL extends URL],
      WebSocket: [class WebSocket extends WebSocket],
      ImageData: [class ImageData extends ImageData],
      OffscreenCanvas: [class OffscreenCanvas extends OffscreenCanvas],
      DOMMatrixReadOnly: [class DOMMatrixReadOnly extends DOMMatrixReadOnly],
      DOMMatrix: [class DOMMatrix extends DOMMatrix],
      DOMPointReadOnly: [class DOMPointReadOnly extends DOMPointReadOnly],
      DOMPoint: [class DOMPoint extends DOMPoint],
      Animation: [class Animation extends Animation],
      KeyframeEffect: [class KeyframeEffect extends KeyframeEffect],
      happyDOM: DetachedWindowAPI {},
      Array: [Function: Array],
      ArrayBuffer: [Function: ArrayBuffer],
      Boolean: [Function: Boolean],
      DataView: [Function: DataView],
      Date: [Function: Date],
      Error: [Function],
      EvalError: [Function: EvalError],
      Float32Array: [Function: Float32Array],
      Float64Array: [Function: Float64Array],
      Function: [Function: Function],
      Infinity: Infinity,
      Int16Array: [Function: Int16Array],
      Int32Array: [Function: Int32Array],
      Int8Array: [Function: Int8Array],
      Intl: Object [Intl] {},
      JSON: Object [JSON] {},
      Map: [Function: Map],
      Math: Object [Math] {},
      NaN: NaN,
      Number: [Function: Number],
      Object: [Function: Object],
      Promise: [Function: Promise],
      RangeError: [Function: RangeError],
      ReferenceError: [Function: ReferenceError],
      RegExp: [Function: RegExp],
      Set: [Function: Set],
      String: [Function: String],
      Symbol: [Function],
      SyntaxError: [Function: SyntaxError],
      TypeError: [Function: TypeError],
      URIError: [Function: URIError],
      Uint16Array: [Function: Uint16Array],
      Uint32Array: [Function: Uint32Array],
      Uint8Array: [Function: Uint8Array],
      Uint8ClampedArray: [Function: Uint8ClampedArray],
      WeakMap: [Function: WeakMap],
      WeakSet: [Function: WeakSet],
      decodeURI: [Function: decodeURI],
      decodeURIComponent: [Function: decodeURIComponent],
      encodeURI: [Function: encodeURI],
      encodeURIComponent: [Function: encodeURIComponent],
      eval: [Function: eval],
      escape: [Function: escape],
      global: [Object [global]],
      isFinite: [Function: isFinite],
      isNaN: [Function: isNaN],
      parseFloat: [Function: parseFloat],
      parseInt: [Function: parseInt],
      undefined: undefined,
      unescape: [Function: unescape],
      [Symbol(listeners)]: [Object],
      [Symbol(listenerOptions)]: [Object],
      [Symbol(mutationObservers)]: [],
      [Symbol(readyStateManager)]: DocumentReadyStateManager {},
      [Symbol(location)]: [Location],
      [Symbol(history)]: History {},
      [Symbol(navigator)]: Navigator {},
      [Symbol(screen)]: [Screen [EventTarget]],
      [Symbol(sessionStorage)]: [Storage],
      [Symbol(localStorage)]: [Storage],
      [Symbol(cookieStore)]: [CookieStore [EventTarget]],
      [Symbol(self)]: [Circular *5],
      [Symbol(top)]: [Circular *5],
      [Symbol(parent)]: [Circular *5],
      [Symbol(window)]: [Circular *5],
      [Symbol(frames)]: [Circular *5],
      [Symbol(internalId)]: 0,
      [Symbol(customElementReactionStack)]: [CustomElementReactionStack],
      [Symbol(modules)]: [Object],
      [Symbol(moduleImportMap)]: null,
      [Symbol(openWebSockets)]: [],
      [Symbol(propertyEventListeners)]: Map(0) {},
      [Symbol(querySelectorCache)]: Map(0) {}
    },
    [Symbol(element)]: [Circular *1],
    [Symbol(computed)]: false,
    [Symbol(cache)]: {
      attributeValue: 'color: transparent;',
      propertyManager: [CSSPropertyManager]
    }
  },
  [Symbol(dataset)]: null,
  [Symbol(customElementDefineCallback)]: null,
  [Symbol(complete)]: true,
  [Symbol(naturalHeight)]: 0,
  [Symbol(naturalWidth)]: 0,
  [Symbol(loading)]: 'auto',
  [Symbol(x)]: 0,
  [Symbol(y)]: 0,
  [Symbol(buffer)]: null
}

stderr | __tests__/MetadataParser.test.tsx > parseMetadata > returns default values for empty metadata
Image is missing required "src" property: <ref *1> HTMLImageElement {
  '__reactFiber$2ljhqegbpg4': <ref *2> FiberNode {
    tag: 5,
    key: null,
    elementType: 'img',
    type: 'img',
    stateNode: [Circular *1],
    return: FiberNode {
      tag: 11,
      key: null,
      elementType: [Object],
      type: [Object],
      stateNode: null,
      return: [FiberNode],
      child: [Circular *2],
      sibling: null,
      index: 0,
      ref: null,
      pendingProps: [Object],
      memoizedProps: [Object],
      updateQueue: null,
      memoizedState: [Object],
      dependencies: null,
      mode: 1,
      flags: 1048577,
      subtreeFlags: 2097668,
      deletions: null,
      lanes: 0,
      childLanes: 0,
      alternate: null,
      actualDuration: 0,
      actualStartTime: -1,
      selfBaseDuration: 0,
      treeBaseDuration: 0,
      _debugSource: undefined,
      _debugOwner: [FiberNode],
      _debugNeedsRemount: false,
      _debugHookTypes: [Array]
    },
    child: null,
    sibling: null,
    index: 0,
    ref: [Function (anonymous)],
    pendingProps: {
      'data-testid': 'image',
      alt: '',
      fetchpriority: undefined,
      loading: undefined,
      width: 100,
      height: 100,
      decoding: 'async',
      'data-nimg': '1',
      className: undefined,
      style: [Object],
      sizes: undefined,
      srcSet: undefined,
      src: '',
      onLoad: [Function: onLoad],
      onError: [Function: onError]
    },
    memoizedProps: {
      'data-testid': 'image',
      alt: '',
      fetchpriority: undefined,
      loading: undefined,
      width: 100,
      height: 100,
      decoding: 'async',
      'data-nimg': '1',
      className: undefined,
      style: [Object],
      sizes: undefined,
      srcSet: undefined,
      src: '',
      onLoad: [Function: onLoad],
      onError: [Function: onError]
    },
    updateQueue: null,
    memoizedState: null,
    dependencies: null,
    mode: 1,
    flags: 2097668,
    subtreeFlags: 0,
    deletions: null,
    lanes: 0,
    childLanes: 0,
    alternate: null,
    actualDuration: 0,
    actualStartTime: -1,
    selfBaseDuration: 0,
    treeBaseDuration: 0,
    _debugSource: undefined,
    _debugOwner: FiberNode {
      tag: 11,
      key: null,
      elementType: [Object],
      type: [Object],
      stateNode: null,
      return: [FiberNode],
      child: [Circular *2],
      sibling: null,
      index: 0,
      ref: null,
      pendingProps: [Object],
      memoizedProps: [Object],
      updateQueue: null,
      memoizedState: [Object],
      dependencies: null,
      mode: 1,
      flags: 1048577,
      subtreeFlags: 2097668,
      deletions: null,
      lanes: 0,
      childLanes: 0,
      alternate: null,
      actualDuration: 0,
      actualStartTime: -1,
      selfBaseDuration: 0,
      treeBaseDuration: 0,
      _debugSource: undefined,
      _debugOwner: [FiberNode],
      _debugNeedsRemount: false,
      _debugHookTypes: [Array]
    },
    _debugNeedsRemount: false,
    _debugHookTypes: null
  },
  '__reactProps$2ljhqegbpg4': {
    'data-testid': 'image',
    alt: '',
    fetchpriority: undefined,
    loading: undefined,
    width: 100,
    height: 100,
    decoding: 'async',
    'data-nimg': '1',
    className: undefined,
    style: { color: 'transparent' },
    sizes: undefined,
    srcSet: undefined,
    src: '',
    onLoad: [Function: onLoad],
    onError: [Function: onError]
  },
  '__reactEvents$2ljhqegbpg4': Set(2) { 'error__bubble', 'load__bubble' },
  [Symbol(listeners)]: {
    bubbling: Map(2) { 'error' => [Array], 'load' => [Array] },
    capturing: Map(0) {}
  },
  [Symbol(listenerOptions)]: {
    bubbling: Map(2) { 'error' => [Array], 'load' => [Array] },
    capturing: Map(0) {}
  },
  [Symbol(isConnected)]: true,
  [Symbol(parentNode)]: <ref *3> HTMLDivElement {
    '__reactFiber$2ljhqegbpg4': FiberNode {
      tag: 5,
      key: null,
      elementType: 'div',
      type: 'div',
      stateNode: [Circular *3],
      return: [FiberNode],
      child: [FiberNode],
      sibling: null,
      index: 0,
      ref: null,
      pendingProps: [Object],
      memoizedProps: [Object],
      updateQueue: null,
      memoizedState: null,
      dependencies: null,
      mode: 1,
      flags: 0,
      subtreeFlags: 11536901,
      deletions: null,
      lanes: 0,
      childLanes: 0,
      alternate: null,
      actualDuration: 0,
      actualStartTime: -1,
      selfBaseDuration: 0,
      treeBaseDuration: 0,
      _debugSource: [Object],
      _debugOwner: [FiberNode],
      _debugNeedsRemount: false,
      _debugHookTypes: null
    },
    '__reactProps$2ljhqegbpg4': { children: [Array] },
    [Symbol(listeners)]: { bubbling: Map(0) {}, capturing: Map(0) {} },
    [Symbol(listenerOptions)]: { bubbling: Map(0) {}, capturing: Map(0) {} },
    [Symbol(isConnected)]: true,
    [Symbol(parentNode)]: HTMLDivElement {
      '__reactContainer$2ljhqegbpg4': [FiberNode],
      _reactListening7defm8ungkm: true,
      [Symbol(listeners)]: [Object],
      [Symbol(listenerOptions)]: [Object],
      [Symbol(isConnected)]: true,
      [Symbol(parentNode)]: [HTMLBodyElement],
      [Symbol(rootNode)]: [HTMLDocument],
      [Symbol(styleNode)]: null,
      [Symbol(textAreaNode)]: null,
      [Symbol(formNode)]: null,
      [Symbol(selectNode)]: null,
      [Symbol(mutationListeners)]: [],
      [Symbol(nodeArray)]: [Array],
      [Symbol(elementArray)]: [Array],
      [Symbol(childNodes)]: null,
      [Symbol(assignedToSlot)]: null,
      [Symbol(cache)]: [Object],
      [Symbol(affectsCache)]: [],
      [Symbol(ownerDocument)]: [HTMLDocument],
      [Symbol(window)]: [GlobalWindow [EventTarget]],
      [Symbol(classList)]: null,
      [Symbol(isValue)]: null,
      [Symbol(nodeType)]: 1,
      [Symbol(prefix)]: null,
      [Symbol(shadowRoot)]: null,
      [Symbol(scrollHeight)]: 0,
      [Symbol(scrollWidth)]: 0,
      [Symbol(scrollTop)]: 0,
      [Symbol(scrollLeft)]: 0,
      [Symbol(attributes)]: [NamedNodeMap],
      [Symbol(attributesProxy)]: null,
      [Symbol(children)]: null,
      [Symbol(computedStyle)]: null,
      [Symbol(pointerCaptures)]: Set(0) {},
      [Symbol(propertyEventListeners)]: [Map],
      [Symbol(animations)]: [],
      [Symbol(tagName)]: 'DIV',
      [Symbol(localName)]: 'div',
      [Symbol(namespaceURI)]: 'http://www.w3.org/1999/xhtml',
      [Symbol(accessKey)]: '',
      [Symbol(offsetHeight)]: 0,
      [Symbol(offsetWidth)]: 0,
      [Symbol(offsetLeft)]: 0,
      [Symbol(offsetTop)]: 0,
      [Symbol(clientHeight)]: 0,
      [Symbol(clientWidth)]: 0,
      [Symbol(clientLeft)]: 0,
      [Symbol(clientTop)]: 0,
      [Symbol(style)]: null,
      [Symbol(dataset)]: null,
      [Symbol(customElementDefineCallback)]: null
    },
    [Symbol(rootNode)]: <ref *4> HTMLDocument {
      defaultView: [Getter],
      _reactListening7defm8ungkm: true,
      [Symbol(listeners)]: [Object],
      [Symbol(listenerOptions)]: [Object],
      [Symbol(isConnected)]: true,
      [Symbol(parentNode)]: null,
      [Symbol(rootNode)]: [Circular *4],
      [Symbol(styleNode)]: null,
      [Symbol(textAreaNode)]: null,
      [Symbol(formNode)]: null,
      [Symbol(selectNode)]: null,
      [Symbol(mutationListeners)]: [],
      [Symbol(nodeArray)]: [Array],
      [Symbol(elementArray)]: [Array],
      [Symbol(childNodes)]: null,
      [Symbol(assignedToSlot)]: null,
      [Symbol(cache)]: [Object],
      [Symbol(affectsCache)]: [Array],
      [Symbol(ownerDocument)]: null,
      [Symbol(children)]: null,
      [Symbol(activeElement)]: null,
      [Symbol(nextActiveElement)]: null,
      [Symbol(currentScript)]: null,
      [Symbol(isFirstWrite)]: true,
      [Symbol(isFirstWriteAfterOpen)]: false,
      [Symbol(nodeType)]: 9,
      [Symbol(adoptedStyleSheets)]: [],
      [Symbol(implementation)]: DOMImplementation {},
      [Symbol(readyState)]: 'complete',
      [Symbol(referrer)]: '',
      [Symbol(defaultView)]: [GlobalWindow [EventTarget]],
      [Symbol(forms)]: null,
      [Symbol(links)]: null,
      [Symbol(affectsComputedStyleCache)]: [],
      [Symbol(elementIdMap)]: Map(0) {},
      [Symbol(contentType)]: 'text/html',
      [Symbol(xmlProcessingInstruction)]: null,
      [Symbol(preloads)]: Map(0) {},
      [Symbol(propertyEventListeners)]: Map(0) {},
      [Symbol(selection)]: null,
      [Symbol(timeline)]: DocumentTimeline {}
    },
    [Symbol(styleNode)]: null,
    [Symbol(textAreaNode)]: null,
    [Symbol(formNode)]: null,
    [Symbol(selectNode)]: null,
    [Symbol(mutationListeners)]: [],
    [Symbol(nodeArray)]: [
      [HTMLHeadingElement],
      [HTMLParagraphElement],
      [Circular *1],
      [HTMLAnchorElement]
    ],
    [Symbol(elementArray)]: [
      [HTMLHeadingElement],
      [HTMLParagraphElement],
      [Circular *1],
      [HTMLAnchorElement]
    ],
    [Symbol(childNodes)]: null,
    [Symbol(assignedToSlot)]: null,
    [Symbol(cache)]: {
      querySelector: Map(0) {},
      querySelectorAll: Map(0) {},
      matches: Map(0) {},
      elementsByTagName: Map(0) {},
      elementsByTagNameNS: Map(0) {},
      elementByTagName: Map(0) {},
      elementById: Map(0) {},
      computedStyle: null
    },
    [Symbol(affectsCache)]: [],
    [Symbol(ownerDocument)]: <ref *4> HTMLDocument {
      defaultView: [Getter],
      _reactListening7defm8ungkm: true,
      [Symbol(listeners)]: [Object],
      [Symbol(listenerOptions)]: [Object],
      [Symbol(isConnected)]: true,
      [Symbol(parentNode)]: null,
      [Symbol(rootNode)]: [Circular *4],
      [Symbol(styleNode)]: null,
      [Symbol(textAreaNode)]: null,
      [Symbol(formNode)]: null,
      [Symbol(selectNode)]: null,
      [Symbol(mutationListeners)]: [],
      [Symbol(nodeArray)]: [Array],
      [Symbol(elementArray)]: [Array],
      [Symbol(childNodes)]: null,
      [Symbol(assignedToSlot)]: null,
      [Symbol(cache)]: [Object],
      [Symbol(affectsCache)]: [Array],
      [Symbol(ownerDocument)]: null,
      [Symbol(children)]: null,
      [Symbol(activeElement)]: null,
      [Symbol(nextActiveElement)]: null,
      [Symbol(currentScript)]: null,
      [Symbol(isFirstWrite)]: true,
      [Symbol(isFirstWriteAfterOpen)]: false,
      [Symbol(nodeType)]: 9,
      [Symbol(adoptedStyleSheets)]: [],
      [Symbol(implementation)]: DOMImplementation {},
      [Symbol(readyState)]: 'complete',
      [Symbol(referrer)]: '',
      [Symbol(defaultView)]: [GlobalWindow [EventTarget]],
      [Symbol(forms)]: null,
      [Symbol(links)]: null,
      [Symbol(affectsComputedStyleCache)]: [],
      [Symbol(elementIdMap)]: Map(0) {},
      [Symbol(contentType)]: 'text/html',
      [Symbol(xmlProcessingInstruction)]: null,
      [Symbol(preloads)]: Map(0) {},
      [Symbol(propertyEventListeners)]: Map(0) {},
      [Symbol(selection)]: null,
      [Symbol(timeline)]: DocumentTimeline {}
    },
    [Symbol(window)]: <ref *5> GlobalWindow [EventTarget] {
      Node: [Function],
      Attr: [class Attr extends Node],
      ShadowRoot: [class ShadowRoot extends DocumentFragment],
      ProcessingInstruction: [class ProcessingInstruction extends CharacterData],
      Element: [Function],
      CharacterData: [class CharacterData extends Node],
      DocumentType: [class DocumentType extends Node],
      AnimationTimeline: [class AnimationTimeline],
      DocumentTimeline: [class DocumentTimeline extends AnimationTimeline],
      HTMLAnchorElement: [class HTMLAnchorElement extends HTMLElement],
      HTMLButtonElement: [class HTMLButtonElement extends HTMLElement],
      HTMLOptGroupElement: [class HTMLOptGroupElement extends HTMLElement],
      HTMLOptionElement: [class HTMLOptionElement extends HTMLElement],
      HTMLElement: [Function],
      HTMLUnknownElement: [class HTMLUnknownElement extends HTMLElement],
      HTMLTemplateElement: [class HTMLTemplateElement extends HTMLElement],
      HTMLInputElement: [class HTMLInputElement extends HTMLElement],
      HTMLSelectElement: [class HTMLSelectElement extends HTMLElement],
      HTMLTextAreaElement: [class HTMLTextAreaElement extends HTMLElement],
      HTMLImageElement: [class HTMLImageElement extends HTMLElement],
      HTMLStyleElement: [class HTMLStyleElement extends HTMLElement],
      HTMLLabelElement: [class HTMLLabelElement extends HTMLElement],
      HTMLSlotElement: [class HTMLSlotElement extends HTMLElement],
      HTMLMetaElement: [class HTMLMetaElement extends HTMLElement],
      HTMLMediaElement: [class HTMLMediaElement extends HTMLElement],
      HTMLAudioElement: [class HTMLAudioElement extends HTMLMediaElement],
      HTMLVideoElement: [class HTMLVideoElement extends HTMLMediaElement],
      HTMLBaseElement: [class HTMLBaseElement extends HTMLElement],
      HTMLDialogElement: [class HTMLDialogElement extends HTMLElement],
      HTMLScriptElement: [class HTMLScriptElement extends HTMLElement],
      HTMLLinkElement: [class HTMLLinkElement extends HTMLElement],
      HTMLIFrameElement: [class HTMLIFrameElement extends HTMLElement],
      HTMLFormElement: [class HTMLFormElement extends HTMLElement],
      HTMLUListElement: [class HTMLUListElement extends HTMLElement],
      HTMLTrackElement: [class HTMLTrackElement extends HTMLElement],
      HTMLTableRowElement: [class HTMLTableRowElement extends HTMLElement],
      HTMLTitleElement: [class HTMLTitleElement extends HTMLElement],
      HTMLTimeElement: [class HTMLTimeElement extends HTMLElement],
      HTMLTableSectionElement: [class HTMLTableSectionElement extends HTMLElement],
      HTMLTableCellElement: [class HTMLTableCellElement extends HTMLElement],
      HTMLTableElement: [class HTMLTableElement extends HTMLElement],
      HTMLSpanElement: [class HTMLSpanElement extends HTMLElement],
      HTMLSourceElement: [class HTMLSourceElement extends HTMLElement],
      HTMLQuoteElement: [class HTMLQuoteElement extends HTMLElement],
      HTMLProgressElement: [class HTMLProgressElement extends HTMLElement],
      HTMLPreElement: [class HTMLPreElement extends HTMLElement],
      HTMLPictureElement: [class HTMLPictureElement extends HTMLElement],
      HTMLParamElement: [class HTMLParamElement extends HTMLElement],
      HTMLParagraphElement: [class HTMLParagraphElement extends HTMLElement],
      HTMLOutputElement: [class HTMLOutputElement extends HTMLElement],
      HTMLOListElement: [class HTMLOListElement extends HTMLElement],
      HTMLObjectElement: [class HTMLObjectElement extends HTMLElement],
      HTMLMeterElement: [class HTMLMeterElement extends HTMLElement],
      HTMLMenuElement: [class HTMLMenuElement extends HTMLElement],
      HTMLMapElement: [class HTMLMapElement extends HTMLElement],
      HTMLLIElement: [class HTMLLIElement extends HTMLElement],
      HTMLLegendElement: [class HTMLLegendElement extends HTMLElement],
      HTMLModElement: [class HTMLModElement extends HTMLElement],
      HTMLHtmlElement: [class HTMLHtmlElement extends HTMLElement],
      HTMLHRElement: [class HTMLHRElement extends HTMLElement],
      HTMLHeadElement: [class HTMLHeadElement extends HTMLElement],
      HTMLHeadingElement: [class HTMLHeadingElement extends HTMLElement],
      HTMLFieldSetElement: [class HTMLFieldSetElement extends HTMLElement],
      HTMLEmbedElement: [class HTMLEmbedElement extends HTMLElement],
      HTMLDListElement: [class HTMLDListElement extends HTMLElement],
      HTMLDivElement: [class HTMLDivElement extends HTMLElement],
      HTMLDetailsElement: [class HTMLDetailsElement extends HTMLElement],
      HTMLDataListElement: [class HTMLDataListElement extends HTMLElement],
      HTMLDataElement: [class HTMLDataElement extends HTMLElement],
      HTMLTableColElement: [class HTMLTableColElement extends HTMLElement],
      HTMLTableCaptionElement: [class HTMLTableCaptionElement extends HTMLElement],
      HTMLCanvasElement: [class HTMLCanvasElement extends HTMLElement],
      HTMLBRElement: [class HTMLBRElement extends HTMLElement],
      HTMLBodyElement: [class HTMLBodyElement extends HTMLElement],
      HTMLAreaElement: [class HTMLAreaElement extends HTMLElement],
      SVGSVGElement: [class SVGSVGElement extends SVGGraphicsElement],
      SVGAnimateElement: [class SVGAnimateElement extends SVGAnimationElement],
      SVGAnimateMotionElement: [class SVGAnimateMotionElement extends SVGAnimationElement],
      SVGAnimateTransformElement: [class SVGAnimateTransformElement extends SVGAnimationElement],
      SVGCircleElement: [class SVGCircleElement extends SVGGeometryElement],
      SVGClipPathElement: [class SVGClipPathElement extends SVGElement],
      SVGDefsElement: [class SVGDefsElement extends SVGGraphicsElement],
      SVGDescElement: [class SVGDescElement extends SVGElement],
      SVGEllipseElement: [class SVGEllipseElement extends SVGGeometryElement],
      SVGFEBlendElement: [Function],
      SVGFEColorMatrixElement: [Function],
      SVGFEComponentTransferElement: [class SVGFEComponentTransferElement extends SVGElement],
      SVGFECompositeElement: [Function],
      SVGFEConvolveMatrixElement: [Function],
      SVGFEDiffuseLightingElement: [class SVGFEDiffuseLightingElement extends SVGElement],
      SVGFEDisplacementMapElement: [Function],
      SVGFEDistantLightElement: [class SVGFEDistantLightElement extends SVGElement],
      SVGFEDropShadowElement: [class SVGFEDropShadowElement extends SVGElement],
      SVGFEFloodElement: [class SVGFEFloodElement extends SVGElement],
      SVGFEFuncAElement: [class SVGFEFuncAElement extends SVGComponentTransferFunctionElement],
      SVGFEFuncBElement: [class SVGFEFuncBElement extends SVGComponentTransferFunctionElement],
      SVGFEFuncGElement: [class SVGFEFuncGElement extends SVGComponentTransferFunctionElement],
      SVGFEFuncRElement: [class SVGFEFuncRElement extends SVGComponentTransferFunctionElement],
      SVGFEGaussianBlurElement: [Function],
      SVGFEImageElement: [class SVGFEImageElement extends SVGElement],
      SVGFEMergeElement: [class SVGFEMergeElement extends SVGElement],
      SVGFEMergeNodeElement: [class SVGFEMergeNodeElement extends SVGElement],
      SVGFEMorphologyElement: [Function],
      SVGFEOffsetElement: [class SVGFEOffsetElement extends SVGElement],
      SVGFEPointLightElement: [class SVGFEPointLightElement extends SVGElement],
      SVGFESpecularLightingElement: [class SVGFESpecularLightingElement extends SVGElement],
      SVGFESpotLightElement: [class SVGFESpotLightElement extends SVGElement],
      SVGFETileElement: [class SVGFETileElement extends SVGElement],
      SVGFETurbulenceElement: [Function],
      SVGFilterElement: [class SVGFilterElement extends SVGElement],
      SVGForeignObjectElement: [class SVGForeignObjectElement extends SVGGraphicsElement],
      SVGGElement: [class SVGGElement extends SVGGraphicsElement],
      SVGImageElement: [class SVGImageElement extends SVGGraphicsElement],
      SVGLineElement: [class SVGLineElement extends SVGGeometryElement],
      SVGLinearGradientElement: [class SVGLinearGradientElement extends SVGGradientElement],
      SVGMarkerElement: [Function],
      SVGMaskElement: [class SVGMaskElement extends SVGElement],
      SVGMetadataElement: [class SVGMetadataElement extends SVGElement],
      SVGMPathElement: [class SVGMPathElement extends SVGElement],
      SVGPathElement: [class SVGPathElement extends SVGGeometryElement],
      SVGPatternElement: [class SVGPatternElement extends SVGElement],
      SVGPolygonElement: [class SVGPolygonElement extends SVGGeometryElement],
      SVGPolylineElement: [class SVGPolylineElement extends SVGGeometryElement],
      SVGRadialGradientElement: [class SVGRadialGradientElement extends SVGGradientElement],
      SVGRectElement: [class SVGRectElement extends SVGGeometryElement],
      SVGScriptElement: [class SVGScriptElement extends SVGGraphicsElement],
      SVGSetElement: [class SVGSetElement extends SVGAnimationElement],
      SVGStopElement: [class SVGStopElement extends SVGElement],
      SVGStyleElement: [class SVGStyleElement extends SVGElement],
      SVGSwitchElement: [class SVGSwitchElement extends SVGGraphicsElement],
      SVGSymbolElement: [class SVGSymbolElement extends SVGGraphicsElement],
      SVGTextElement: [class SVGTextElement extends SVGTextPositioningElement],
      SVGTextPathElement: [Function],
      SVGTitleElement: [class SVGTitleElement extends SVGElement],
      SVGTSpanElement: [class SVGTSpanElement extends SVGTextPositioningElement],
      SVGUseElement: [class SVGUseElement extends SVGGraphicsElement],
      SVGViewElement: [class SVGViewElement extends SVGElement],
      SVGElement: [class SVGElement extends Element],
      SVGAnimationElement: [class SVGAnimationElement extends SVGElement],
      SVGComponentTransferFunctionElement: [Function],
      SVGGeometryElement: [class SVGGeometryElement extends SVGGraphicsElement],
      SVGGradientElement: [Function],
      SVGTextPositioningElement: [class SVGTextPositioningElement extends SVGTextContentElement],
      SVGGraphicsElement: [class SVGGraphicsElement extends SVGElement],
      Event: [Function],
      UIEvent: [Function],
      CustomEvent: [class CustomEvent extends Event],
      CloseEvent: [class CloseEvent extends Event],
      AnimationEvent: [class AnimationEvent extends Event],
      KeyboardEvent: [Function],
      MessageEvent: [class MessageEvent extends Event],
      MouseEvent: [class MouseEvent extends UIEvent],
      PointerEvent: [class PointerEvent extends MouseEvent],
      FocusEvent: [class FocusEvent extends UIEvent],
      WheelEvent: [Function],
      InputEvent: [class InputEvent extends UIEvent],
      ErrorEvent: [class ErrorEvent extends UIEvent],
      StorageEvent: [class StorageEvent extends Event],
      SubmitEvent: [class SubmitEvent extends Event],
      ProgressEvent: [class ProgressEvent extends Event],
      MediaQueryListEvent: [class MediaQueryListEvent extends Event],
      HashChangeEvent: [class HashChangeEvent extends Event],
      ClipboardEvent: [class ClipboardEvent extends Event],
      CookieChangeEvent: [class CookieChangeEvent extends Event],
      TouchEvent: [class TouchEvent extends UIEvent],
      PopStateEvent: [class PopStateEvent extends Event],
      Touch: [class Touch],
      AudioProcessingEvent: [Function],
      BeforeInputEvent: [Function],
      BeforeUnloadEvent: [Function],
      BlobEvent: [Function],
      CompositionEvent: [Function],
      CSSFontFaceLoadEvent: [Function],
      DeviceLightEvent: [Function],
      DeviceMotionEvent: [Function],
      DeviceOrientationEvent: [Function],
      DeviceProximityEvent: [Function],
      DOMTransactionEvent: [Function],
      DragEvent: [Function],
      EditingBeforeInputEvent: [Function],
      FetchEvent: [Function],
      GamepadEvent: [Function],
      IDBVersionChangeEvent: [Function],
      MediaStreamEvent: [Function],
      MutationEvent: [Function],
      OfflineAudioCompletionEvent: [Function],
      OverconstrainedError: [Function],
      PageTransitionEvent: [Function],
      PaymentRequestUpdateEvent: [Function],
      RelatedEvent: [Function],
      RTCDataChannelEvent: [Function],
      RTCIdentityErrorEvent: [Function],
      RTCIdentityEvent: [Function],
      RTCPeerConnectionIceEvent: [Function],
      SensorEvent: [Function],
      SVGEvent: [Function],
      SVGZoomEvent: [Function],
      TimeEvent: [Function],
      TrackEvent: [Function],
      TransitionEvent: [Function],
      UserProximityEvent: [Function],
      WebGLContextEvent: [Function],
      TextEvent: [Function],
      Permissions: [class Permissions],
      History: [class History],
      Navigator: [class Navigator],
      Clipboard: [class Clipboard],
      TimeRanges: [class TimeRanges],
      TextTrackCueList: [class TextTrackCueList extends Array],
      ValidityState: [class ValidityState],
      MutationRecord: [class MutationRecord],
      IntersectionObserver: [class IntersectionObserver],
      IntersectionObserverEntry: [class IntersectionObserverEntry],
      CSSStyleDeclaration: [class CSSStyleDeclaration],
      CSSRule: [Function],
      CSSContainerRule: [class CSSContainerRule extends CSSConditionRule],
      CSSFontFaceRule: [class CSSFontFaceRule extends CSSRule],
      CSSKeyframeRule: [class CSSKeyframeRule extends CSSRule],
      CSSKeyframesRule: [class CSSKeyframesRule extends CSSRule],
      CSSMediaRule: [class CSSMediaRule extends CSSConditionRule],
      CSSStyleRule: [class CSSStyleRule extends CSSGroupingRule],
      CSSSupportsRule: [class CSSSupportsRule extends CSSConditionRule],
      CSSConditionRule: [class CSSConditionRule extends CSSGroupingRule],
      CSSGroupingRule: [class CSSGroupingRule extends CSSRule],
      CSSScopeRule: [class CSSScopeRule extends CSSGroupingRule],
      DOMRect: [class DOMRect extends DOMRectReadOnly],
      DOMRectReadOnly: [class DOMRectReadOnly],
      Plugin: [class Plugin],
      PluginArray: [class PluginArray],
      Location: [class Location],
      CustomElementRegistry: [class CustomElementRegistry],
      ResizeObserver: [class ResizeObserver],
      Blob: [class Blob],
      File: [class File extends Blob],
      Storage: [class Storage],
      CookieStore: [class CookieStore extends EventTarget],
      MimeType: [class MimeType],
      MimeTypeArray: [class MimeTypeArray],
      NodeFilter: [Object],
      ImageBitmap: [class ImageBitmap],
      HTMLCollection: [class HTMLCollection],
      HTMLFormControlCollection: [class HTMLFormControlsCollection extends HTMLCollection],
      HTMLOptionsCollection: [class HTMLOptionsCollection extends HTMLCollection],
      NodeList: [class NodeList],
      RadioNodeList: [class RadioNodeList extends NodeList],
      FileList: [class FileList extends Array],
      Screen: [class Screen extends EventTarget],
      ScreenDetails: [class ScreenDetails extends EventTarget],
      ScreenDetailed: [class ScreenDetailed extends Screen],
      NamedNodeMap: [class NamedNodeMap],
      TreeWalker: [class TreeWalker],
      NodeIterator: [class NodeIterator],
      DataTransfer: [class DataTransfer],
      DataTransferItem: [class DataTransferItem],
      DataTransferItemList: [class DataTransferItemList extends Array],
      XMLSerializer: [class XMLSerializer],
      ClipboardItem: [class ClipboardItem],
      Selection: [class Selection],
      CSSUnitValue: [class CSSUnitValue],
      SVGAngle: [Function],
      SVGAnimatedAngle: [class SVGAnimatedAngle],
      SVGAnimatedBoolean: [class SVGAnimatedBoolean],
      SVGAnimatedEnumeration: [class SVGAnimatedEnumeration],
      SVGAnimatedInteger: [class SVGAnimatedInteger],
      SVGAnimatedLength: [class SVGAnimatedLength],
      SVGAnimatedNumber: [class SVGAnimatedNumber],
      SVGAnimatedNumberList: [class SVGAnimatedNumberList],
      SVGAnimatedPreserveAspectRatio: [class SVGAnimatedPreserveAspectRatio],
      SVGAnimatedRect: [class SVGAnimatedRect],
      SVGAnimatedString: [class SVGAnimatedString],
      SVGAnimatedTransformList: [class SVGAnimatedTransformList],
      SVGLength: [Function],
      SVGLengthList: [class SVGLengthList],
      SVGMatrix: [class SVGMatrix],
      SVGNumber: [class SVGNumber],
      SVGNumberList: [class SVGNumberList],
      SVGPoint: [class SVGPoint],
      SVGPointList: [class SVGPointList],
      SVGPreserveAspectRatio: [Function],
      SVGRect: [class SVGRect],
      SVGStringList: [class SVGStringList],
      SVGTransform: [Function],
      SVGTransformList: [class SVGTransformList],
      SVGAnimatedLengthList: [class SVGAnimatedLengthList],
      SVGUnitTypes: [Function],
      StylePropertyMap: [class StylePropertyMap extends StylePropertyMapReadOnly],
      StylePropertyMapReadOnly: [class StylePropertyMapReadOnly],
      MediaList: [class MediaList],
      CSSKeywordValue: [class CSSKeywordValue],
      CSSStyleValue: [class CSSStyleValue],
      Window: [class GlobalWindow extends Window],
      URLSearchParams: [class URLSearchParams],
      WritableStream: [Function],
      ReadableStream: [class ReadableStream],
      TransformStream: [Function: Transform],
      PerformanceObserver: [class PerformanceObserver],
      PerformanceEntry: [class PerformanceEntry],
      PerformanceObserverEntryList: [class PerformanceObserverEntryList],
      document: [HTMLDocument],
      customElements: [CustomElementRegistry],
      window: [Circular *5],
      globalThis: [Circular *5],
      performance: [Performance [EventTarget]],
      screenLeft: 0,
      screenTop: 0,
      screenX: 0,
      screenY: 0,
      crypto: Crypto {},
      TextEncoder: [class TextEncoder],
      TextDecoder: [class TextDecoder],
      closed: false,
      console: [Console [console]],
      name: '',
      Buffer: [Function],
      Document: [class Document extends Document],
      HTMLDocument: [class HTMLDocument extends HTMLDocument],
      XMLDocument: [class XMLDocument extends XMLDocument],
      DocumentFragment: [class DocumentFragment extends DocumentFragment],
      Text: [class Text extends Text],
      Comment: [class Comment extends Comment],
      Image: [class Image extends Image],
      Audio: [class Audio extends Audio],
      MutationObserver: [class MutationObserver extends MutationObserver],
      MessagePort: [class MessagePort extends MessagePort],
      CSSStyleSheet: [class CSSStyleSheet extends CSSStyleSheet],
      DOMException: [class DOMException extends DOMException],
      Headers: [class Headers extends Headers],
      Request: [class Request extends Request],
      Response: [Function],
      EventTarget: [class EventTarget extends EventTarget],
      XMLHttpRequestUpload: [class XMLHttpRequestUpload extends XMLHttpRequestUpload],
      XMLHttpRequestEventTarget: [class XMLHttpRequestEventTarget extends XMLHttpRequestEventTarget],
      AbortController: [class AbortController extends AbortController],
      AbortSignal: [Function],
      FormData: [class FormData extends FormData],
      PermissionStatus: [class PermissionStatus extends PermissionStatus],
      XMLHttpRequest: [class XMLHttpRequest extends XMLHttpRequest],
      DOMParser: [class DOMParser extends DOMParser],
      Range: [class Range extends Range],
      VTTCue: [class VTTCue extends VTTCue],
      TextTrack: [class TextTrack extends TextTrack],
      TextTrackList: [class TextTrackList extends TextTrackList],
      TextTrackCue: [class TextTrackCue extends TextTrackCue],
      RemotePlayback: [class RemotePlayback extends RemotePlayback],
      FileReader: [class FileReader extends FileReader],
      MediaStream: [class MediaStream extends MediaStream],
      MediaStreamTrack: [class MediaStreamTrack extends MediaStreamTrack],
      CanvasCaptureMediaStreamTrack: [class CanvasCaptureMediaStreamTrack extends CanvasCaptureMediaStreamTrack],
      URL: [class URL extends URL],
      WebSocket: [class WebSocket extends WebSocket],
      ImageData: [class ImageData extends ImageData],
      OffscreenCanvas: [class OffscreenCanvas extends OffscreenCanvas],
      DOMMatrixReadOnly: [class DOMMatrixReadOnly extends DOMMatrixReadOnly],
      DOMMatrix: [class DOMMatrix extends DOMMatrix],
      DOMPointReadOnly: [class DOMPointReadOnly extends DOMPointReadOnly],
      DOMPoint: [class DOMPoint extends DOMPoint],
      Animation: [class Animation extends Animation],
      KeyframeEffect: [class KeyframeEffect extends KeyframeEffect],
      happyDOM: DetachedWindowAPI {},
      Array: [Function: Array],
      ArrayBuffer: [Function: ArrayBuffer],
      Boolean: [Function: Boolean],
      DataView: [Function: DataView],
      Date: [Function: Date],
      Error: [Function],
      EvalError: [Function: EvalError],
      Float32Array: [Function: Float32Array],
      Float64Array: [Function: Float64Array],
      Function: [Function: Function],
      Infinity: Infinity,
      Int16Array: [Function: Int16Array],
      Int32Array: [Function: Int32Array],
      Int8Array: [Function: Int8Array],
      Intl: Object [Intl] {},
      JSON: Object [JSON] {},
      Map: [Function: Map],
      Math: Object [Math] {},
      NaN: NaN,
      Number: [Function: Number],
      Object: [Function: Object],
      Promise: [Function: Promise],
      RangeError: [Function: RangeError],
      ReferenceError: [Function: ReferenceError],
      RegExp: [Function: RegExp],
      Set: [Function: Set],
      String: [Function: String],
      Symbol: [Function],
      SyntaxError: [Function: SyntaxError],
      TypeError: [Function: TypeError],
      URIError: [Function: URIError],
      Uint16Array: [Function: Uint16Array],
      Uint32Array: [Function: Uint32Array],
      Uint8Array: [Function: Uint8Array],
      Uint8ClampedArray: [Function: Uint8ClampedArray],
      WeakMap: [Function: WeakMap],
      WeakSet: [Function: WeakSet],
      decodeURI: [Function: decodeURI],
      decodeURIComponent: [Function: decodeURIComponent],
      encodeURI: [Function: encodeURI],
      encodeURIComponent: [Function: encodeURIComponent],
      eval: [Function: eval],
      escape: [Function: escape],
      global: [Object [global]],
      isFinite: [Function: isFinite],
      isNaN: [Function: isNaN],
      parseFloat: [Function: parseFloat],
      parseInt: [Function: parseInt],
      undefined: undefined,
      unescape: [Function: unescape],
      [Symbol(listeners)]: [Object],
      [Symbol(listenerOptions)]: [Object],
      [Symbol(mutationObservers)]: [],
      [Symbol(readyStateManager)]: DocumentReadyStateManager {},
      [Symbol(location)]: [Location],
      [Symbol(history)]: History {},
      [Symbol(navigator)]: Navigator {},
      [Symbol(screen)]: [Screen [EventTarget]],
      [Symbol(sessionStorage)]: [Storage],
      [Symbol(localStorage)]: [Storage],
      [Symbol(cookieStore)]: [CookieStore [EventTarget]],
      [Symbol(self)]: [Circular *5],
      [Symbol(top)]: [Circular *5],
      [Symbol(parent)]: [Circular *5],
      [Symbol(window)]: [Circular *5],
      [Symbol(frames)]: [Circular *5],
      [Symbol(internalId)]: 0,
      [Symbol(customElementReactionStack)]: [CustomElementReactionStack],
      [Symbol(modules)]: [Object],
      [Symbol(moduleImportMap)]: null,
      [Symbol(openWebSockets)]: [],
      [Symbol(propertyEventListeners)]: Map(0) {},
      [Symbol(querySelectorCache)]: [Map]
    },
    [Symbol(classList)]: null,
    [Symbol(isValue)]: null,
    [Symbol(nodeType)]: 1,
    [Symbol(prefix)]: null,
    [Symbol(shadowRoot)]: null,
    [Symbol(scrollHeight)]: 0,
    [Symbol(scrollWidth)]: 0,
    [Symbol(scrollTop)]: 0,
    [Symbol(scrollLeft)]: 0,
    [Symbol(attributes)]: NamedNodeMap {
      [Symbol(itemsByNamespaceURI)]: Map(0) {},
      [Symbol(itemsByName)]: Map(0) {},
      [Symbol(items)]: Map(0) {},
      [Symbol(ownerElement)]: [Circular *3]
    },
    [Symbol(attributesProxy)]: null,
    [Symbol(children)]: null,
    [Symbol(computedStyle)]: null,
    [Symbol(pointerCaptures)]: Set(0) {},
    [Symbol(propertyEventListeners)]: Map(0) {},
    [Symbol(animations)]: [],
    [Symbol(tagName)]: 'DIV',
    [Symbol(localName)]: 'div',
    [Symbol(namespaceURI)]: 'http://www.w3.org/1999/xhtml',
    [Symbol(accessKey)]: '',
    [Symbol(offsetHeight)]: 0,
    [Symbol(offsetWidth)]: 0,
    [Symbol(offsetLeft)]: 0,
    [Symbol(offsetTop)]: 0,
    [Symbol(clientHeight)]: 0,
    [Symbol(clientWidth)]: 0,
    [Symbol(clientLeft)]: 0,
    [Symbol(clientTop)]: 0,
    [Symbol(style)]: null,
    [Symbol(dataset)]: null,
    [Symbol(customElementDefineCallback)]: null
  },
  [Symbol(rootNode)]: <ref *4> HTMLDocument {
    defaultView: [Getter],
    _reactListening7defm8ungkm: true,
    [Symbol(listeners)]: { bubbling: [Map], capturing: Map(0) {} },
    [Symbol(listenerOptions)]: { bubbling: [Map], capturing: Map(0) {} },
    [Symbol(isConnected)]: true,
    [Symbol(parentNode)]: null,
    [Symbol(rootNode)]: [Circular *4],
    [Symbol(styleNode)]: null,
    [Symbol(textAreaNode)]: null,
    [Symbol(formNode)]: null,
    [Symbol(selectNode)]: null,
    [Symbol(mutationListeners)]: [],
    [Symbol(nodeArray)]: [ [HTMLHtmlElement] ],
    [Symbol(elementArray)]: [ [HTMLHtmlElement] ],
    [Symbol(childNodes)]: null,
    [Symbol(assignedToSlot)]: null,
    [Symbol(cache)]: {
      querySelector: Map(0) {},
      querySelectorAll: Map(0) {},
      matches: Map(0) {},
      elementsByTagName: Map(0) {},
      elementsByTagNameNS: Map(0) {},
      elementByTagName: Map(0) {},
      elementById: Map(0) {},
      computedStyle: null
    },
    [Symbol(affectsCache)]: [ [Object] ],
    [Symbol(ownerDocument)]: null,
    [Symbol(children)]: null,
    [Symbol(activeElement)]: null,
    [Symbol(nextActiveElement)]: null,
    [Symbol(currentScript)]: null,
    [Symbol(isFirstWrite)]: true,
    [Symbol(isFirstWriteAfterOpen)]: false,
    [Symbol(nodeType)]: 9,
    [Symbol(adoptedStyleSheets)]: [],
    [Symbol(implementation)]: DOMImplementation {},
    [Symbol(readyState)]: 'complete',
    [Symbol(referrer)]: '',
    [Symbol(defaultView)]: <ref *5> GlobalWindow [EventTarget] {
      Node: [Function],
      Attr: [class Attr extends Node],
      ShadowRoot: [class ShadowRoot extends DocumentFragment],
      ProcessingInstruction: [class ProcessingInstruction extends CharacterData],
      Element: [Function],
      CharacterData: [class CharacterData extends Node],
      DocumentType: [class DocumentType extends Node],
      AnimationTimeline: [class AnimationTimeline],
      DocumentTimeline: [class DocumentTimeline extends AnimationTimeline],
      HTMLAnchorElement: [class HTMLAnchorElement extends HTMLElement],
      HTMLButtonElement: [class HTMLButtonElement extends HTMLElement],
      HTMLOptGroupElement: [class HTMLOptGroupElement extends HTMLElement],
      HTMLOptionElement: [class HTMLOptionElement extends HTMLElement],
      HTMLElement: [Function],
      HTMLUnknownElement: [class HTMLUnknownElement extends HTMLElement],
      HTMLTemplateElement: [class HTMLTemplateElement extends HTMLElement],
      HTMLInputElement: [class HTMLInputElement extends HTMLElement],
      HTMLSelectElement: [class HTMLSelectElement extends HTMLElement],
      HTMLTextAreaElement: [class HTMLTextAreaElement extends HTMLElement],
      HTMLImageElement: [class HTMLImageElement extends HTMLElement],
      HTMLStyleElement: [class HTMLStyleElement extends HTMLElement],
      HTMLLabelElement: [class HTMLLabelElement extends HTMLElement],
      HTMLSlotElement: [class HTMLSlotElement extends HTMLElement],
      HTMLMetaElement: [class HTMLMetaElement extends HTMLElement],
      HTMLMediaElement: [class HTMLMediaElement extends HTMLElement],
      HTMLAudioElement: [class HTMLAudioElement extends HTMLMediaElement],
      HTMLVideoElement: [class HTMLVideoElement extends HTMLMediaElement],
      HTMLBaseElement: [class HTMLBaseElement extends HTMLElement],
      HTMLDialogElement: [class HTMLDialogElement extends HTMLElement],
      HTMLScriptElement: [class HTMLScriptElement extends HTMLElement],
      HTMLLinkElement: [class HTMLLinkElement extends HTMLElement],
      HTMLIFrameElement: [class HTMLIFrameElement extends HTMLElement],
      HTMLFormElement: [class HTMLFormElement extends HTMLElement],
      HTMLUListElement: [class HTMLUListElement extends HTMLElement],
      HTMLTrackElement: [class HTMLTrackElement extends HTMLElement],
      HTMLTableRowElement: [class HTMLTableRowElement extends HTMLElement],
      HTMLTitleElement: [class HTMLTitleElement extends HTMLElement],
      HTMLTimeElement: [class HTMLTimeElement extends HTMLElement],
      HTMLTableSectionElement: [class HTMLTableSectionElement extends HTMLElement],
      HTMLTableCellElement: [class HTMLTableCellElement extends HTMLElement],
      HTMLTableElement: [class HTMLTableElement extends HTMLElement],
      HTMLSpanElement: [class HTMLSpanElement extends HTMLElement],
      HTMLSourceElement: [class HTMLSourceElement extends HTMLElement],
      HTMLQuoteElement: [class HTMLQuoteElement extends HTMLElement],
      HTMLProgressElement: [class HTMLProgressElement extends HTMLElement],
      HTMLPreElement: [class HTMLPreElement extends HTMLElement],
      HTMLPictureElement: [class HTMLPictureElement extends HTMLElement],
      HTMLParamElement: [class HTMLParamElement extends HTMLElement],
      HTMLParagraphElement: [class HTMLParagraphElement extends HTMLElement],
      HTMLOutputElement: [class HTMLOutputElement extends HTMLElement],
      HTMLOListElement: [class HTMLOListElement extends HTMLElement],
      HTMLObjectElement: [class HTMLObjectElement extends HTMLElement],
      HTMLMeterElement: [class HTMLMeterElement extends HTMLElement],
      HTMLMenuElement: [class HTMLMenuElement extends HTMLElement],
      HTMLMapElement: [class HTMLMapElement extends HTMLElement],
      HTMLLIElement: [class HTMLLIElement extends HTMLElement],
      HTMLLegendElement: [class HTMLLegendElement extends HTMLElement],
      HTMLModElement: [class HTMLModElement extends HTMLElement],
      HTMLHtmlElement: [class HTMLHtmlElement extends HTMLElement],
      HTMLHRElement: [class HTMLHRElement extends HTMLElement],
      HTMLHeadElement: [class HTMLHeadElement extends HTMLElement],
      HTMLHeadingElement: [class HTMLHeadingElement extends HTMLElement],
      HTMLFieldSetElement: [class HTMLFieldSetElement extends HTMLElement],
      HTMLEmbedElement: [class HTMLEmbedElement extends HTMLElement],
      HTMLDListElement: [class HTMLDListElement extends HTMLElement],
      HTMLDivElement: [class HTMLDivElement extends HTMLElement],
      HTMLDetailsElement: [class HTMLDetailsElement extends HTMLElement],
      HTMLDataListElement: [class HTMLDataListElement extends HTMLElement],
      HTMLDataElement: [class HTMLDataElement extends HTMLElement],
      HTMLTableColElement: [class HTMLTableColElement extends HTMLElement],
      HTMLTableCaptionElement: [class HTMLTableCaptionElement extends HTMLElement],
      HTMLCanvasElement: [class HTMLCanvasElement extends HTMLElement],
      HTMLBRElement: [class HTMLBRElement extends HTMLElement],
      HTMLBodyElement: [class HTMLBodyElement extends HTMLElement],
      HTMLAreaElement: [class HTMLAreaElement extends HTMLElement],
      SVGSVGElement: [class SVGSVGElement extends SVGGraphicsElement],
      SVGAnimateElement: [class SVGAnimateElement extends SVGAnimationElement],
      SVGAnimateMotionElement: [class SVGAnimateMotionElement extends SVGAnimationElement],
      SVGAnimateTransformElement: [class SVGAnimateTransformElement extends SVGAnimationElement],
      SVGCircleElement: [class SVGCircleElement extends SVGGeometryElement],
      SVGClipPathElement: [class SVGClipPathElement extends SVGElement],
      SVGDefsElement: [class SVGDefsElement extends SVGGraphicsElement],
      SVGDescElement: [class SVGDescElement extends SVGElement],
      SVGEllipseElement: [class SVGEllipseElement extends SVGGeometryElement],
      SVGFEBlendElement: [Function],
      SVGFEColorMatrixElement: [Function],
      SVGFEComponentTransferElement: [class SVGFEComponentTransferElement extends SVGElement],
      SVGFECompositeElement: [Function],
      SVGFEConvolveMatrixElement: [Function],
      SVGFEDiffuseLightingElement: [class SVGFEDiffuseLightingElement extends SVGElement],
      SVGFEDisplacementMapElement: [Function],
      SVGFEDistantLightElement: [class SVGFEDistantLightElement extends SVGElement],
      SVGFEDropShadowElement: [class SVGFEDropShadowElement extends SVGElement],
      SVGFEFloodElement: [class SVGFEFloodElement extends SVGElement],
      SVGFEFuncAElement: [class SVGFEFuncAElement extends SVGComponentTransferFunctionElement],
      SVGFEFuncBElement: [class SVGFEFuncBElement extends SVGComponentTransferFunctionElement],
      SVGFEFuncGElement: [class SVGFEFuncGElement extends SVGComponentTransferFunctionElement],
      SVGFEFuncRElement: [class SVGFEFuncRElement extends SVGComponentTransferFunctionElement],
      SVGFEGaussianBlurElement: [Function],
      SVGFEImageElement: [class SVGFEImageElement extends SVGElement],
      SVGFEMergeElement: [class SVGFEMergeElement extends SVGElement],
      SVGFEMergeNodeElement: [class SVGFEMergeNodeElement extends SVGElement],
      SVGFEMorphologyElement: [Function],
      SVGFEOffsetElement: [class SVGFEOffsetElement extends SVGElement],
      SVGFEPointLightElement: [class SVGFEPointLightElement extends SVGElement],
      SVGFESpecularLightingElement: [class SVGFESpecularLightingElement extends SVGElement],
      SVGFESpotLightElement: [class SVGFESpotLightElement extends SVGElement],
      SVGFETileElement: [class SVGFETileElement extends SVGElement],
      SVGFETurbulenceElement: [Function],
      SVGFilterElement: [class SVGFilterElement extends SVGElement],
      SVGForeignObjectElement: [class SVGForeignObjectElement extends SVGGraphicsElement],
      SVGGElement: [class SVGGElement extends SVGGraphicsElement],
      SVGImageElement: [class SVGImageElement extends SVGGraphicsElement],
      SVGLineElement: [class SVGLineElement extends SVGGeometryElement],
      SVGLinearGradientElement: [class SVGLinearGradientElement extends SVGGradientElement],
      SVGMarkerElement: [Function],
      SVGMaskElement: [class SVGMaskElement extends SVGElement],
      SVGMetadataElement: [class SVGMetadataElement extends SVGElement],
      SVGMPathElement: [class SVGMPathElement extends SVGElement],
      SVGPathElement: [class SVGPathElement extends SVGGeometryElement],
      SVGPatternElement: [class SVGPatternElement extends SVGElement],
      SVGPolygonElement: [class SVGPolygonElement extends SVGGeometryElement],
      SVGPolylineElement: [class SVGPolylineElement extends SVGGeometryElement],
      SVGRadialGradientElement: [class SVGRadialGradientElement extends SVGGradientElement],
      SVGRectElement: [class SVGRectElement extends SVGGeometryElement],
      SVGScriptElement: [class SVGScriptElement extends SVGGraphicsElement],
      SVGSetElement: [class SVGSetElement extends SVGAnimationElement],
      SVGStopElement: [class SVGStopElement extends SVGElement],
      SVGStyleElement: [class SVGStyleElement extends SVGElement],
      SVGSwitchElement: [class SVGSwitchElement extends SVGGraphicsElement],
      SVGSymbolElement: [class SVGSymbolElement extends SVGGraphicsElement],
      SVGTextElement: [class SVGTextElement extends SVGTextPositioningElement],
      SVGTextPathElement: [Function],
      SVGTitleElement: [class SVGTitleElement extends SVGElement],
      SVGTSpanElement: [class SVGTSpanElement extends SVGTextPositioningElement],
      SVGUseElement: [class SVGUseElement extends SVGGraphicsElement],
      SVGViewElement: [class SVGViewElement extends SVGElement],
      SVGElement: [class SVGElement extends Element],
      SVGAnimationElement: [class SVGAnimationElement extends SVGElement],
      SVGComponentTransferFunctionElement: [Function],
      SVGGeometryElement: [class SVGGeometryElement extends SVGGraphicsElement],
      SVGGradientElement: [Function],
      SVGTextPositioningElement: [class SVGTextPositioningElement extends SVGTextContentElement],
      SVGGraphicsElement: [class SVGGraphicsElement extends SVGElement],
      Event: [Function],
      UIEvent: [Function],
      CustomEvent: [class CustomEvent extends Event],
      CloseEvent: [class CloseEvent extends Event],
      AnimationEvent: [class AnimationEvent extends Event],
      KeyboardEvent: [Function],
      MessageEvent: [class MessageEvent extends Event],
      MouseEvent: [class MouseEvent extends UIEvent],
      PointerEvent: [class PointerEvent extends MouseEvent],
      FocusEvent: [class FocusEvent extends UIEvent],
      WheelEvent: [Function],
      InputEvent: [class InputEvent extends UIEvent],
      ErrorEvent: [class ErrorEvent extends UIEvent],
      StorageEvent: [class StorageEvent extends Event],
      SubmitEvent: [class SubmitEvent extends Event],
      ProgressEvent: [class ProgressEvent extends Event],
      MediaQueryListEvent: [class MediaQueryListEvent extends Event],
      HashChangeEvent: [class HashChangeEvent extends Event],
      ClipboardEvent: [class ClipboardEvent extends Event],
      CookieChangeEvent: [class CookieChangeEvent extends Event],
      TouchEvent: [class TouchEvent extends UIEvent],
      PopStateEvent: [class PopStateEvent extends Event],
      Touch: [class Touch],
      AudioProcessingEvent: [Function],
      BeforeInputEvent: [Function],
      BeforeUnloadEvent: [Function],
      BlobEvent: [Function],
      CompositionEvent: [Function],
      CSSFontFaceLoadEvent: [Function],
      DeviceLightEvent: [Function],
      DeviceMotionEvent: [Function],
      DeviceOrientationEvent: [Function],
      DeviceProximityEvent: [Function],
      DOMTransactionEvent: [Function],
      DragEvent: [Function],
      EditingBeforeInputEvent: [Function],
      FetchEvent: [Function],
      GamepadEvent: [Function],
      IDBVersionChangeEvent: [Function],
      MediaStreamEvent: [Function],
      MutationEvent: [Function],
      OfflineAudioCompletionEvent: [Function],
      OverconstrainedError: [Function],
      PageTransitionEvent: [Function],
      PaymentRequestUpdateEvent: [Function],
      RelatedEvent: [Function],
      RTCDataChannelEvent: [Function],
      RTCIdentityErrorEvent: [Function],
      RTCIdentityEvent: [Function],
      RTCPeerConnectionIceEvent: [Function],
      SensorEvent: [Function],
      SVGEvent: [Function],
      SVGZoomEvent: [Function],
      TimeEvent: [Function],
      TrackEvent: [Function],
      TransitionEvent: [Function],
      UserProximityEvent: [Function],
      WebGLContextEvent: [Function],
      TextEvent: [Function],
      Permissions: [class Permissions],
      History: [class History],
      Navigator: [class Navigator],
      Clipboard: [class Clipboard],
      TimeRanges: [class TimeRanges],
      TextTrackCueList: [class TextTrackCueList extends Array],
      ValidityState: [class ValidityState],
      MutationRecord: [class MutationRecord],
      IntersectionObserver: [class IntersectionObserver],
      IntersectionObserverEntry: [class IntersectionObserverEntry],
      CSSStyleDeclaration: [class CSSStyleDeclaration],
      CSSRule: [Function],
      CSSContainerRule: [class CSSContainerRule extends CSSConditionRule],
      CSSFontFaceRule: [class CSSFontFaceRule extends CSSRule],
      CSSKeyframeRule: [class CSSKeyframeRule extends CSSRule],
      CSSKeyframesRule: [class CSSKeyframesRule extends CSSRule],
      CSSMediaRule: [class CSSMediaRule extends CSSConditionRule],
      CSSStyleRule: [class CSSStyleRule extends CSSGroupingRule],
      CSSSupportsRule: [class CSSSupportsRule extends CSSConditionRule],
      CSSConditionRule: [class CSSConditionRule extends CSSGroupingRule],
      CSSGroupingRule: [class CSSGroupingRule extends CSSRule],
      CSSScopeRule: [class CSSScopeRule extends CSSGroupingRule],
      DOMRect: [class DOMRect extends DOMRectReadOnly],
      DOMRectReadOnly: [class DOMRectReadOnly],
      Plugin: [class Plugin],
      PluginArray: [class PluginArray],
      Location: [class Location],
      CustomElementRegistry: [class CustomElementRegistry],
      ResizeObserver: [class ResizeObserver],
      Blob: [class Blob],
      File: [class File extends Blob],
      Storage: [class Storage],
      CookieStore: [class CookieStore extends EventTarget],
      MimeType: [class MimeType],
      MimeTypeArray: [class MimeTypeArray],
      NodeFilter: [Object],
      ImageBitmap: [class ImageBitmap],
      HTMLCollection: [class HTMLCollection],
      HTMLFormControlCollection: [class HTMLFormControlsCollection extends HTMLCollection],
      HTMLOptionsCollection: [class HTMLOptionsCollection extends HTMLCollection],
      NodeList: [class NodeList],
      RadioNodeList: [class RadioNodeList extends NodeList],
      FileList: [class FileList extends Array],
      Screen: [class Screen extends EventTarget],
      ScreenDetails: [class ScreenDetails extends EventTarget],
      ScreenDetailed: [class ScreenDetailed extends Screen],
      NamedNodeMap: [class NamedNodeMap],
      TreeWalker: [class TreeWalker],
      NodeIterator: [class NodeIterator],
      DataTransfer: [class DataTransfer],
      DataTransferItem: [class DataTransferItem],
      DataTransferItemList: [class DataTransferItemList extends Array],
      XMLSerializer: [class XMLSerializer],
      ClipboardItem: [class ClipboardItem],
      Selection: [class Selection],
      CSSUnitValue: [class CSSUnitValue],
      SVGAngle: [Function],
      SVGAnimatedAngle: [class SVGAnimatedAngle],
      SVGAnimatedBoolean: [class SVGAnimatedBoolean],
      SVGAnimatedEnumeration: [class SVGAnimatedEnumeration],
      SVGAnimatedInteger: [class SVGAnimatedInteger],
      SVGAnimatedLength: [class SVGAnimatedLength],
      SVGAnimatedNumber: [class SVGAnimatedNumber],
      SVGAnimatedNumberList: [class SVGAnimatedNumberList],
      SVGAnimatedPreserveAspectRatio: [class SVGAnimatedPreserveAspectRatio],
      SVGAnimatedRect: [class SVGAnimatedRect],
      SVGAnimatedString: [class SVGAnimatedString],
      SVGAnimatedTransformList: [class SVGAnimatedTransformList],
      SVGLength: [Function],
      SVGLengthList: [class SVGLengthList],
      SVGMatrix: [class SVGMatrix],
      SVGNumber: [class SVGNumber],
      SVGNumberList: [class SVGNumberList],
      SVGPoint: [class SVGPoint],
      SVGPointList: [class SVGPointList],
      SVGPreserveAspectRatio: [Function],
      SVGRect: [class SVGRect],
      SVGStringList: [class SVGStringList],
      SVGTransform: [Function],
      SVGTransformList: [class SVGTransformList],
      SVGAnimatedLengthList: [class SVGAnimatedLengthList],
      SVGUnitTypes: [Function],
      StylePropertyMap: [class StylePropertyMap extends StylePropertyMapReadOnly],
      StylePropertyMapReadOnly: [class StylePropertyMapReadOnly],
      MediaList: [class MediaList],
      CSSKeywordValue: [class CSSKeywordValue],
      CSSStyleValue: [class CSSStyleValue],
      Window: [class GlobalWindow extends Window],
      URLSearchParams: [class URLSearchParams],
      WritableStream: [Function],
      ReadableStream: [class ReadableStream],
      TransformStream: [Function: Transform],
      PerformanceObserver: [class PerformanceObserver],
      PerformanceEntry: [class PerformanceEntry],
      PerformanceObserverEntryList: [class PerformanceObserverEntryList],
      document: [Circular *4],
      customElements: [CustomElementRegistry],
      window: [Circular *5],
      globalThis: [Circular *5],
      performance: [Performance [EventTarget]],
      screenLeft: 0,
      screenTop: 0,
      screenX: 0,
      screenY: 0,
      crypto: Crypto {},
      TextEncoder: [class TextEncoder],
      TextDecoder: [class TextDecoder],
      closed: false,
      console: [Console [console]],
      name: '',
      Buffer: [Function],
      Document: [class Document extends Document],
      HTMLDocument: [class HTMLDocument extends HTMLDocument],
      XMLDocument: [class XMLDocument extends XMLDocument],
      DocumentFragment: [class DocumentFragment extends DocumentFragment],
      Text: [class Text extends Text],
      Comment: [class Comment extends Comment],
      Image: [class Image extends Image],
      Audio: [class Audio extends Audio],
      MutationObserver: [class MutationObserver extends MutationObserver],
      MessagePort: [class MessagePort extends MessagePort],
      CSSStyleSheet: [class CSSStyleSheet extends CSSStyleSheet],
      DOMException: [class DOMException extends DOMException],
      Headers: [class Headers extends Headers],
      Request: [class Request extends Request],
      Response: [Function],
      EventTarget: [class EventTarget extends EventTarget],
      XMLHttpRequestUpload: [class XMLHttpRequestUpload extends XMLHttpRequestUpload],
      XMLHttpRequestEventTarget: [class XMLHttpRequestEventTarget extends XMLHttpRequestEventTarget],
      AbortController: [class AbortController extends AbortController],
      AbortSignal: [Function],
      FormData: [class FormData extends FormData],
      PermissionStatus: [class PermissionStatus extends PermissionStatus],
      XMLHttpRequest: [class XMLHttpRequest extends XMLHttpRequest],
      DOMParser: [class DOMParser extends DOMParser],
      Range: [class Range extends Range],
      VTTCue: [class VTTCue extends VTTCue],
      TextTrack: [class TextTrack extends TextTrack],
      TextTrackList: [class TextTrackList extends TextTrackList],
      TextTrackCue: [class TextTrackCue extends TextTrackCue],
      RemotePlayback: [class RemotePlayback extends RemotePlayback],
      FileReader: [class FileReader extends FileReader],
      MediaStream: [class MediaStream extends MediaStream],
      MediaStreamTrack: [class MediaStreamTrack extends MediaStreamTrack],
      CanvasCaptureMediaStreamTrack: [class CanvasCaptureMediaStreamTrack extends CanvasCaptureMediaStreamTrack],
      URL: [class URL extends URL],
      WebSocket: [class WebSocket extends WebSocket],
      ImageData: [class ImageData extends ImageData],
      OffscreenCanvas: [class OffscreenCanvas extends OffscreenCanvas],
      DOMMatrixReadOnly: [class DOMMatrixReadOnly extends DOMMatrixReadOnly],
      DOMMatrix: [class DOMMatrix extends DOMMatrix],
      DOMPointReadOnly: [class DOMPointReadOnly extends DOMPointReadOnly],
      DOMPoint: [class DOMPoint extends DOMPoint],
      Animation: [class Animation extends Animation],
      KeyframeEffect: [class KeyframeEffect extends KeyframeEffect],
      happyDOM: DetachedWindowAPI {},
      Array: [Function: Array],
      ArrayBuffer: [Function: ArrayBuffer],
      Boolean: [Function: Boolean],
      DataView: [Function: DataView],
      Date: [Function: Date],
      Error: [Function],
      EvalError: [Function: EvalError],
      Float32Array: [Function: Float32Array],
      Float64Array: [Function: Float64Array],
      Function: [Function: Function],
      Infinity: Infinity,
      Int16Array: [Function: Int16Array],
      Int32Array: [Function: Int32Array],
      Int8Array: [Function: Int8Array],
      Intl: Object [Intl] {},
      JSON: Object [JSON] {},
      Map: [Function: Map],
      Math: Object [Math] {},
      NaN: NaN,
      Number: [Function: Number],
      Object: [Function: Object],
      Promise: [Function: Promise],
      RangeError: [Function: RangeError],
      ReferenceError: [Function: ReferenceError],
      RegExp: [Function: RegExp],
      Set: [Function: Set],
      String: [Function: String],
      Symbol: [Function],
      SyntaxError: [Function: SyntaxError],
      TypeError: [Function: TypeError],
      URIError: [Function: URIError],
      Uint16Array: [Function: Uint16Array],
      Uint32Array: [Function: Uint32Array],
      Uint8Array: [Function: Uint8Array],
      Uint8ClampedArray: [Function: Uint8ClampedArray],
      WeakMap: [Function: WeakMap],
      WeakSet: [Function: WeakSet],
      decodeURI: [Function: decodeURI],
      decodeURIComponent: [Function: decodeURIComponent],
      encodeURI: [Function: encodeURI],
      encodeURIComponent: [Function: encodeURIComponent],
      eval: [Function: eval],
      escape: [Function: escape],
      global: [Object [global]],
      isFinite: [Function: isFinite],
      isNaN: [Function: isNaN],
      parseFloat: [Function: parseFloat],
      parseInt: [Function: parseInt],
      undefined: undefined,
      unescape: [Function: unescape],
      [Symbol(listeners)]: [Object],
      [Symbol(listenerOptions)]: [Object],
      [Symbol(mutationObservers)]: [],
      [Symbol(readyStateManager)]: DocumentReadyStateManager {},
      [Symbol(location)]: [Location],
      [Symbol(history)]: History {},
      [Symbol(navigator)]: Navigator {},
      [Symbol(screen)]: [Screen [EventTarget]],
      [Symbol(sessionStorage)]: [Storage],
      [Symbol(localStorage)]: [Storage],
      [Symbol(cookieStore)]: [CookieStore [EventTarget]],
      [Symbol(self)]: [Circular *5],
      [Symbol(top)]: [Circular *5],
      [Symbol(parent)]: [Circular *5],
      [Symbol(window)]: [Circular *5],
      [Symbol(frames)]: [Circular *5],
      [Symbol(internalId)]: 0,
      [Symbol(customElementReactionStack)]: [CustomElementReactionStack],
      [Symbol(modules)]: [Object],
      [Symbol(moduleImportMap)]: null,
      [Symbol(openWebSockets)]: [],
      [Symbol(propertyEventListeners)]: Map(0) {},
      [Symbol(querySelectorCache)]: [Map]
    },
    [Symbol(forms)]: null,
    [Symbol(links)]: null,
    [Symbol(affectsComputedStyleCache)]: [],
    [Symbol(elementIdMap)]: Map(0) {},
    [Symbol(contentType)]: 'text/html',
    [Symbol(xmlProcessingInstruction)]: null,
    [Symbol(preloads)]: Map(0) {},
    [Symbol(propertyEventListeners)]: Map(0) {},
    [Symbol(selection)]: null,
    [Symbol(timeline)]: DocumentTimeline {}
  },
  [Symbol(styleNode)]: null,
  [Symbol(textAreaNode)]: null,
  [Symbol(formNode)]: null,
  [Symbol(selectNode)]: null,
  [Symbol(mutationListeners)]: [],
  [Symbol(nodeArray)]: [],
  [Symbol(elementArray)]: [],
  [Symbol(childNodes)]: null,
  [Symbol(assignedToSlot)]: null,
  [Symbol(cache)]: {
    querySelector: Map(0) {},
    querySelectorAll: Map(0) {},
    matches: Map(0) {},
    elementsByTagName: Map(0) {},
    elementsByTagNameNS: Map(0) {},
    elementByTagName: Map(0) {},
    elementById: Map(0) {},
    computedStyle: null
  },
  [Symbol(affectsCache)]: [],
  [Symbol(ownerDocument)]: <ref *4> HTMLDocument {
    defaultView: [Getter],
    _reactListening7defm8ungkm: true,
    [Symbol(listeners)]: { bubbling: [Map], capturing: Map(0) {} },
    [Symbol(listenerOptions)]: { bubbling: [Map], capturing: Map(0) {} },
    [Symbol(isConnected)]: true,
    [Symbol(parentNode)]: null,
    [Symbol(rootNode)]: [Circular *4],
    [Symbol(styleNode)]: null,
    [Symbol(textAreaNode)]: null,
    [Symbol(formNode)]: null,
    [Symbol(selectNode)]: null,
    [Symbol(mutationListeners)]: [],
    [Symbol(nodeArray)]: [ [HTMLHtmlElement] ],
    [Symbol(elementArray)]: [ [HTMLHtmlElement] ],
    [Symbol(childNodes)]: null,
    [Symbol(assignedToSlot)]: null,
    [Symbol(cache)]: {
      querySelector: Map(0) {},
      querySelectorAll: Map(0) {},
      matches: Map(0) {},
      elementsByTagName: Map(0) {},
      elementsByTagNameNS: Map(0) {},
      elementByTagName: Map(0) {},
      elementById: Map(0) {},
      computedStyle: null
    },
    [Symbol(affectsCache)]: [ [Object] ],
    [Symbol(ownerDocument)]: null,
    [Symbol(children)]: null,
    [Symbol(activeElement)]: null,
    [Symbol(nextActiveElement)]: null,
    [Symbol(currentScript)]: null,
    [Symbol(isFirstWrite)]: true,
    [Symbol(isFirstWriteAfterOpen)]: false,
    [Symbol(nodeType)]: 9,
    [Symbol(adoptedStyleSheets)]: [],
    [Symbol(implementation)]: DOMImplementation {},
    [Symbol(readyState)]: 'complete',
    [Symbol(referrer)]: '',
    [Symbol(defaultView)]: <ref *5> GlobalWindow [EventTarget] {
      Node: [Function],
      Attr: [class Attr extends Node],
      ShadowRoot: [class ShadowRoot extends DocumentFragment],
      ProcessingInstruction: [class ProcessingInstruction extends CharacterData],
      Element: [Function],
      CharacterData: [class CharacterData extends Node],
      DocumentType: [class DocumentType extends Node],
      AnimationTimeline: [class AnimationTimeline],
      DocumentTimeline: [class DocumentTimeline extends AnimationTimeline],
      HTMLAnchorElement: [class HTMLAnchorElement extends HTMLElement],
      HTMLButtonElement: [class HTMLButtonElement extends HTMLElement],
      HTMLOptGroupElement: [class HTMLOptGroupElement extends HTMLElement],
      HTMLOptionElement: [class HTMLOptionElement extends HTMLElement],
      HTMLElement: [Function],
      HTMLUnknownElement: [class HTMLUnknownElement extends HTMLElement],
      HTMLTemplateElement: [class HTMLTemplateElement extends HTMLElement],
      HTMLInputElement: [class HTMLInputElement extends HTMLElement],
      HTMLSelectElement: [class HTMLSelectElement extends HTMLElement],
      HTMLTextAreaElement: [class HTMLTextAreaElement extends HTMLElement],
      HTMLImageElement: [class HTMLImageElement extends HTMLElement],
      HTMLStyleElement: [class HTMLStyleElement extends HTMLElement],
      HTMLLabelElement: [class HTMLLabelElement extends HTMLElement],
      HTMLSlotElement: [class HTMLSlotElement extends HTMLElement],
      HTMLMetaElement: [class HTMLMetaElement extends HTMLElement],
      HTMLMediaElement: [class HTMLMediaElement extends HTMLElement],
      HTMLAudioElement: [class HTMLAudioElement extends HTMLMediaElement],
      HTMLVideoElement: [class HTMLVideoElement extends HTMLMediaElement],
      HTMLBaseElement: [class HTMLBaseElement extends HTMLElement],
      HTMLDialogElement: [class HTMLDialogElement extends HTMLElement],
      HTMLScriptElement: [class HTMLScriptElement extends HTMLElement],
      HTMLLinkElement: [class HTMLLinkElement extends HTMLElement],
      HTMLIFrameElement: [class HTMLIFrameElement extends HTMLElement],
      HTMLFormElement: [class HTMLFormElement extends HTMLElement],
      HTMLUListElement: [class HTMLUListElement extends HTMLElement],
      HTMLTrackElement: [class HTMLTrackElement extends HTMLElement],
      HTMLTableRowElement: [class HTMLTableRowElement extends HTMLElement],
      HTMLTitleElement: [class HTMLTitleElement extends HTMLElement],
      HTMLTimeElement: [class HTMLTimeElement extends HTMLElement],
      HTMLTableSectionElement: [class HTMLTableSectionElement extends HTMLElement],
      HTMLTableCellElement: [class HTMLTableCellElement extends HTMLElement],
      HTMLTableElement: [class HTMLTableElement extends HTMLElement],
      HTMLSpanElement: [class HTMLSpanElement extends HTMLElement],
      HTMLSourceElement: [class HTMLSourceElement extends HTMLElement],
      HTMLQuoteElement: [class HTMLQuoteElement extends HTMLElement],
      HTMLProgressElement: [class HTMLProgressElement extends HTMLElement],
      HTMLPreElement: [class HTMLPreElement extends HTMLElement],
      HTMLPictureElement: [class HTMLPictureElement extends HTMLElement],
      HTMLParamElement: [class HTMLParamElement extends HTMLElement],
      HTMLParagraphElement: [class HTMLParagraphElement extends HTMLElement],
      HTMLOutputElement: [class HTMLOutputElement extends HTMLElement],
      HTMLOListElement: [class HTMLOListElement extends HTMLElement],
      HTMLObjectElement: [class HTMLObjectElement extends HTMLElement],
      HTMLMeterElement: [class HTMLMeterElement extends HTMLElement],
      HTMLMenuElement: [class HTMLMenuElement extends HTMLElement],
      HTMLMapElement: [class HTMLMapElement extends HTMLElement],
      HTMLLIElement: [class HTMLLIElement extends HTMLElement],
      HTMLLegendElement: [class HTMLLegendElement extends HTMLElement],
      HTMLModElement: [class HTMLModElement extends HTMLElement],
      HTMLHtmlElement: [class HTMLHtmlElement extends HTMLElement],
      HTMLHRElement: [class HTMLHRElement extends HTMLElement],
      HTMLHeadElement: [class HTMLHeadElement extends HTMLElement],
      HTMLHeadingElement: [class HTMLHeadingElement extends HTMLElement],
      HTMLFieldSetElement: [class HTMLFieldSetElement extends HTMLElement],
      HTMLEmbedElement: [class HTMLEmbedElement extends HTMLElement],
      HTMLDListElement: [class HTMLDListElement extends HTMLElement],
      HTMLDivElement: [class HTMLDivElement extends HTMLElement],
      HTMLDetailsElement: [class HTMLDetailsElement extends HTMLElement],
      HTMLDataListElement: [class HTMLDataListElement extends HTMLElement],
      HTMLDataElement: [class HTMLDataElement extends HTMLElement],
      HTMLTableColElement: [class HTMLTableColElement extends HTMLElement],
      HTMLTableCaptionElement: [class HTMLTableCaptionElement extends HTMLElement],
      HTMLCanvasElement: [class HTMLCanvasElement extends HTMLElement],
      HTMLBRElement: [class HTMLBRElement extends HTMLElement],
      HTMLBodyElement: [class HTMLBodyElement extends HTMLElement],
      HTMLAreaElement: [class HTMLAreaElement extends HTMLElement],
      SVGSVGElement: [class SVGSVGElement extends SVGGraphicsElement],
      SVGAnimateElement: [class SVGAnimateElement extends SVGAnimationElement],
      SVGAnimateMotionElement: [class SVGAnimateMotionElement extends SVGAnimationElement],
      SVGAnimateTransformElement: [class SVGAnimateTransformElement extends SVGAnimationElement],
      SVGCircleElement: [class SVGCircleElement extends SVGGeometryElement],
      SVGClipPathElement: [class SVGClipPathElement extends SVGElement],
      SVGDefsElement: [class SVGDefsElement extends SVGGraphicsElement],
      SVGDescElement: [class SVGDescElement extends SVGElement],
      SVGEllipseElement: [class SVGEllipseElement extends SVGGeometryElement],
      SVGFEBlendElement: [Function],
      SVGFEColorMatrixElement: [Function],
      SVGFEComponentTransferElement: [class SVGFEComponentTransferElement extends SVGElement],
      SVGFECompositeElement: [Function],
      SVGFEConvolveMatrixElement: [Function],
      SVGFEDiffuseLightingElement: [class SVGFEDiffuseLightingElement extends SVGElement],
      SVGFEDisplacementMapElement: [Function],
      SVGFEDistantLightElement: [class SVGFEDistantLightElement extends SVGElement],
      SVGFEDropShadowElement: [class SVGFEDropShadowElement extends SVGElement],
      SVGFEFloodElement: [class SVGFEFloodElement extends SVGElement],
      SVGFEFuncAElement: [class SVGFEFuncAElement extends SVGComponentTransferFunctionElement],
      SVGFEFuncBElement: [class SVGFEFuncBElement extends SVGComponentTransferFunctionElement],
      SVGFEFuncGElement: [class SVGFEFuncGElement extends SVGComponentTransferFunctionElement],
      SVGFEFuncRElement: [class SVGFEFuncRElement extends SVGComponentTransferFunctionElement],
      SVGFEGaussianBlurElement: [Function],
      SVGFEImageElement: [class SVGFEImageElement extends SVGElement],
      SVGFEMergeElement: [class SVGFEMergeElement extends SVGElement],
      SVGFEMergeNodeElement: [class SVGFEMergeNodeElement extends SVGElement],
      SVGFEMorphologyElement: [Function],
      SVGFEOffsetElement: [class SVGFEOffsetElement extends SVGElement],
      SVGFEPointLightElement: [class SVGFEPointLightElement extends SVGElement],
      SVGFESpecularLightingElement: [class SVGFESpecularLightingElement extends SVGElement],
      SVGFESpotLightElement: [class SVGFESpotLightElement extends SVGElement],
      SVGFETileElement: [class SVGFETileElement extends SVGElement],
      SVGFETurbulenceElement: [Function],
      SVGFilterElement: [class SVGFilterElement extends SVGElement],
      SVGForeignObjectElement: [class SVGForeignObjectElement extends SVGGraphicsElement],
      SVGGElement: [class SVGGElement extends SVGGraphicsElement],
      SVGImageElement: [class SVGImageElement extends SVGGraphicsElement],
      SVGLineElement: [class SVGLineElement extends SVGGeometryElement],
      SVGLinearGradientElement: [class SVGLinearGradientElement extends SVGGradientElement],
      SVGMarkerElement: [Function],
      SVGMaskElement: [class SVGMaskElement extends SVGElement],
      SVGMetadataElement: [class SVGMetadataElement extends SVGElement],
      SVGMPathElement: [class SVGMPathElement extends SVGElement],
      SVGPathElement: [class SVGPathElement extends SVGGeometryElement],
      SVGPatternElement: [class SVGPatternElement extends SVGElement],
      SVGPolygonElement: [class SVGPolygonElement extends SVGGeometryElement],
      SVGPolylineElement: [class SVGPolylineElement extends SVGGeometryElement],
      SVGRadialGradientElement: [class SVGRadialGradientElement extends SVGGradientElement],
      SVGRectElement: [class SVGRectElement extends SVGGeometryElement],
      SVGScriptElement: [class SVGScriptElement extends SVGGraphicsElement],
      SVGSetElement: [class SVGSetElement extends SVGAnimationElement],
      SVGStopElement: [class SVGStopElement extends SVGElement],
      SVGStyleElement: [class SVGStyleElement extends SVGElement],
      SVGSwitchElement: [class SVGSwitchElement extends SVGGraphicsElement],
      SVGSymbolElement: [class SVGSymbolElement extends SVGGraphicsElement],
      SVGTextElement: [class SVGTextElement extends SVGTextPositioningElement],
      SVGTextPathElement: [Function],
      SVGTitleElement: [class SVGTitleElement extends SVGElement],
      SVGTSpanElement: [class SVGTSpanElement extends SVGTextPositioningElement],
      SVGUseElement: [class SVGUseElement extends SVGGraphicsElement],
      SVGViewElement: [class SVGViewElement extends SVGElement],
      SVGElement: [class SVGElement extends Element],
      SVGAnimationElement: [class SVGAnimationElement extends SVGElement],
      SVGComponentTransferFunctionElement: [Function],
      SVGGeometryElement: [class SVGGeometryElement extends SVGGraphicsElement],
      SVGGradientElement: [Function],
      SVGTextPositioningElement: [class SVGTextPositioningElement extends SVGTextContentElement],
      SVGGraphicsElement: [class SVGGraphicsElement extends SVGElement],
      Event: [Function],
      UIEvent: [Function],
      CustomEvent: [class CustomEvent extends Event],
      CloseEvent: [class CloseEvent extends Event],
      AnimationEvent: [class AnimationEvent extends Event],
      KeyboardEvent: [Function],
      MessageEvent: [class MessageEvent extends Event],
      MouseEvent: [class MouseEvent extends UIEvent],
      PointerEvent: [class PointerEvent extends MouseEvent],
      FocusEvent: [class FocusEvent extends UIEvent],
      WheelEvent: [Function],
      InputEvent: [class InputEvent extends UIEvent],
      ErrorEvent: [class ErrorEvent extends UIEvent],
      StorageEvent: [class StorageEvent extends Event],
      SubmitEvent: [class SubmitEvent extends Event],
      ProgressEvent: [class ProgressEvent extends Event],
      MediaQueryListEvent: [class MediaQueryListEvent extends Event],
      HashChangeEvent: [class HashChangeEvent extends Event],
      ClipboardEvent: [class ClipboardEvent extends Event],
      CookieChangeEvent: [class CookieChangeEvent extends Event],
      TouchEvent: [class TouchEvent extends UIEvent],
      PopStateEvent: [class PopStateEvent extends Event],
      Touch: [class Touch],
      AudioProcessingEvent: [Function],
      BeforeInputEvent: [Function],
      BeforeUnloadEvent: [Function],
      BlobEvent: [Function],
      CompositionEvent: [Function],
      CSSFontFaceLoadEvent: [Function],
      DeviceLightEvent: [Function],
      DeviceMotionEvent: [Function],
      DeviceOrientationEvent: [Function],
      DeviceProximityEvent: [Function],
      DOMTransactionEvent: [Function],
      DragEvent: [Function],
      EditingBeforeInputEvent: [Function],
      FetchEvent: [Function],
      GamepadEvent: [Function],
      IDBVersionChangeEvent: [Function],
      MediaStreamEvent: [Function],
      MutationEvent: [Function],
      OfflineAudioCompletionEvent: [Function],
      OverconstrainedError: [Function],
      PageTransitionEvent: [Function],
      PaymentRequestUpdateEvent: [Function],
      RelatedEvent: [Function],
      RTCDataChannelEvent: [Function],
      RTCIdentityErrorEvent: [Function],
      RTCIdentityEvent: [Function],
      RTCPeerConnectionIceEvent: [Function],
      SensorEvent: [Function],
      SVGEvent: [Function],
      SVGZoomEvent: [Function],
      TimeEvent: [Function],
      TrackEvent: [Function],
      TransitionEvent: [Function],
      UserProximityEvent: [Function],
      WebGLContextEvent: [Function],
      TextEvent: [Function],
      Permissions: [class Permissions],
      History: [class History],
      Navigator: [class Navigator],
      Clipboard: [class Clipboard],
      TimeRanges: [class TimeRanges],
      TextTrackCueList: [class TextTrackCueList extends Array],
      ValidityState: [class ValidityState],
      MutationRecord: [class MutationRecord],
      IntersectionObserver: [class IntersectionObserver],
      IntersectionObserverEntry: [class IntersectionObserverEntry],
      CSSStyleDeclaration: [class CSSStyleDeclaration],
      CSSRule: [Function],
      CSSContainerRule: [class CSSContainerRule extends CSSConditionRule],
      CSSFontFaceRule: [class CSSFontFaceRule extends CSSRule],
      CSSKeyframeRule: [class CSSKeyframeRule extends CSSRule],
      CSSKeyframesRule: [class CSSKeyframesRule extends CSSRule],
      CSSMediaRule: [class CSSMediaRule extends CSSConditionRule],
      CSSStyleRule: [class CSSStyleRule extends CSSGroupingRule],
      CSSSupportsRule: [class CSSSupportsRule extends CSSConditionRule],
      CSSConditionRule: [class CSSConditionRule extends CSSGroupingRule],
      CSSGroupingRule: [class CSSGroupingRule extends CSSRule],
      CSSScopeRule: [class CSSScopeRule extends CSSGroupingRule],
      DOMRect: [class DOMRect extends DOMRectReadOnly],
      DOMRectReadOnly: [class DOMRectReadOnly],
      Plugin: [class Plugin],
      PluginArray: [class PluginArray],
      Location: [class Location],
      CustomElementRegistry: [class CustomElementRegistry],
      ResizeObserver: [class ResizeObserver],
      Blob: [class Blob],
      File: [class File extends Blob],
      Storage: [class Storage],
      CookieStore: [class CookieStore extends EventTarget],
      MimeType: [class MimeType],
      MimeTypeArray: [class MimeTypeArray],
      NodeFilter: [Object],
      ImageBitmap: [class ImageBitmap],
      HTMLCollection: [class HTMLCollection],
      HTMLFormControlCollection: [class HTMLFormControlsCollection extends HTMLCollection],
      HTMLOptionsCollection: [class HTMLOptionsCollection extends HTMLCollection],
      NodeList: [class NodeList],
      RadioNodeList: [class RadioNodeList extends NodeList],
      FileList: [class FileList extends Array],
      Screen: [class Screen extends EventTarget],
      ScreenDetails: [class ScreenDetails extends EventTarget],
      ScreenDetailed: [class ScreenDetailed extends Screen],
      NamedNodeMap: [class NamedNodeMap],
      TreeWalker: [class TreeWalker],
      NodeIterator: [class NodeIterator],
      DataTransfer: [class DataTransfer],
      DataTransferItem: [class DataTransferItem],
      DataTransferItemList: [class DataTransferItemList extends Array],
      XMLSerializer: [class XMLSerializer],
      ClipboardItem: [class ClipboardItem],
      Selection: [class Selection],
      CSSUnitValue: [class CSSUnitValue],
      SVGAngle: [Function],
      SVGAnimatedAngle: [class SVGAnimatedAngle],
      SVGAnimatedBoolean: [class SVGAnimatedBoolean],
      SVGAnimatedEnumeration: [class SVGAnimatedEnumeration],
      SVGAnimatedInteger: [class SVGAnimatedInteger],
      SVGAnimatedLength: [class SVGAnimatedLength],
      SVGAnimatedNumber: [class SVGAnimatedNumber],
      SVGAnimatedNumberList: [class SVGAnimatedNumberList],
      SVGAnimatedPreserveAspectRatio: [class SVGAnimatedPreserveAspectRatio],
      SVGAnimatedRect: [class SVGAnimatedRect],
      SVGAnimatedString: [class SVGAnimatedString],
      SVGAnimatedTransformList: [class SVGAnimatedTransformList],
      SVGLength: [Function],
      SVGLengthList: [class SVGLengthList],
      SVGMatrix: [class SVGMatrix],
      SVGNumber: [class SVGNumber],
      SVGNumberList: [class SVGNumberList],
      SVGPoint: [class SVGPoint],
      SVGPointList: [class SVGPointList],
      SVGPreserveAspectRatio: [Function],
      SVGRect: [class SVGRect],
      SVGStringList: [class SVGStringList],
      SVGTransform: [Function],
      SVGTransformList: [class SVGTransformList],
      SVGAnimatedLengthList: [class SVGAnimatedLengthList],
      SVGUnitTypes: [Function],
      StylePropertyMap: [class StylePropertyMap extends StylePropertyMapReadOnly],
      StylePropertyMapReadOnly: [class StylePropertyMapReadOnly],
      MediaList: [class MediaList],
      CSSKeywordValue: [class CSSKeywordValue],
      CSSStyleValue: [class CSSStyleValue],
      Window: [class GlobalWindow extends Window],
      URLSearchParams: [class URLSearchParams],
      WritableStream: [Function],
      ReadableStream: [class ReadableStream],
      TransformStream: [Function: Transform],
      PerformanceObserver: [class PerformanceObserver],
      PerformanceEntry: [class PerformanceEntry],
      PerformanceObserverEntryList: [class PerformanceObserverEntryList],
      document: [Circular *4],
      customElements: [CustomElementRegistry],
      window: [Circular *5],
      globalThis: [Circular *5],
      performance: [Performance [EventTarget]],
      screenLeft: 0,
      screenTop: 0,
      screenX: 0,
      screenY: 0,
      crypto: Crypto {},
      TextEncoder: [class TextEncoder],
      TextDecoder: [class TextDecoder],
      closed: false,
      console: [Console [console]],
      name: '',
      Buffer: [Function],
      Document: [class Document extends Document],
      HTMLDocument: [class HTMLDocument extends HTMLDocument],
      XMLDocument: [class XMLDocument extends XMLDocument],
      DocumentFragment: [class DocumentFragment extends DocumentFragment],
      Text: [class Text extends Text],
      Comment: [class Comment extends Comment],
      Image: [class Image extends Image],
      Audio: [class Audio extends Audio],
      MutationObserver: [class MutationObserver extends MutationObserver],
      MessagePort: [class MessagePort extends MessagePort],
      CSSStyleSheet: [class CSSStyleSheet extends CSSStyleSheet],
      DOMException: [class DOMException extends DOMException],
      Headers: [class Headers extends Headers],
      Request: [class Request extends Request],
      Response: [Function],
      EventTarget: [class EventTarget extends EventTarget],
      XMLHttpRequestUpload: [class XMLHttpRequestUpload extends XMLHttpRequestUpload],
      XMLHttpRequestEventTarget: [class XMLHttpRequestEventTarget extends XMLHttpRequestEventTarget],
      AbortController: [class AbortController extends AbortController],
      AbortSignal: [Function],
      FormData: [class FormData extends FormData],
      PermissionStatus: [class PermissionStatus extends PermissionStatus],
      XMLHttpRequest: [class XMLHttpRequest extends XMLHttpRequest],
      DOMParser: [class DOMParser extends DOMParser],
      Range: [class Range extends Range],
      VTTCue: [class VTTCue extends VTTCue],
      TextTrack: [class TextTrack extends TextTrack],
      TextTrackList: [class TextTrackList extends TextTrackList],
      TextTrackCue: [class TextTrackCue extends TextTrackCue],
      RemotePlayback: [class RemotePlayback extends RemotePlayback],
      FileReader: [class FileReader extends FileReader],
      MediaStream: [class MediaStream extends MediaStream],
      MediaStreamTrack: [class MediaStreamTrack extends MediaStreamTrack],
      CanvasCaptureMediaStreamTrack: [class CanvasCaptureMediaStreamTrack extends CanvasCaptureMediaStreamTrack],
      URL: [class URL extends URL],
      WebSocket: [class WebSocket extends WebSocket],
      ImageData: [class ImageData extends ImageData],
      OffscreenCanvas: [class OffscreenCanvas extends OffscreenCanvas],
      DOMMatrixReadOnly: [class DOMMatrixReadOnly extends DOMMatrixReadOnly],
      DOMMatrix: [class DOMMatrix extends DOMMatrix],
      DOMPointReadOnly: [class DOMPointReadOnly extends DOMPointReadOnly],
      DOMPoint: [class DOMPoint extends DOMPoint],
      Animation: [class Animation extends Animation],
      KeyframeEffect: [class KeyframeEffect extends KeyframeEffect],
      happyDOM: DetachedWindowAPI {},
      Array: [Function: Array],
      ArrayBuffer: [Function: ArrayBuffer],
      Boolean: [Function: Boolean],
      DataView: [Function: DataView],
      Date: [Function: Date],
      Error: [Function],
      EvalError: [Function: EvalError],
      Float32Array: [Function: Float32Array],
      Float64Array: [Function: Float64Array],
      Function: [Function: Function],
      Infinity: Infinity,
      Int16Array: [Function: Int16Array],
      Int32Array: [Function: Int32Array],
      Int8Array: [Function: Int8Array],
      Intl: Object [Intl] {},
      JSON: Object [JSON] {},
      Map: [Function: Map],
      Math: Object [Math] {},
      NaN: NaN,
      Number: [Function: Number],
      Object: [Function: Object],
      Promise: [Function: Promise],
      RangeError: [Function: RangeError],
      ReferenceError: [Function: ReferenceError],
      RegExp: [Function: RegExp],
      Set: [Function: Set],
      String: [Function: String],
      Symbol: [Function],
      SyntaxError: [Function: SyntaxError],
      TypeError: [Function: TypeError],
      URIError: [Function: URIError],
      Uint16Array: [Function: Uint16Array],
      Uint32Array: [Function: Uint32Array],
      Uint8Array: [Function: Uint8Array],
      Uint8ClampedArray: [Function: Uint8ClampedArray],
      WeakMap: [Function: WeakMap],
      WeakSet: [Function: WeakSet],
      decodeURI: [Function: decodeURI],
      decodeURIComponent: [Function: decodeURIComponent],
      encodeURI: [Function: encodeURI],
      encodeURIComponent: [Function: encodeURIComponent],
      eval: [Function: eval],
      escape: [Function: escape],
      global: [Object [global]],
      isFinite: [Function: isFinite],
      isNaN: [Function: isNaN],
      parseFloat: [Function: parseFloat],
      parseInt: [Function: parseInt],
      undefined: undefined,
      unescape: [Function: unescape],
      [Symbol(listeners)]: [Object],
      [Symbol(listenerOptions)]: [Object],
      [Symbol(mutationObservers)]: [],
      [Symbol(readyStateManager)]: DocumentReadyStateManager {},
      [Symbol(location)]: [Location],
      [Symbol(history)]: History {},
      [Symbol(navigator)]: Navigator {},
      [Symbol(screen)]: [Screen [EventTarget]],
      [Symbol(sessionStorage)]: [Storage],
      [Symbol(localStorage)]: [Storage],
      [Symbol(cookieStore)]: [CookieStore [EventTarget]],
      [Symbol(self)]: [Circular *5],
      [Symbol(top)]: [Circular *5],
      [Symbol(parent)]: [Circular *5],
      [Symbol(window)]: [Circular *5],
      [Symbol(frames)]: [Circular *5],
      [Symbol(internalId)]: 0,
      [Symbol(customElementReactionStack)]: [CustomElementReactionStack],
      [Symbol(modules)]: [Object],
      [Symbol(moduleImportMap)]: null,
      [Symbol(openWebSockets)]: [],
      [Symbol(propertyEventListeners)]: Map(0) {},
      [Symbol(querySelectorCache)]: [Map]
    },
    [Symbol(forms)]: null,
    [Symbol(links)]: null,
    [Symbol(affectsComputedStyleCache)]: [],
    [Symbol(elementIdMap)]: Map(0) {},
    [Symbol(contentType)]: 'text/html',
    [Symbol(xmlProcessingInstruction)]: null,
    [Symbol(preloads)]: Map(0) {},
    [Symbol(propertyEventListeners)]: Map(0) {},
    [Symbol(selection)]: null,
    [Symbol(timeline)]: DocumentTimeline {}
  },
  [Symbol(window)]: <ref *5> GlobalWindow [EventTarget] {
    Node: [class Node extends EventTarget] {
      ELEMENT_NODE: 1,
      ATTRIBUTE_NODE: 2,
      TEXT_NODE: 3,
      CDATA_SECTION_NODE: 4,
      COMMENT_NODE: 8,
      DOCUMENT_NODE: 9,
      DOCUMENT_TYPE_NODE: 10,
      DOCUMENT_FRAGMENT_NODE: 11,
      PROCESSING_INSTRUCTION_NODE: 7,
      DOCUMENT_POSITION_CONTAINED_BY: 16,
      DOCUMENT_POSITION_CONTAINS: 8,
      DOCUMENT_POSITION_DISCONNECTED: 1,
      DOCUMENT_POSITION_FOLLOWING: 4,
      DOCUMENT_POSITION_IMPLEMENTATION_SPECIFIC: 32,
      DOCUMENT_POSITION_PRECEDING: 2
    },
    Attr: [class Attr extends Node],
    ShadowRoot: [class ShadowRoot extends DocumentFragment],
    ProcessingInstruction: [class ProcessingInstruction extends CharacterData],
    Element: [class Element extends Node] {
      [Symbol(tagName)]: null,
      [Symbol(localName)]: null,
      [Symbol(namespaceURI)]: null
    },
    CharacterData: [class CharacterData extends Node],
    DocumentType: [class DocumentType extends Node],
    AnimationTimeline: [class AnimationTimeline],
    DocumentTimeline: [class DocumentTimeline extends AnimationTimeline],
    HTMLAnchorElement: [class HTMLAnchorElement extends HTMLElement],
    HTMLButtonElement: [class HTMLButtonElement extends HTMLElement],
    HTMLOptGroupElement: [class HTMLOptGroupElement extends HTMLElement],
    HTMLOptionElement: [class HTMLOptionElement extends HTMLElement],
    HTMLElement: [class HTMLElement extends Element] {
      observedAttributes: undefined
    },
    HTMLUnknownElement: [class HTMLUnknownElement extends HTMLElement],
    HTMLTemplateElement: [class HTMLTemplateElement extends HTMLElement],
    HTMLInputElement: [class HTMLInputElement extends HTMLElement],
    HTMLSelectElement: [class HTMLSelectElement extends HTMLElement],
    HTMLTextAreaElement: [class HTMLTextAreaElement extends HTMLElement],
    HTMLImageElement: [class HTMLImageElement extends HTMLElement],
    HTMLStyleElement: [class HTMLStyleElement extends HTMLElement],
    HTMLLabelElement: [class HTMLLabelElement extends HTMLElement],
    HTMLSlotElement: [class HTMLSlotElement extends HTMLElement],
    HTMLMetaElement: [class HTMLMetaElement extends HTMLElement],
    HTMLMediaElement: [class HTMLMediaElement extends HTMLElement],
    HTMLAudioElement: [class HTMLAudioElement extends HTMLMediaElement],
    HTMLVideoElement: [class HTMLVideoElement extends HTMLMediaElement],
    HTMLBaseElement: [class HTMLBaseElement extends HTMLElement],
    HTMLDialogElement: [class HTMLDialogElement extends HTMLElement],
    HTMLScriptElement: [class HTMLScriptElement extends HTMLElement],
    HTMLLinkElement: [class HTMLLinkElement extends HTMLElement],
    HTMLIFrameElement: [class HTMLIFrameElement extends HTMLElement],
    HTMLFormElement: [class HTMLFormElement extends HTMLElement],
    HTMLUListElement: [class HTMLUListElement extends HTMLElement],
    HTMLTrackElement: [class HTMLTrackElement extends HTMLElement],
    HTMLTableRowElement: [class HTMLTableRowElement extends HTMLElement],
    HTMLTitleElement: [class HTMLTitleElement extends HTMLElement],
    HTMLTimeElement: [class HTMLTimeElement extends HTMLElement],
    HTMLTableSectionElement: [class HTMLTableSectionElement extends HTMLElement],
    HTMLTableCellElement: [class HTMLTableCellElement extends HTMLElement],
    HTMLTableElement: [class HTMLTableElement extends HTMLElement],
    HTMLSpanElement: [class HTMLSpanElement extends HTMLElement],
    HTMLSourceElement: [class HTMLSourceElement extends HTMLElement],
    HTMLQuoteElement: [class HTMLQuoteElement extends HTMLElement],
    HTMLProgressElement: [class HTMLProgressElement extends HTMLElement],
    HTMLPreElement: [class HTMLPreElement extends HTMLElement],
    HTMLPictureElement: [class HTMLPictureElement extends HTMLElement],
    HTMLParamElement: [class HTMLParamElement extends HTMLElement],
    HTMLParagraphElement: [class HTMLParagraphElement extends HTMLElement],
    HTMLOutputElement: [class HTMLOutputElement extends HTMLElement],
    HTMLOListElement: [class HTMLOListElement extends HTMLElement],
    HTMLObjectElement: [class HTMLObjectElement extends HTMLElement],
    HTMLMeterElement: [class HTMLMeterElement extends HTMLElement],
    HTMLMenuElement: [class HTMLMenuElement extends HTMLElement],
    HTMLMapElement: [class HTMLMapElement extends HTMLElement],
    HTMLLIElement: [class HTMLLIElement extends HTMLElement],
    HTMLLegendElement: [class HTMLLegendElement extends HTMLElement],
    HTMLModElement: [class HTMLModElement extends HTMLElement],
    HTMLHtmlElement: [class HTMLHtmlElement extends HTMLElement],
    HTMLHRElement: [class HTMLHRElement extends HTMLElement],
    HTMLHeadElement: [class HTMLHeadElement extends HTMLElement],
    HTMLHeadingElement: [class HTMLHeadingElement extends HTMLElement],
    HTMLFieldSetElement: [class HTMLFieldSetElement extends HTMLElement],
    HTMLEmbedElement: [class HTMLEmbedElement extends HTMLElement],
    HTMLDListElement: [class HTMLDListElement extends HTMLElement],
    HTMLDivElement: [class HTMLDivElement extends HTMLElement],
    HTMLDetailsElement: [class HTMLDetailsElement extends HTMLElement],
    HTMLDataListElement: [class HTMLDataListElement extends HTMLElement],
    HTMLDataElement: [class HTMLDataElement extends HTMLElement],
    HTMLTableColElement: [class HTMLTableColElement extends HTMLElement],
    HTMLTableCaptionElement: [class HTMLTableCaptionElement extends HTMLElement],
    HTMLCanvasElement: [class HTMLCanvasElement extends HTMLElement],
    HTMLBRElement: [class HTMLBRElement extends HTMLElement],
    HTMLBodyElement: [class HTMLBodyElement extends HTMLElement],
    HTMLAreaElement: [class HTMLAreaElement extends HTMLElement],
    SVGSVGElement: [class SVGSVGElement extends SVGGraphicsElement],
    SVGAnimateElement: [class SVGAnimateElement extends SVGAnimationElement],
    SVGAnimateMotionElement: [class SVGAnimateMotionElement extends SVGAnimationElement],
    SVGAnimateTransformElement: [class SVGAnimateTransformElement extends SVGAnimationElement],
    SVGCircleElement: [class SVGCircleElement extends SVGGeometryElement],
    SVGClipPathElement: [class SVGClipPathElement extends SVGElement],
    SVGDefsElement: [class SVGDefsElement extends SVGGraphicsElement],
    SVGDescElement: [class SVGDescElement extends SVGElement],
    SVGEllipseElement: [class SVGEllipseElement extends SVGGeometryElement],
    SVGFEBlendElement: [class SVGFEBlendElement extends SVGElement] {
      SVG_FEBLEND_MODE_UNKNOWN: 0,
      SVG_FEBLEND_MODE_NORMAL: 1,
      SVG_FEBLEND_MODE_MULTIPLY: 2,
      SVG_FEBLEND_MODE_SCREEN: 3,
      SVG_FEBLEND_MODE_DARKEN: 4,
      SVG_FEBLEND_MODE_LIGHTEN: 5,
      SVG_FEBLEND_MODE_OVERLAY: 6,
      SVG_FEBLEND_MODE_COLOR_DODGE: 7,
      SVG_FEBLEND_MODE_COLOR_BURN: 8,
      SVG_FEBLEND_MODE_HARD_LIGHT: 9,
      SVG_FEBLEND_MODE_SOFT_LIGHT: 10,
      SVG_FEBLEND_MODE_DIFFERENCE: 11,
      SVG_FEBLEND_MODE_EXCLUSION: 12,
      SVG_FEBLEND_MODE_HUE: 13,
      SVG_FEBLEND_MODE_SATURATION: 14,
      SVG_FEBLEND_MODE_COLOR: 15,
      SVG_FEBLEND_MODE_LUMINOSITY: 16
    },
    SVGFEColorMatrixElement: [class SVGFEColorMatrixElement extends SVGElement] {
      SVG_FEBLEND_TYPE_UNKNOWN: 0,
      SVG_FEBLEND_TYPE_MATRIX: 1,
      SVG_FEBLEND_TYPE_SATURATE: 2,
      SVG_FEBLEND_TYPE_HUEROTATE: 3,
      SVG_FEBLEND_TYPE_LUMINANCETOALPHA: 4
    },
    SVGFEComponentTransferElement: [class SVGFEComponentTransferElement extends SVGElement],
    SVGFECompositeElement: [class SVGFECompositeElement extends SVGElement] {
      SVG_FECOMPOSITE_OPERATOR_UNKNOWN: 0,
      SVG_FECOMPOSITE_OPERATOR_OVER: 1,
      SVG_FECOMPOSITE_OPERATOR_IN: 2,
      SVG_FECOMPOSITE_OPERATOR_OUT: 3,
      SVG_FECOMPOSITE_OPERATOR_ATOP: 4,
      SVG_FECOMPOSITE_OPERATOR_XOR: 5,
      SVG_FECOMPOSITE_OPERATOR_ARITHMETIC: 6
    },
    SVGFEConvolveMatrixElement: [class SVGFEConvolveMatrixElement extends SVGElement] {
      SVG_EDGEMODE_UNKNOWN: 0,
      SVG_EDGEMODE_DUPLICATE: 1,
      SVG_EDGEMODE_WRAP: 2,
      SVG_EDGEMODE_NONE: 3
    },
    SVGFEDiffuseLightingElement: [class SVGFEDiffuseLightingElement extends SVGElement],
    SVGFEDisplacementMapElement: [class SVGFEDisplacementMapElement extends SVGElement] {
      SVG_CHANNEL_UNKNOWN: 0,
      SVG_CHANNEL_R: 1,
      SVG_CHANNEL_G: 2,
      SVG_CHANNEL_B: 3,
      SVG_CHANNEL_A: 4
    },
    SVGFEDistantLightElement: [class SVGFEDistantLightElement extends SVGElement],
    SVGFEDropShadowElement: [class SVGFEDropShadowElement extends SVGElement],
    SVGFEFloodElement: [class SVGFEFloodElement extends SVGElement],
    SVGFEFuncAElement: [class SVGFEFuncAElement extends SVGComponentTransferFunctionElement],
    SVGFEFuncBElement: [class SVGFEFuncBElement extends SVGComponentTransferFunctionElement],
    SVGFEFuncGElement: [class SVGFEFuncGElement extends SVGComponentTransferFunctionElement],
    SVGFEFuncRElement: [class SVGFEFuncRElement extends SVGComponentTransferFunctionElement],
    SVGFEGaussianBlurElement: [class SVGFEGaussianBlurElement extends SVGElement] {
      SVG_EDGEMODE_UNKNOWN: 0,
      SVG_EDGEMODE_DUPLICATE: 1,
      SVG_EDGEMODE_WRAP: 2,
      SVG_EDGEMODE_NONE: 3
    },
    SVGFEImageElement: [class SVGFEImageElement extends SVGElement],
    SVGFEMergeElement: [class SVGFEMergeElement extends SVGElement],
    SVGFEMergeNodeElement: [class SVGFEMergeNodeElement extends SVGElement],
    SVGFEMorphologyElement: [class SVGFEMorphologyElement extends SVGElement] {
      SVG_MORPHOLOGY_OPERATOR_UNKNOWN: 0,
      SVG_MORPHOLOGY_OPERATOR_ERODE: 1,
      SVG_MORPHOLOGY_OPERATOR_DILATE: 2
    },
    SVGFEOffsetElement: [class SVGFEOffsetElement extends SVGElement],
    SVGFEPointLightElement: [class SVGFEPointLightElement extends SVGElement],
    SVGFESpecularLightingElement: [class SVGFESpecularLightingElement extends SVGElement],
    SVGFESpotLightElement: [class SVGFESpotLightElement extends SVGElement],
    SVGFETileElement: [class SVGFETileElement extends SVGElement],
    SVGFETurbulenceElement: [class SVGFETurbulenceElement extends SVGElement] {
      SVG_TURBULENCE_TYPE_UNKNOWN: 0,
      SVG_TURBULENCE_TYPE_FRACTALNOISE: 1,
      SVG_TURBULENCE_TYPE_TURBULENCE: 2,
      SVG_STITCHTYPE_UNKNOWN: 0,
      SVG_STITCHTYPE_STITCH: 1,
      SVG_STITCHTYPE_NOSTITCH: 2
    },
    SVGFilterElement: [class SVGFilterElement extends SVGElement],
    SVGForeignObjectElement: [class SVGForeignObjectElement extends SVGGraphicsElement],
    SVGGElement: [class SVGGElement extends SVGGraphicsElement],
    SVGImageElement: [class SVGImageElement extends SVGGraphicsElement],
    SVGLineElement: [class SVGLineElement extends SVGGeometryElement],
    SVGLinearGradientElement: [class SVGLinearGradientElement extends SVGGradientElement],
    SVGMarkerElement: [class SVGMarkerElement extends SVGElement] {
      SVG_MARKER_ORIENT_UNKNOWN: 0,
      SVG_MARKER_ORIENT_AUTO: 1,
      SVG_MARKER_ORIENT_ANGLE: 2,
      SVG_MARKERUNITS_UNKNOWN: 0,
      SVG_MARKERUNITS_USERSPACEONUSE: 1,
      SVG_MARKERUNITS_STROKEWIDTH: 2
    },
    SVGMaskElement: [class SVGMaskElement extends SVGElement],
    SVGMetadataElement: [class SVGMetadataElement extends SVGElement],
    SVGMPathElement: [class SVGMPathElement extends SVGElement],
    SVGPathElement: [class SVGPathElement extends SVGGeometryElement],
    SVGPatternElement: [class SVGPatternElement extends SVGElement],
    SVGPolygonElement: [class SVGPolygonElement extends SVGGeometryElement],
    SVGPolylineElement: [class SVGPolylineElement extends SVGGeometryElement],
    SVGRadialGradientElement: [class SVGRadialGradientElement extends SVGGradientElement],
    SVGRectElement: [class SVGRectElement extends SVGGeometryElement],
    SVGScriptElement: [class SVGScriptElement extends SVGGraphicsElement],
    SVGSetElement: [class SVGSetElement extends SVGAnimationElement],
    SVGStopElement: [class SVGStopElement extends SVGElement],
    SVGStyleElement: [class SVGStyleElement extends SVGElement],
    SVGSwitchElement: [class SVGSwitchElement extends SVGGraphicsElement],
    SVGSymbolElement: [class SVGSymbolElement extends SVGGraphicsElement],
    SVGTextElement: [class SVGTextElement extends SVGTextPositioningElement],
    SVGTextPathElement: [class SVGTextPathElement extends SVGTextContentElement] {
      TEXTPATH_METHODTYPE_UNKNOWN: 0,
      TEXTPATH_METHODTYPE_ALIGN: 1,
      TEXTPATH_METHODTYPE_STRETCH: 2,
      TEXTPATH_SPACINGTYPE_UNKNOWN: 0,
      TEXTPATH_SPACINGTYPE_AUTO: 1,
      TEXTPATH_SPACINGTYPE_EXACT: 2
    },
    SVGTitleElement: [class SVGTitleElement extends SVGElement],
    SVGTSpanElement: [class SVGTSpanElement extends SVGTextPositioningElement],
    SVGUseElement: [class SVGUseElement extends SVGGraphicsElement],
    SVGViewElement: [class SVGViewElement extends SVGElement],
    SVGElement: [class SVGElement extends Element],
    SVGAnimationElement: [class SVGAnimationElement extends SVGElement],
    SVGComponentTransferFunctionElement: [class SVGComponentTransferFunctionElement extends SVGElement] {
      SVG_FECOMPONENTTRANSFER_TYPE_UNKNOWN: 0,
      SVG_FECOMPONENTTRANSFER_TYPE_IDENTITY: 1,
      SVG_FECOMPONENTTRANSFER_TYPE_TABLE: 2,
      SVG_FECOMPONENTTRANSFER_TYPE_DISCRETE: 3,
      SVG_FECOMPONENTTRANSFER_TYPE_LINEAR: 4,
      SVG_FECOMPONENTTRANSFER_TYPE_GAMMA: 5
    },
    SVGGeometryElement: [class SVGGeometryElement extends SVGGraphicsElement],
    SVGGradientElement: [class SVGGradientElement extends SVGGraphicsElement] {
      SVG_SPREADMETHOD_UNKNOWN: 0,
      SVG_SPREADMETHOD_PAD: 1,
      SVG_SPREADMETHOD_REFLECT: 2,
      SVG_SPREADMETHOD_REPEAT: 3
    },
    SVGTextPositioningElement: [class SVGTextPositioningElement extends SVGTextContentElement],
    SVGGraphicsElement: [class SVGGraphicsElement extends SVGElement],
    Event: [class Event] {
      NONE: 0,
      CAPTURING_PHASE: 1,
      AT_TARGET: 2,
      BUBBLING_PHASE: 3
    },
    UIEvent: [class UIEvent extends Event] {
      NONE: 0,
      CAPTURING_PHASE: 1,
      AT_TARGET: 2,
      BUBBLING_PHASE: 3
    },
    CustomEvent: [class CustomEvent extends Event],
    CloseEvent: [class CloseEvent extends Event],
    AnimationEvent: [class AnimationEvent extends Event],
    KeyboardEvent: [class KeyboardEvent extends UIEvent] {
      DOM_KEY_LOCATION_STANDARD: 0,
      DOM_KEY_LOCATION_LEFT: 1,
      DOM_KEY_LOCATION_RIGHT: 2,
      DOM_KEY_LOCATION_NUMPAD: 3
    },
    MessageEvent: [class MessageEvent extends Event],
    MouseEvent: [class MouseEvent extends UIEvent],
    PointerEvent: [class PointerEvent extends MouseEvent],
    FocusEvent: [class FocusEvent extends UIEvent],
    WheelEvent: [class WheelEvent extends UIEvent] {
      DOM_DELTA_PIXEL: 0,
      DOM_DELTA_LINE: 1,
      DOM_DELTA_PAGE: 2
    },
    InputEvent: [class InputEvent extends UIEvent],
    ErrorEvent: [class ErrorEvent extends UIEvent],
    StorageEvent: [class StorageEvent extends Event],
    SubmitEvent: [class SubmitEvent extends Event],
    ProgressEvent: [class ProgressEvent extends Event],
    MediaQueryListEvent: [class MediaQueryListEvent extends Event],
    HashChangeEvent: [class HashChangeEvent extends Event],
    ClipboardEvent: [class ClipboardEvent extends Event],
    CookieChangeEvent: [class CookieChangeEvent extends Event],
    TouchEvent: [class TouchEvent extends UIEvent],
    PopStateEvent: [class PopStateEvent extends Event],
    Touch: [class Touch],
    AudioProcessingEvent: [class Event] {
      NONE: 0,
      CAPTURING_PHASE: 1,
      AT_TARGET: 2,
      BUBBLING_PHASE: 3
    },
    BeforeInputEvent: [class Event] {
      NONE: 0,
      CAPTURING_PHASE: 1,
      AT_TARGET: 2,
      BUBBLING_PHASE: 3
    },
    BeforeUnloadEvent: [class Event] {
      NONE: 0,
      CAPTURING_PHASE: 1,
      AT_TARGET: 2,
      BUBBLING_PHASE: 3
    },
    BlobEvent: [class Event] {
      NONE: 0,
      CAPTURING_PHASE: 1,
      AT_TARGET: 2,
      BUBBLING_PHASE: 3
    },
    CompositionEvent: [class Event] {
      NONE: 0,
      CAPTURING_PHASE: 1,
      AT_TARGET: 2,
      BUBBLING_PHASE: 3
    },
    CSSFontFaceLoadEvent: [class Event] {
      NONE: 0,
      CAPTURING_PHASE: 1,
      AT_TARGET: 2,
      BUBBLING_PHASE: 3
    },
    DeviceLightEvent: [class Event] {
      NONE: 0,
      CAPTURING_PHASE: 1,
      AT_TARGET: 2,
      BUBBLING_PHASE: 3
    },
    DeviceMotionEvent: [class Event] {
      NONE: 0,
      CAPTURING_PHASE: 1,
      AT_TARGET: 2,
      BUBBLING_PHASE: 3
    },
    DeviceOrientationEvent: [class Event] {
      NONE: 0,
      CAPTURING_PHASE: 1,
      AT_TARGET: 2,
      BUBBLING_PHASE: 3
    },
    DeviceProximityEvent: [class Event] {
      NONE: 0,
      CAPTURING_PHASE: 1,
      AT_TARGET: 2,
      BUBBLING_PHASE: 3
    },
    DOMTransactionEvent: [class Event] {
      NONE: 0,
      CAPTURING_PHASE: 1,
      AT_TARGET: 2,
      BUBBLING_PHASE: 3
    },
    DragEvent: [class Event] {
      NONE: 0,
      CAPTURING_PHASE: 1,
      AT_TARGET: 2,
      BUBBLING_PHASE: 3
    },
    EditingBeforeInputEvent: [class Event] {
      NONE: 0,
      CAPTURING_PHASE: 1,
      AT_TARGET: 2,
      BUBBLING_PHASE: 3
    },
    FetchEvent: [class Event] {
      NONE: 0,
      CAPTURING_PHASE: 1,
      AT_TARGET: 2,
      BUBBLING_PHASE: 3
    },
    GamepadEvent: [class Event] {
      NONE: 0,
      CAPTURING_PHASE: 1,
      AT_TARGET: 2,
      BUBBLING_PHASE: 3
    },
    IDBVersionChangeEvent: [class Event] {
      NONE: 0,
      CAPTURING_PHASE: 1,
      AT_TARGET: 2,
      BUBBLING_PHASE: 3
    },
    MediaStreamEvent: [class Event] {
      NONE: 0,
      CAPTURING_PHASE: 1,
      AT_TARGET: 2,
      BUBBLING_PHASE: 3
    },
    MutationEvent: [class Event] {
      NONE: 0,
      CAPTURING_PHASE: 1,
      AT_TARGET: 2,
      BUBBLING_PHASE: 3
    },
    OfflineAudioCompletionEvent: [class Event] {
      NONE: 0,
      CAPTURING_PHASE: 1,
      AT_TARGET: 2,
      BUBBLING_PHASE: 3
    },
    OverconstrainedError: [class Event] {
      NONE: 0,
      CAPTURING_PHASE: 1,
      AT_TARGET: 2,
      BUBBLING_PHASE: 3
    },
    PageTransitionEvent: [class Event] {
      NONE: 0,
      CAPTURING_PHASE: 1,
      AT_TARGET: 2,
      BUBBLING_PHASE: 3
    },
    PaymentRequestUpdateEvent: [class Event] {
      NONE: 0,
      CAPTURING_PHASE: 1,
      AT_TARGET: 2,
      BUBBLING_PHASE: 3
    },
    RelatedEvent: [class Event] {
      NONE: 0,
      CAPTURING_PHASE: 1,
      AT_TARGET: 2,
      BUBBLING_PHASE: 3
    },
    RTCDataChannelEvent: [class Event] {
      NONE: 0,
      CAPTURING_PHASE: 1,
      AT_TARGET: 2,
      BUBBLING_PHASE: 3
    },
    RTCIdentityErrorEvent: [class Event] {
      NONE: 0,
      CAPTURING_PHASE: 1,
      AT_TARGET: 2,
      BUBBLING_PHASE: 3
    },
    RTCIdentityEvent: [class Event] {
      NONE: 0,
      CAPTURING_PHASE: 1,
      AT_TARGET: 2,
      BUBBLING_PHASE: 3
    },
    RTCPeerConnectionIceEvent: [class Event] {
      NONE: 0,
      CAPTURING_PHASE: 1,
      AT_TARGET: 2,
      BUBBLING_PHASE: 3
    },
    SensorEvent: [class Event] {
      NONE: 0,
      CAPTURING_PHASE: 1,
      AT_TARGET: 2,
      BUBBLING_PHASE: 3
    },
    SVGEvent: [class Event] {
      NONE: 0,
      CAPTURING_PHASE: 1,
      AT_TARGET: 2,
      BUBBLING_PHASE: 3
    },
    SVGZoomEvent: [class Event] {
      NONE: 0,
      CAPTURING_PHASE: 1,
      AT_TARGET: 2,
      BUBBLING_PHASE: 3
    },
    TimeEvent: [class Event] {
      NONE: 0,
      CAPTURING_PHASE: 1,
      AT_TARGET: 2,
      BUBBLING_PHASE: 3
    },
    TrackEvent: [class Event] {
      NONE: 0,
      CAPTURING_PHASE: 1,
      AT_TARGET: 2,
      BUBBLING_PHASE: 3
    },
    TransitionEvent: [class Event] {
      NONE: 0,
      CAPTURING_PHASE: 1,
      AT_TARGET: 2,
      BUBBLING_PHASE: 3
    },
    UserProximityEvent: [class Event] {
      NONE: 0,
      CAPTURING_PHASE: 1,
      AT_TARGET: 2,
      BUBBLING_PHASE: 3
    },
    WebGLContextEvent: [class Event] {
      NONE: 0,
      CAPTURING_PHASE: 1,
      AT_TARGET: 2,
      BUBBLING_PHASE: 3
    },
    TextEvent: [class Event] {
      NONE: 0,
      CAPTURING_PHASE: 1,
      AT_TARGET: 2,
      BUBBLING_PHASE: 3
    },
    Permissions: [class Permissions],
    History: [class History],
    Navigator: [class Navigator],
    Clipboard: [class Clipboard],
    TimeRanges: [class TimeRanges],
    TextTrackCueList: [class TextTrackCueList extends Array],
    ValidityState: [class ValidityState],
    MutationRecord: [class MutationRecord],
    IntersectionObserver: [class IntersectionObserver],
    IntersectionObserverEntry: [class IntersectionObserverEntry],
    CSSStyleDeclaration: [class CSSStyleDeclaration],
    CSSRule: [class CSSRule] {
      CONTAINER_RULE: 0,
      STYLE_RULE: 1,
      IMPORT_RULE: 3,
      MEDIA_RULE: 4,
      FONT_FACE_RULE: 5,
      PAGE_RULE: 6,
      KEYFRAMES_RULE: 7,
      KEYFRAME_RULE: 8,
      NAMESPACE_RULE: 10,
      COUNTER_STYLE_RULE: 11,
      SUPPORTS_RULE: 12,
      DOCUMENT_RULE: 13,
      FONT_FEATURE_VALUES_RULE: 14,
      REGION_STYLE_RULE: 16
    },
    CSSContainerRule: [class CSSContainerRule extends CSSConditionRule],
    CSSFontFaceRule: [class CSSFontFaceRule extends CSSRule],
    CSSKeyframeRule: [class CSSKeyframeRule extends CSSRule],
    CSSKeyframesRule: [class CSSKeyframesRule extends CSSRule],
    CSSMediaRule: [class CSSMediaRule extends CSSConditionRule],
    CSSStyleRule: [class CSSStyleRule extends CSSGroupingRule],
    CSSSupportsRule: [class CSSSupportsRule extends CSSConditionRule],
    CSSConditionRule: [class CSSConditionRule extends CSSGroupingRule],
    CSSGroupingRule: [class CSSGroupingRule extends CSSRule],
    CSSScopeRule: [class CSSScopeRule extends CSSGroupingRule],
    DOMRect: [class DOMRect extends DOMRectReadOnly],
    DOMRectReadOnly: [class DOMRectReadOnly],
    Plugin: [class Plugin],
    PluginArray: [class PluginArray],
    Location: [class Location],
    CustomElementRegistry: [class CustomElementRegistry],
    ResizeObserver: [class ResizeObserver],
    Blob: [class Blob],
    File: [class File extends Blob],
    Storage: [class Storage],
    CookieStore: [class CookieStore extends EventTarget],
    MimeType: [class MimeType],
    MimeTypeArray: [class MimeTypeArray],
    NodeFilter: {
      FILTER_ACCEPT: 1,
      FILTER_REJECT: 2,
      FILTER_SKIP: 3,
      SHOW_ALL: -1,
      SHOW_ELEMENT: 1,
      SHOW_ATTRIBUTE: 2,
      SHOW_TEXT: 4,
      SHOW_CDATA_SECTION: 8,
      SHOW_ENTITY_REFERENCE: 16,
      SHOW_ENTITY: 32,
      SHOW_PROCESSING_INSTRUCTION: 64,
      SHOW_COMMENT: 128,
      SHOW_DOCUMENT: 256,
      SHOW_DOCUMENT_TYPE: 512,
      SHOW_DOCUMENT_FRAGMENT: 1024,
      SHOW_NOTATION: 2048
    },
    ImageBitmap: [class ImageBitmap],
    HTMLCollection: [class HTMLCollection],
    HTMLFormControlCollection: [class HTMLFormControlsCollection extends HTMLCollection],
    HTMLOptionsCollection: [class HTMLOptionsCollection extends HTMLCollection],
    NodeList: [class NodeList],
    RadioNodeList: [class RadioNodeList extends NodeList],
    FileList: [class FileList extends Array],
    Screen: [class Screen extends EventTarget],
    ScreenDetails: [class ScreenDetails extends EventTarget],
    ScreenDetailed: [class ScreenDetailed extends Screen],
    NamedNodeMap: [class NamedNodeMap],
    TreeWalker: [class TreeWalker],
    NodeIterator: [class NodeIterator],
    DataTransfer: [class DataTransfer],
    DataTransferItem: [class DataTransferItem],
    DataTransferItemList: [class DataTransferItemList extends Array],
    XMLSerializer: [class XMLSerializer],
    ClipboardItem: [class ClipboardItem],
    Selection: [class Selection],
    CSSUnitValue: [class CSSUnitValue],
    SVGAngle: [class SVGAngle] {
      SVG_ANGLETYPE_UNKNOWN: 0,
      SVG_ANGLETYPE_UNSPECIFIED: 1,
      SVG_ANGLETYPE_DEG: 2,
      SVG_ANGLETYPE_RAD: 3,
      SVG_ANGLETYPE_GRAD: 4
    },
    SVGAnimatedAngle: [class SVGAnimatedAngle],
    SVGAnimatedBoolean: [class SVGAnimatedBoolean],
    SVGAnimatedEnumeration: [class SVGAnimatedEnumeration],
    SVGAnimatedInteger: [class SVGAnimatedInteger],
    SVGAnimatedLength: [class SVGAnimatedLength],
    SVGAnimatedNumber: [class SVGAnimatedNumber],
    SVGAnimatedNumberList: [class SVGAnimatedNumberList],
    SVGAnimatedPreserveAspectRatio: [class SVGAnimatedPreserveAspectRatio],
    SVGAnimatedRect: [class SVGAnimatedRect],
    SVGAnimatedString: [class SVGAnimatedString],
    SVGAnimatedTransformList: [class SVGAnimatedTransformList],
    SVGLength: [class SVGLength] {
      SVG_LENGTHTYPE_UNKNOWN: 0,
      SVG_LENGTHTYPE_NUMBER: 1,
      SVG_LENGTHTYPE_PERCENTAGE: 2,
      SVG_LENGTHTYPE_EMS: 3,
      SVG_LENGTHTYPE_EXS: 4,
      SVG_LENGTHTYPE_PX: 5,
      SVG_LENGTHTYPE_CM: 6,
      SVG_LENGTHTYPE_MM: 7,
      SVG_LENGTHTYPE_IN: 8,
      SVG_LENGTHTYPE_PT: 9,
      SVG_LENGTHTYPE_PC: 10
    },
    SVGLengthList: [class SVGLengthList],
    SVGMatrix: [class SVGMatrix],
    SVGNumber: [class SVGNumber],
    SVGNumberList: [class SVGNumberList],
    SVGPoint: [class SVGPoint],
    SVGPointList: [class SVGPointList],
    SVGPreserveAspectRatio: [class SVGPreserveAspectRatio] {
      SVG_MEETORSLICE_UNKNOWN: 0,
      SVG_MEETORSLICE_MEET: 1,
      SVG_MEETORSLICE_SLICE: 2,
      SVG_PRESERVEASPECTRATIO_UNKNOWN: 0,
      SVG_PRESERVEASPECTRATIO_NONE: 1,
      SVG_PRESERVEASPECTRATIO_XMINYMIN: 2,
      SVG_PRESERVEASPECTRATIO_XMIDYMIN: 3,
      SVG_PRESERVEASPECTRATIO_XMAXYMIN: 4,
      SVG_PRESERVEASPECTRATIO_XMINYMID: 5,
      SVG_PRESERVEASPECTRATIO_XMIDYMID: 6,
      SVG_PRESERVEASPECTRATIO_XMAXYMID: 7,
      SVG_PRESERVEASPECTRATIO_XMINYMAX: 8,
      SVG_PRESERVEASPECTRATIO_XMIDYMAX: 9,
      SVG_PRESERVEASPECTRATIO_XMAXYMAX: 10
    },
    SVGRect: [class SVGRect],
    SVGStringList: [class SVGStringList],
    SVGTransform: [class SVGTransform] {
      SVG_TRANSFORM_UNKNOWN: 0,
      SVG_TRANSFORM_MATRIX: 1,
      SVG_TRANSFORM_TRANSLATE: 2,
      SVG_TRANSFORM_SCALE: 3,
      SVG_TRANSFORM_ROTATE: 4,
      SVG_TRANSFORM_SKEWX: 5,
      SVG_TRANSFORM_SKEWY: 6
    },
    SVGTransformList: [class SVGTransformList],
    SVGAnimatedLengthList: [class SVGAnimatedLengthList],
    SVGUnitTypes: [class SVGUnitTypes] {
      SVG_UNIT_TYPE_UNKNOWN: 0,
      SVG_UNIT_TYPE_USERSPACEONUSE: 1,
      SVG_UNIT_TYPE_OBJECTBOUNDINGBOX: 2
    },
    StylePropertyMap: [class StylePropertyMap extends StylePropertyMapReadOnly],
    StylePropertyMapReadOnly: [class StylePropertyMapReadOnly],
    MediaList: [class MediaList],
    CSSKeywordValue: [class CSSKeywordValue],
    CSSStyleValue: [class CSSStyleValue],
    Window: [class GlobalWindow extends Window],
    URLSearchParams: [class URLSearchParams],
    WritableStream: [Function: Writable] {
      WritableState: [Function: WritableState],
      fromWeb: [Function (anonymous)],
      toWeb: [Function (anonymous)]
    },
    ReadableStream: [class ReadableStream],
    TransformStream: [Function: Transform],
    PerformanceObserver: [class PerformanceObserver],
    PerformanceEntry: [class PerformanceEntry],
    PerformanceObserverEntryList: [class PerformanceObserverEntryList],
    document: <ref *4> HTMLDocument {
      defaultView: [Getter],
      _reactListening7defm8ungkm: true,
      [Symbol(listeners)]: [Object],
      [Symbol(listenerOptions)]: [Object],
      [Symbol(isConnected)]: true,
      [Symbol(parentNode)]: null,
      [Symbol(rootNode)]: [Circular *4],
      [Symbol(styleNode)]: null,
      [Symbol(textAreaNode)]: null,
      [Symbol(formNode)]: null,
      [Symbol(selectNode)]: null,
      [Symbol(mutationListeners)]: [],
      [Symbol(nodeArray)]: [Array],
      [Symbol(elementArray)]: [Array],
      [Symbol(childNodes)]: null,
      [Symbol(assignedToSlot)]: null,
      [Symbol(cache)]: [Object],
      [Symbol(affectsCache)]: [Array],
      [Symbol(ownerDocument)]: null,
      [Symbol(children)]: null,
      [Symbol(activeElement)]: null,
      [Symbol(nextActiveElement)]: null,
      [Symbol(currentScript)]: null,
      [Symbol(isFirstWrite)]: true,
      [Symbol(isFirstWriteAfterOpen)]: false,
      [Symbol(nodeType)]: 9,
      [Symbol(adoptedStyleSheets)]: [],
      [Symbol(implementation)]: DOMImplementation {},
      [Symbol(readyState)]: 'complete',
      [Symbol(referrer)]: '',
      [Symbol(defaultView)]: [Circular *5],
      [Symbol(forms)]: null,
      [Symbol(links)]: null,
      [Symbol(affectsComputedStyleCache)]: [],
      [Symbol(elementIdMap)]: Map(0) {},
      [Symbol(contentType)]: 'text/html',
      [Symbol(xmlProcessingInstruction)]: null,
      [Symbol(preloads)]: Map(0) {},
      [Symbol(propertyEventListeners)]: Map(0) {},
      [Symbol(selection)]: null,
      [Symbol(timeline)]: DocumentTimeline {}
    },
    customElements: CustomElementRegistry {
      [Symbol(registry)]: Map(0) {},
      [Symbol(classRegistry)]: Map(0) {},
      [Symbol(callbacks)]: Map(0) {},
      [Symbol(destroyed)]: false
    },
    window: [Circular *5],
    globalThis: [Circular *5],
    performance: Performance {
      nodeTiming: PerformanceNodeTiming {
        name: 'node',
        entryType: 'node',
        startTime: 0,
        duration: 3220.7038749456406,
        nodeStart: 3.738124966621399,
        v8Start: 15.210291981697083,
        bootstrapComplete: 48.53162491321564,
        environment: 25.43879199028015,
        loopStart: 55.90637493133545,
        loopExit: -1,
        idleTime: 404.456123
      },
      timeOrigin: 1788639034068.654
    },
    screenLeft: 0,
    screenTop: 0,
    screenX: 0,
    screenY: 0,
    crypto: Crypto {},
    TextEncoder: [class TextEncoder],
    TextDecoder: [class TextDecoder],
    closed: false,
    console: Console [console] {
      log: [Function: log],
      warn: [Function: warn],
      dir: [Function: dir],
      time: [Function: time],
      timeEnd: [Function: timeEnd],
      timeLog: [Function: timeLog],
      trace: [Function: trace],
      assert: [Function: assert],
      clear: [Function: clear],
      count: [Function: count],
      countReset: [Function: countReset],
      group: [Function: group],
      groupEnd: [Function: groupEnd],
      table: [Function: table],
      debug: [Function: debug],
      info: [Function: info],
      dirxml: [Function: dirxml],
      error: [Function: error],
      groupCollapsed: [Function: groupCollapsed]
    },
    name: '',
    Buffer: [Function: Buffer] {
      poolSize: 8192,
      from: [Function: from],
      copyBytesFrom: [Function: copyBytesFrom],
      of: [Function: of],
      alloc: [Function: alloc],
      allocUnsafe: [Function: allocUnsafe],
      allocUnsafeSlow: [Function: allocUnsafeSlow],
      isBuffer: [Function: isBuffer],
      compare: [Function: compare],
      isEncoding: [Function: isEncoding],
      concat: [Function: concat],
      byteLength: [Function: byteLength],
      [Symbol(kIsEncodingSymbol)]: [Function: isEncoding]
    },
    Document: [class Document extends Document],
    HTMLDocument: [class HTMLDocument extends HTMLDocument],
    XMLDocument: [class XMLDocument extends XMLDocument],
    DocumentFragment: [class DocumentFragment extends DocumentFragment],
    Text: [class Text extends Text],
    Comment: [class Comment extends Comment],
    Image: [class Image extends Image],
    Audio: [class Audio extends Audio],
    MutationObserver: [class MutationObserver extends MutationObserver],
    MessagePort: [class MessagePort extends MessagePort],
    CSSStyleSheet: [class CSSStyleSheet extends CSSStyleSheet],
    DOMException: [class DOMException extends DOMException],
    Headers: [class Headers extends Headers],
    Request: [class Request extends Request],
    Response: [class Response extends Response] {
      [Symbol(window)]: [Circular *5]
    },
    EventTarget: [class EventTarget extends EventTarget],
    XMLHttpRequestUpload: [class XMLHttpRequestUpload extends XMLHttpRequestUpload],
    XMLHttpRequestEventTarget: [class XMLHttpRequestEventTarget extends XMLHttpRequestEventTarget],
    AbortController: [class AbortController extends AbortController],
    AbortSignal: [class AbortSignal extends AbortSignal] {
      [Symbol(window)]: [Circular *5]
    },
    FormData: [class FormData extends FormData],
    PermissionStatus: [class PermissionStatus extends PermissionStatus],
    XMLHttpRequest: [class XMLHttpRequest extends XMLHttpRequest],
    DOMParser: [class DOMParser extends DOMParser],
    Range: [class Range extends Range],
    VTTCue: [class VTTCue extends VTTCue],
    TextTrack: [class TextTrack extends TextTrack],
    TextTrackList: [class TextTrackList extends TextTrackList],
    TextTrackCue: [class TextTrackCue extends TextTrackCue],
    RemotePlayback: [class RemotePlayback extends RemotePlayback],
    FileReader: [class FileReader extends FileReader],
    MediaStream: [class MediaStream extends MediaStream],
    MediaStreamTrack: [class MediaStreamTrack extends MediaStreamTrack],
    CanvasCaptureMediaStreamTrack: [class CanvasCaptureMediaStreamTrack extends CanvasCaptureMediaStreamTrack],
    URL: [class URL extends URL],
    WebSocket: [class WebSocket extends WebSocket],
    ImageData: [class ImageData extends ImageData],
    OffscreenCanvas: [class OffscreenCanvas extends OffscreenCanvas],
    DOMMatrixReadOnly: [class DOMMatrixReadOnly extends DOMMatrixReadOnly],
    DOMMatrix: [class DOMMatrix extends DOMMatrix],
    DOMPointReadOnly: [class DOMPointReadOnly extends DOMPointReadOnly],
    DOMPoint: [class DOMPoint extends DOMPoint],
    Animation: [class Animation extends Animation],
    KeyframeEffect: [class KeyframeEffect extends KeyframeEffect],
    happyDOM: DetachedWindowAPI {},
    Array: [Function: Array],
    ArrayBuffer: [Function: ArrayBuffer],
    Boolean: [Function: Boolean],
    DataView: [Function: DataView],
    Date: [Function: Date],
    Error: [Function: Error] {
      stackTraceLimit: 10,
      prepareStackTrace: [Function: prepareStackTrace]
    },
    EvalError: [Function: EvalError],
    Float32Array: [Function: Float32Array],
    Float64Array: [Function: Float64Array],
    Function: [Function: Function],
    Infinity: Infinity,
    Int16Array: [Function: Int16Array],
    Int32Array: [Function: Int32Array],
    Int8Array: [Function: Int8Array],
    Intl: Object [Intl] {},
    JSON: Object [JSON] {},
    Map: [Function: Map],
    Math: Object [Math] {},
    NaN: NaN,
    Number: [Function: Number],
    Object: [Function: Object],
    Promise: [Function: Promise],
    RangeError: [Function: RangeError],
    ReferenceError: [Function: ReferenceError],
    RegExp: [Function: RegExp],
    Set: [Function: Set],
    String: [Function: String],
    Symbol: [Function: Symbol] {
      dispose: Symbol(nodejs.dispose),
      asyncDispose: Symbol(nodejs.asyncDispose)
    },
    SyntaxError: [Function: SyntaxError],
    TypeError: [Function: TypeError],
    URIError: [Function: URIError],
    Uint16Array: [Function: Uint16Array],
    Uint32Array: [Function: Uint32Array],
    Uint8Array: [Function: Uint8Array],
    Uint8ClampedArray: [Function: Uint8ClampedArray],
    WeakMap: [Function: WeakMap],
    WeakSet: [Function: WeakSet],
    decodeURI: [Function: decodeURI],
    decodeURIComponent: [Function: decodeURIComponent],
    encodeURI: [Function: encodeURI],
    encodeURIComponent: [Function: encodeURIComponent],
    eval: [Function: eval],
    escape: [Function: escape],
    global: <ref *6> Object [global] {
      global: [Circular *6],
      queueMicrotask: [Function: queueMicrotask],
      clearImmediate: [Function: clearImmediate],
      setImmediate: [Function],
      structuredClone: [Function: structuredClone],
      clearInterval: [Function: clearInterval],
      clearTimeout: [Function: clearTimeout],
      setInterval: [Function: setInterval],
      setTimeout: [Function],
      atob: [Function: atob],
      btoa: [Function: btoa],
      performance: [Performance [EventTarget]],
      fetch: [Getter/Setter],
      suite: [Function],
      test: [Function],
      describe: [Function],
      it: [Function],
      chai: [Object: null prototype] [Module],
      expect: [Function],
      assert: [Function],
      expectTypeOf: [Function: expectTypeOf],
      assertType: [Function: assertType],
      vitest: [Object],
      vi: [Object],
      beforeAll: [Function: beforeAll],
      afterAll: [Function: afterAll],
      beforeEach: [Function: beforeEach],
      afterEach: [Function: afterEach],
      onTestFinished: [Function (anonymous)],
      onTestFailed: [Function (anonymous)],
      __vitest_required__: [Object],
      __vitest_environment__: 'happy-dom',
      window: [Circular *6],
      self: [Circular *6],
      top: [Circular *6],
      parent: [Circular *6],
      IS_REACT_ACT_ENVIRONMENT: true,
      [Symbol(vitest:SAFE_TIMERS)]: [Object]
    },
    isFinite: [Function: isFinite],
    isNaN: [Function: isNaN],
    parseFloat: [Function: parseFloat],
    parseInt: [Function: parseInt],
    undefined: undefined,
    unescape: [Function: unescape],
    [Symbol(listeners)]: { bubbling: [Map], capturing: Map(0) {} },
    [Symbol(listenerOptions)]: { bubbling: [Map], capturing: Map(0) {} },
    [Symbol(mutationObservers)]: [],
    [Symbol(readyStateManager)]: DocumentReadyStateManager {},
    [Symbol(location)]: Location { [Symbol(Symbol.toStringTag)]: 'Location' },
    [Symbol(history)]: History {},
    [Symbol(navigator)]: Navigator {},
    [Symbol(screen)]: Screen [EventTarget] {
      width: 1024,
      height: 768,
      availWidth: 1024,
      availHeight: 768,
      colorDepth: 24,
      pixelDepth: 24,
      onchange: null,
      [Symbol(listeners)]: [Object],
      [Symbol(listenerOptions)]: [Object]
    },
    [Symbol(sessionStorage)]: Storage { [Symbol(data)]: {} },
    [Symbol(localStorage)]: Storage { [Symbol(data)]: {} },
    [Symbol(cookieStore)]: CookieStore [EventTarget] {
      [Symbol(listeners)]: [Object],
      [Symbol(listenerOptions)]: [Object]
    },
    [Symbol(self)]: [Circular *5],
    [Symbol(top)]: [Circular *5],
    [Symbol(parent)]: [Circular *5],
    [Symbol(window)]: [Circular *5],
    [Symbol(frames)]: [Circular *5],
    [Symbol(internalId)]: 0,
    [Symbol(customElementReactionStack)]: CustomElementReactionStack { window: [Circular *5] },
    [Symbol(modules)]: { json: Map(0) {}, css: Map(0) {}, esm: Map(0) {} },
    [Symbol(moduleImportMap)]: null,
    [Symbol(openWebSockets)]: [],
    [Symbol(propertyEventListeners)]: Map(0) {},
    [Symbol(querySelectorCache)]: Map(1) { '[data-testid]' => [Array] }
  },
  [Symbol(classList)]: null,
  [Symbol(isValue)]: null,
  [Symbol(nodeType)]: 1,
  [Symbol(prefix)]: null,
  [Symbol(shadowRoot)]: null,
  [Symbol(scrollHeight)]: 0,
  [Symbol(scrollWidth)]: 0,
  [Symbol(scrollTop)]: 0,
  [Symbol(scrollLeft)]: 0,
  [Symbol(attributes)]: NamedNodeMap {
    [Symbol(itemsByNamespaceURI)]: Map(8) {
      ':data-testid' => [Attr],
      ':alt' => [Attr],
      ':width' => [Attr],
      ':height' => [Attr],
      ':decoding' => [Attr],
      ':data-nimg' => [Attr],
      ':style' => [Attr],
      ':src' => [Attr]
    },
    [Symbol(itemsByName)]: Map(8) {
      'data-testid' => [Array],
      'alt' => [Array],
      'width' => [Array],
      'height' => [Array],
      'decoding' => [Array],
      'data-nimg' => [Array],
      'style' => [Array],
      'src' => [Array]
    },
    [Symbol(items)]: Map(8) {
      ':data-testid' => [Attr],
      ':alt' => [Attr],
      ':width' => [Attr],
      ':height' => [Attr],
      ':decoding' => [Attr],
      ':data-nimg' => [Attr],
      ':style' => [Attr],
      ':src' => [Attr]
    },
    [Symbol(ownerElement)]: [Circular *1]
  },
  [Symbol(attributesProxy)]: null,
  [Symbol(children)]: null,
  [Symbol(computedStyle)]: null,
  [Symbol(pointerCaptures)]: Set(0) {},
  [Symbol(propertyEventListeners)]: Map(0) {},
  [Symbol(animations)]: [],
  [Symbol(tagName)]: 'IMG',
  [Symbol(localName)]: 'img',
  [Symbol(namespaceURI)]: 'http://www.w3.org/1999/xhtml',
  [Symbol(accessKey)]: '',
  [Symbol(offsetHeight)]: 0,
  [Symbol(offsetWidth)]: 0,
  [Symbol(offsetLeft)]: 0,
  [Symbol(offsetTop)]: 0,
  [Symbol(clientHeight)]: 0,
  [Symbol(clientWidth)]: 0,
  [Symbol(clientLeft)]: 0,
  [Symbol(clientTop)]: 0,
  [Symbol(style)]: CSSStyleDeclaration {
    parentRule: null,
    [Symbol(window)]: <ref *5> GlobalWindow [EventTarget] {
      Node: [Function],
      Attr: [class Attr extends Node],
      ShadowRoot: [class ShadowRoot extends DocumentFragment],
      ProcessingInstruction: [class ProcessingInstruction extends CharacterData],
      Element: [Function],
      CharacterData: [class CharacterData extends Node],
      DocumentType: [class DocumentType extends Node],
      AnimationTimeline: [class AnimationTimeline],
      DocumentTimeline: [class DocumentTimeline extends AnimationTimeline],
      HTMLAnchorElement: [class HTMLAnchorElement extends HTMLElement],
      HTMLButtonElement: [class HTMLButtonElement extends HTMLElement],
      HTMLOptGroupElement: [class HTMLOptGroupElement extends HTMLElement],
      HTMLOptionElement: [class HTMLOptionElement extends HTMLElement],
      HTMLElement: [Function],
      HTMLUnknownElement: [class HTMLUnknownElement extends HTMLElement],
      HTMLTemplateElement: [class HTMLTemplateElement extends HTMLElement],
      HTMLInputElement: [class HTMLInputElement extends HTMLElement],
      HTMLSelectElement: [class HTMLSelectElement extends HTMLElement],
      HTMLTextAreaElement: [class HTMLTextAreaElement extends HTMLElement],
      HTMLImageElement: [class HTMLImageElement extends HTMLElement],
      HTMLStyleElement: [class HTMLStyleElement extends HTMLElement],
      HTMLLabelElement: [class HTMLLabelElement extends HTMLElement],
      HTMLSlotElement: [class HTMLSlotElement extends HTMLElement],
      HTMLMetaElement: [class HTMLMetaElement extends HTMLElement],
      HTMLMediaElement: [class HTMLMediaElement extends HTMLElement],
      HTMLAudioElement: [class HTMLAudioElement extends HTMLMediaElement],
      HTMLVideoElement: [class HTMLVideoElement extends HTMLMediaElement],
      HTMLBaseElement: [class HTMLBaseElement extends HTMLElement],
      HTMLDialogElement: [class HTMLDialogElement extends HTMLElement],
      HTMLScriptElement: [class HTMLScriptElement extends HTMLElement],
      HTMLLinkElement: [class HTMLLinkElement extends HTMLElement],
      HTMLIFrameElement: [class HTMLIFrameElement extends HTMLElement],
      HTMLFormElement: [class HTMLFormElement extends HTMLElement],
      HTMLUListElement: [class HTMLUListElement extends HTMLElement],
      HTMLTrackElement: [class HTMLTrackElement extends HTMLElement],
      HTMLTableRowElement: [class HTMLTableRowElement extends HTMLElement],
      HTMLTitleElement: [class HTMLTitleElement extends HTMLElement],
      HTMLTimeElement: [class HTMLTimeElement extends HTMLElement],
      HTMLTableSectionElement: [class HTMLTableSectionElement extends HTMLElement],
      HTMLTableCellElement: [class HTMLTableCellElement extends HTMLElement],
      HTMLTableElement: [class HTMLTableElement extends HTMLElement],
      HTMLSpanElement: [class HTMLSpanElement extends HTMLElement],
      HTMLSourceElement: [class HTMLSourceElement extends HTMLElement],
      HTMLQuoteElement: [class HTMLQuoteElement extends HTMLElement],
      HTMLProgressElement: [class HTMLProgressElement extends HTMLElement],
      HTMLPreElement: [class HTMLPreElement extends HTMLElement],
      HTMLPictureElement: [class HTMLPictureElement extends HTMLElement],
      HTMLParamElement: [class HTMLParamElement extends HTMLElement],
      HTMLParagraphElement: [class HTMLParagraphElement extends HTMLElement],
      HTMLOutputElement: [class HTMLOutputElement extends HTMLElement],
      HTMLOListElement: [class HTMLOListElement extends HTMLElement],
      HTMLObjectElement: [class HTMLObjectElement extends HTMLElement],
      HTMLMeterElement: [class HTMLMeterElement extends HTMLElement],
      HTMLMenuElement: [class HTMLMenuElement extends HTMLElement],
      HTMLMapElement: [class HTMLMapElement extends HTMLElement],
      HTMLLIElement: [class HTMLLIElement extends HTMLElement],
      HTMLLegendElement: [class HTMLLegendElement extends HTMLElement],
      HTMLModElement: [class HTMLModElement extends HTMLElement],
      HTMLHtmlElement: [class HTMLHtmlElement extends HTMLElement],
      HTMLHRElement: [class HTMLHRElement extends HTMLElement],
      HTMLHeadElement: [class HTMLHeadElement extends HTMLElement],
      HTMLHeadingElement: [class HTMLHeadingElement extends HTMLElement],
      HTMLFieldSetElement: [class HTMLFieldSetElement extends HTMLElement],
      HTMLEmbedElement: [class HTMLEmbedElement extends HTMLElement],
      HTMLDListElement: [class HTMLDListElement extends HTMLElement],
      HTMLDivElement: [class HTMLDivElement extends HTMLElement],
      HTMLDetailsElement: [class HTMLDetailsElement extends HTMLElement],
      HTMLDataListElement: [class HTMLDataListElement extends HTMLElement],
      HTMLDataElement: [class HTMLDataElement extends HTMLElement],
      HTMLTableColElement: [class HTMLTableColElement extends HTMLElement],
      HTMLTableCaptionElement: [class HTMLTableCaptionElement extends HTMLElement],
      HTMLCanvasElement: [class HTMLCanvasElement extends HTMLElement],
      HTMLBRElement: [class HTMLBRElement extends HTMLElement],
      HTMLBodyElement: [class HTMLBodyElement extends HTMLElement],
      HTMLAreaElement: [class HTMLAreaElement extends HTMLElement],
      SVGSVGElement: [class SVGSVGElement extends SVGGraphicsElement],
      SVGAnimateElement: [class SVGAnimateElement extends SVGAnimationElement],
      SVGAnimateMotionElement: [class SVGAnimateMotionElement extends SVGAnimationElement],
      SVGAnimateTransformElement: [class SVGAnimateTransformElement extends SVGAnimationElement],
      SVGCircleElement: [class SVGCircleElement extends SVGGeometryElement],
      SVGClipPathElement: [class SVGClipPathElement extends SVGElement],
      SVGDefsElement: [class SVGDefsElement extends SVGGraphicsElement],
      SVGDescElement: [class SVGDescElement extends SVGElement],
      SVGEllipseElement: [class SVGEllipseElement extends SVGGeometryElement],
      SVGFEBlendElement: [Function],
      SVGFEColorMatrixElement: [Function],
      SVGFEComponentTransferElement: [class SVGFEComponentTransferElement extends SVGElement],
      SVGFECompositeElement: [Function],
      SVGFEConvolveMatrixElement: [Function],
      SVGFEDiffuseLightingElement: [class SVGFEDiffuseLightingElement extends SVGElement],
      SVGFEDisplacementMapElement: [Function],
      SVGFEDistantLightElement: [class SVGFEDistantLightElement extends SVGElement],
      SVGFEDropShadowElement: [class SVGFEDropShadowElement extends SVGElement],
      SVGFEFloodElement: [class SVGFEFloodElement extends SVGElement],
      SVGFEFuncAElement: [class SVGFEFuncAElement extends SVGComponentTransferFunctionElement],
      SVGFEFuncBElement: [class SVGFEFuncBElement extends SVGComponentTransferFunctionElement],
      SVGFEFuncGElement: [class SVGFEFuncGElement extends SVGComponentTransferFunctionElement],
      SVGFEFuncRElement: [class SVGFEFuncRElement extends SVGComponentTransferFunctionElement],
      SVGFEGaussianBlurElement: [Function],
      SVGFEImageElement: [class SVGFEImageElement extends SVGElement],
      SVGFEMergeElement: [class SVGFEMergeElement extends SVGElement],
      SVGFEMergeNodeElement: [class SVGFEMergeNodeElement extends SVGElement],
      SVGFEMorphologyElement: [Function],
      SVGFEOffsetElement: [class SVGFEOffsetElement extends SVGElement],
      SVGFEPointLightElement: [class SVGFEPointLightElement extends SVGElement],
      SVGFESpecularLightingElement: [class SVGFESpecularLightingElement extends SVGElement],
      SVGFESpotLightElement: [class SVGFESpotLightElement extends SVGElement],
      SVGFETileElement: [class SVGFETileElement extends SVGElement],
      SVGFETurbulenceElement: [Function],
      SVGFilterElement: [class SVGFilterElement extends SVGElement],
      SVGForeignObjectElement: [class SVGForeignObjectElement extends SVGGraphicsElement],
      SVGGElement: [class SVGGElement extends SVGGraphicsElement],
      SVGImageElement: [class SVGImageElement extends SVGGraphicsElement],
      SVGLineElement: [class SVGLineElement extends SVGGeometryElement],
      SVGLinearGradientElement: [class SVGLinearGradientElement extends SVGGradientElement],
      SVGMarkerElement: [Function],
      SVGMaskElement: [class SVGMaskElement extends SVGElement],
      SVGMetadataElement: [class SVGMetadataElement extends SVGElement],
      SVGMPathElement: [class SVGMPathElement extends SVGElement],
      SVGPathElement: [class SVGPathElement extends SVGGeometryElement],
      SVGPatternElement: [class SVGPatternElement extends SVGElement],
      SVGPolygonElement: [class SVGPolygonElement extends SVGGeometryElement],
      SVGPolylineElement: [class SVGPolylineElement extends SVGGeometryElement],
      SVGRadialGradientElement: [class SVGRadialGradientElement extends SVGGradientElement],
      SVGRectElement: [class SVGRectElement extends SVGGeometryElement],
      SVGScriptElement: [class SVGScriptElement extends SVGGraphicsElement],
      SVGSetElement: [class SVGSetElement extends SVGAnimationElement],
      SVGStopElement: [class SVGStopElement extends SVGElement],
      SVGStyleElement: [class SVGStyleElement extends SVGElement],
      SVGSwitchElement: [class SVGSwitchElement extends SVGGraphicsElement],
      SVGSymbolElement: [class SVGSymbolElement extends SVGGraphicsElement],
      SVGTextElement: [class SVGTextElement extends SVGTextPositioningElement],
      SVGTextPathElement: [Function],
      SVGTitleElement: [class SVGTitleElement extends SVGElement],
      SVGTSpanElement: [class SVGTSpanElement extends SVGTextPositioningElement],
      SVGUseElement: [class SVGUseElement extends SVGGraphicsElement],
      SVGViewElement: [class SVGViewElement extends SVGElement],
      SVGElement: [class SVGElement extends Element],
      SVGAnimationElement: [class SVGAnimationElement extends SVGElement],
      SVGComponentTransferFunctionElement: [Function],
      SVGGeometryElement: [class SVGGeometryElement extends SVGGraphicsElement],
      SVGGradientElement: [Function],
      SVGTextPositioningElement: [class SVGTextPositioningElement extends SVGTextContentElement],
      SVGGraphicsElement: [class SVGGraphicsElement extends SVGElement],
      Event: [Function],
      UIEvent: [Function],
      CustomEvent: [class CustomEvent extends Event],
      CloseEvent: [class CloseEvent extends Event],
      AnimationEvent: [class AnimationEvent extends Event],
      KeyboardEvent: [Function],
      MessageEvent: [class MessageEvent extends Event],
      MouseEvent: [class MouseEvent extends UIEvent],
      PointerEvent: [class PointerEvent extends MouseEvent],
      FocusEvent: [class FocusEvent extends UIEvent],
      WheelEvent: [Function],
      InputEvent: [class InputEvent extends UIEvent],
      ErrorEvent: [class ErrorEvent extends UIEvent],
      StorageEvent: [class StorageEvent extends Event],
      SubmitEvent: [class SubmitEvent extends Event],
      ProgressEvent: [class ProgressEvent extends Event],
      MediaQueryListEvent: [class MediaQueryListEvent extends Event],
      HashChangeEvent: [class HashChangeEvent extends Event],
      ClipboardEvent: [class ClipboardEvent extends Event],
      CookieChangeEvent: [class CookieChangeEvent extends Event],
      TouchEvent: [class TouchEvent extends UIEvent],
      PopStateEvent: [class PopStateEvent extends Event],
      Touch: [class Touch],
      AudioProcessingEvent: [Function],
      BeforeInputEvent: [Function],
      BeforeUnloadEvent: [Function],
      BlobEvent: [Function],
      CompositionEvent: [Function],
      CSSFontFaceLoadEvent: [Function],
      DeviceLightEvent: [Function],
      DeviceMotionEvent: [Function],
      DeviceOrientationEvent: [Function],
      DeviceProximityEvent: [Function],
      DOMTransactionEvent: [Function],
      DragEvent: [Function],
      EditingBeforeInputEvent: [Function],
      FetchEvent: [Function],
      GamepadEvent: [Function],
      IDBVersionChangeEvent: [Function],
      MediaStreamEvent: [Function],
      MutationEvent: [Function],
      OfflineAudioCompletionEvent: [Function],
      OverconstrainedError: [Function],
      PageTransitionEvent: [Function],
      PaymentRequestUpdateEvent: [Function],
      RelatedEvent: [Function],
      RTCDataChannelEvent: [Function],
      RTCIdentityErrorEvent: [Function],
      RTCIdentityEvent: [Function],
      RTCPeerConnectionIceEvent: [Function],
      SensorEvent: [Function],
      SVGEvent: [Function],
      SVGZoomEvent: [Function],
      TimeEvent: [Function],
      TrackEvent: [Function],
      TransitionEvent: [Function],
      UserProximityEvent: [Function],
      WebGLContextEvent: [Function],
      TextEvent: [Function],
      Permissions: [class Permissions],
      History: [class History],
      Navigator: [class Navigator],
      Clipboard: [class Clipboard],
      TimeRanges: [class TimeRanges],
      TextTrackCueList: [class TextTrackCueList extends Array],
      ValidityState: [class ValidityState],
      MutationRecord: [class MutationRecord],
      IntersectionObserver: [class IntersectionObserver],
      IntersectionObserverEntry: [class IntersectionObserverEntry],
      CSSStyleDeclaration: [class CSSStyleDeclaration],
      CSSRule: [Function],
      CSSContainerRule: [class CSSContainerRule extends CSSConditionRule],
      CSSFontFaceRule: [class CSSFontFaceRule extends CSSRule],
      CSSKeyframeRule: [class CSSKeyframeRule extends CSSRule],
      CSSKeyframesRule: [class CSSKeyframesRule extends CSSRule],
      CSSMediaRule: [class CSSMediaRule extends CSSConditionRule],
      CSSStyleRule: [class CSSStyleRule extends CSSGroupingRule],
      CSSSupportsRule: [class CSSSupportsRule extends CSSConditionRule],
      CSSConditionRule: [class CSSConditionRule extends CSSGroupingRule],
      CSSGroupingRule: [class CSSGroupingRule extends CSSRule],
      CSSScopeRule: [class CSSScopeRule extends CSSGroupingRule],
      DOMRect: [class DOMRect extends DOMRectReadOnly],
      DOMRectReadOnly: [class DOMRectReadOnly],
      Plugin: [class Plugin],
      PluginArray: [class PluginArray],
      Location: [class Location],
      CustomElementRegistry: [class CustomElementRegistry],
      ResizeObserver: [class ResizeObserver],
      Blob: [class Blob],
      File: [class File extends Blob],
      Storage: [class Storage],
      CookieStore: [class CookieStore extends EventTarget],
      MimeType: [class MimeType],
      MimeTypeArray: [class MimeTypeArray],
      NodeFilter: [Object],
      ImageBitmap: [class ImageBitmap],
      HTMLCollection: [class HTMLCollection],
      HTMLFormControlCollection: [class HTMLFormControlsCollection extends HTMLCollection],
      HTMLOptionsCollection: [class HTMLOptionsCollection extends HTMLCollection],
      NodeList: [class NodeList],
      RadioNodeList: [class RadioNodeList extends NodeList],
      FileList: [class FileList extends Array],
      Screen: [class Screen extends EventTarget],
      ScreenDetails: [class ScreenDetails extends EventTarget],
      ScreenDetailed: [class ScreenDetailed extends Screen],
      NamedNodeMap: [class NamedNodeMap],
      TreeWalker: [class TreeWalker],
      NodeIterator: [class NodeIterator],
      DataTransfer: [class DataTransfer],
      DataTransferItem: [class DataTransferItem],
      DataTransferItemList: [class DataTransferItemList extends Array],
      XMLSerializer: [class XMLSerializer],
      ClipboardItem: [class ClipboardItem],
      Selection: [class Selection],
      CSSUnitValue: [class CSSUnitValue],
      SVGAngle: [Function],
      SVGAnimatedAngle: [class SVGAnimatedAngle],
      SVGAnimatedBoolean: [class SVGAnimatedBoolean],
      SVGAnimatedEnumeration: [class SVGAnimatedEnumeration],
      SVGAnimatedInteger: [class SVGAnimatedInteger],
      SVGAnimatedLength: [class SVGAnimatedLength],
      SVGAnimatedNumber: [class SVGAnimatedNumber],
      SVGAnimatedNumberList: [class SVGAnimatedNumberList],
      SVGAnimatedPreserveAspectRatio: [class SVGAnimatedPreserveAspectRatio],
      SVGAnimatedRect: [class SVGAnimatedRect],
      SVGAnimatedString: [class SVGAnimatedString],
      SVGAnimatedTransformList: [class SVGAnimatedTransformList],
      SVGLength: [Function],
      SVGLengthList: [class SVGLengthList],
      SVGMatrix: [class SVGMatrix],
      SVGNumber: [class SVGNumber],
      SVGNumberList: [class SVGNumberList],
      SVGPoint: [class SVGPoint],
      SVGPointList: [class SVGPointList],
      SVGPreserveAspectRatio: [Function],
      SVGRect: [class SVGRect],
      SVGStringList: [class SVGStringList],
      SVGTransform: [Function],
      SVGTransformList: [class SVGTransformList],
      SVGAnimatedLengthList: [class SVGAnimatedLengthList],
      SVGUnitTypes: [Function],
      StylePropertyMap: [class StylePropertyMap extends StylePropertyMapReadOnly],
      StylePropertyMapReadOnly: [class StylePropertyMapReadOnly],
      MediaList: [class MediaList],
      CSSKeywordValue: [class CSSKeywordValue],
      CSSStyleValue: [class CSSStyleValue],
      Window: [class GlobalWindow extends Window],
      URLSearchParams: [class URLSearchParams],
      WritableStream: [Function],
      ReadableStream: [class ReadableStream],
      TransformStream: [Function: Transform],
      PerformanceObserver: [class PerformanceObserver],
      PerformanceEntry: [class PerformanceEntry],
      PerformanceObserverEntryList: [class PerformanceObserverEntryList],
      document: [HTMLDocument],
      customElements: [CustomElementRegistry],
      window: [Circular *5],
      globalThis: [Circular *5],
      performance: [Performance [EventTarget]],
      screenLeft: 0,
      screenTop: 0,
      screenX: 0,
      screenY: 0,
      crypto: Crypto {},
      TextEncoder: [class TextEncoder],
      TextDecoder: [class TextDecoder],
      closed: false,
      console: [Console [console]],
      name: '',
      Buffer: [Function],
      Document: [class Document extends Document],
      HTMLDocument: [class HTMLDocument extends HTMLDocument],
      XMLDocument: [class XMLDocument extends XMLDocument],
      DocumentFragment: [class DocumentFragment extends DocumentFragment],
      Text: [class Text extends Text],
      Comment: [class Comment extends Comment],
      Image: [class Image extends Image],
      Audio: [class Audio extends Audio],
      MutationObserver: [class MutationObserver extends MutationObserver],
      MessagePort: [class MessagePort extends MessagePort],
      CSSStyleSheet: [class CSSStyleSheet extends CSSStyleSheet],
      DOMException: [class DOMException extends DOMException],
      Headers: [class Headers extends Headers],
      Request: [class Request extends Request],
      Response: [Function],
      EventTarget: [class EventTarget extends EventTarget],
      XMLHttpRequestUpload: [class XMLHttpRequestUpload extends XMLHttpRequestUpload],
      XMLHttpRequestEventTarget: [class XMLHttpRequestEventTarget extends XMLHttpRequestEventTarget],
      AbortController: [class AbortController extends AbortController],
      AbortSignal: [Function],
      FormData: [class FormData extends FormData],
      PermissionStatus: [class PermissionStatus extends PermissionStatus],
      XMLHttpRequest: [class XMLHttpRequest extends XMLHttpRequest],
      DOMParser: [class DOMParser extends DOMParser],
      Range: [class Range extends Range],
      VTTCue: [class VTTCue extends VTTCue],
      TextTrack: [class TextTrack extends TextTrack],
      TextTrackList: [class TextTrackList extends TextTrackList],
      TextTrackCue: [class TextTrackCue extends TextTrackCue],
      RemotePlayback: [class RemotePlayback extends RemotePlayback],
      FileReader: [class FileReader extends FileReader],
      MediaStream: [class MediaStream extends MediaStream],
      MediaStreamTrack: [class MediaStreamTrack extends MediaStreamTrack],
      CanvasCaptureMediaStreamTrack: [class CanvasCaptureMediaStreamTrack extends CanvasCaptureMediaStreamTrack],
      URL: [class URL extends URL],
      WebSocket: [class WebSocket extends WebSocket],
      ImageData: [class ImageData extends ImageData],
      OffscreenCanvas: [class OffscreenCanvas extends OffscreenCanvas],
      DOMMatrixReadOnly: [class DOMMatrixReadOnly extends DOMMatrixReadOnly],
      DOMMatrix: [class DOMMatrix extends DOMMatrix],
      DOMPointReadOnly: [class DOMPointReadOnly extends DOMPointReadOnly],
      DOMPoint: [class DOMPoint extends DOMPoint],
      Animation: [class Animation extends Animation],
      KeyframeEffect: [class KeyframeEffect extends KeyframeEffect],
      happyDOM: DetachedWindowAPI {},
      Array: [Function: Array],
      ArrayBuffer: [Function: ArrayBuffer],
      Boolean: [Function: Boolean],
      DataView: [Function: DataView],
      Date: [Function: Date],
      Error: [Function],
      EvalError: [Function: EvalError],
      Float32Array: [Function: Float32Array],
      Float64Array: [Function: Float64Array],
      Function: [Function: Function],
      Infinity: Infinity,
      Int16Array: [Function: Int16Array],
      Int32Array: [Function: Int32Array],
      Int8Array: [Function: Int8Array],
      Intl: Object [Intl] {},
      JSON: Object [JSON] {},
      Map: [Function: Map],
      Math: Object [Math] {},
      NaN: NaN,
      Number: [Function: Number],
      Object: [Function: Object],
      Promise: [Function: Promise],
      RangeError: [Function: RangeError],
      ReferenceError: [Function: ReferenceError],
      RegExp: [Function: RegExp],
      Set: [Function: Set],
      String: [Function: String],
      Symbol: [Function],
      SyntaxError: [Function: SyntaxError],
      TypeError: [Function: TypeError],
      URIError: [Function: URIError],
      Uint16Array: [Function: Uint16Array],
      Uint32Array: [Function: Uint32Array],
      Uint8Array: [Function: Uint8Array],
      Uint8ClampedArray: [Function: Uint8ClampedArray],
      WeakMap: [Function: WeakMap],
      WeakSet: [Function: WeakSet],
      decodeURI: [Function: decodeURI],
      decodeURIComponent: [Function: decodeURIComponent],
      encodeURI: [Function: encodeURI],
      encodeURIComponent: [Function: encodeURIComponent],
      eval: [Function: eval],
      escape: [Function: escape],
      global: [Object [global]],
      isFinite: [Function: isFinite],
      isNaN: [Function: isNaN],
      parseFloat: [Function: parseFloat],
      parseInt: [Function: parseInt],
      undefined: undefined,
      unescape: [Function: unescape],
      [Symbol(listeners)]: [Object],
      [Symbol(listenerOptions)]: [Object],
      [Symbol(mutationObservers)]: [],
      [Symbol(readyStateManager)]: DocumentReadyStateManager {},
      [Symbol(location)]: [Location],
      [Symbol(history)]: History {},
      [Symbol(navigator)]: Navigator {},
      [Symbol(screen)]: [Screen [EventTarget]],
      [Symbol(sessionStorage)]: [Storage],
      [Symbol(localStorage)]: [Storage],
      [Symbol(cookieStore)]: [CookieStore [EventTarget]],
      [Symbol(self)]: [Circular *5],
      [Symbol(top)]: [Circular *5],
      [Symbol(parent)]: [Circular *5],
      [Symbol(window)]: [Circular *5],
      [Symbol(frames)]: [Circular *5],
      [Symbol(internalId)]: 0,
      [Symbol(customElementReactionStack)]: [CustomElementReactionStack],
      [Symbol(modules)]: [Object],
      [Symbol(moduleImportMap)]: null,
      [Symbol(openWebSockets)]: [],
      [Symbol(propertyEventListeners)]: Map(0) {},
      [Symbol(querySelectorCache)]: [Map]
    },
    [Symbol(element)]: [Circular *1],
    [Symbol(computed)]: false,
    [Symbol(cache)]: {
      attributeValue: 'color: transparent;',
      propertyManager: [CSSPropertyManager]
    }
  },
  [Symbol(dataset)]: null,
  [Symbol(customElementDefineCallback)]: null,
  [Symbol(complete)]: true,
  [Symbol(naturalHeight)]: 0,
  [Symbol(naturalWidth)]: 0,
  [Symbol(loading)]: 'auto',
  [Symbol(x)]: 0,
  [Symbol(y)]: 0,
  [Symbol(buffer)]: null
}

stderr | __tests__/MetadataParser.test.tsx > parseMetadata > handles JSON with empty name
Image is missing required "src" property: <ref *1> HTMLImageElement {
  '__reactFiber$2ljhqegbpg4': <ref *2> FiberNode {
    tag: 5,
    key: null,
    elementType: 'img',
    type: 'img',
    stateNode: [Circular *1],
    return: FiberNode {
      tag: 11,
      key: null,
      elementType: [Object],
      type: [Object],
      stateNode: null,
      return: [FiberNode],
      child: [Circular *2],
      sibling: null,
      index: 0,
      ref: null,
      pendingProps: [Object],
      memoizedProps: [Object],
      updateQueue: null,
      memoizedState: [Object],
      dependencies: null,
      mode: 1,
      flags: 1048577,
      subtreeFlags: 2097668,
      deletions: null,
      lanes: 0,
      childLanes: 0,
      alternate: null,
      actualDuration: 0,
      actualStartTime: -1,
      selfBaseDuration: 0,
      treeBaseDuration: 0,
      _debugSource: undefined,
      _debugOwner: [FiberNode],
      _debugNeedsRemount: false,
      _debugHookTypes: [Array]
    },
    child: null,
    sibling: null,
    index: 0,
    ref: [Function (anonymous)],
    pendingProps: {
      'data-testid': 'image',
      alt: '',
      fetchpriority: undefined,
      loading: undefined,
      width: 100,
      height: 100,
      decoding: 'async',
      'data-nimg': '1',
      className: undefined,
      style: [Object],
      sizes: undefined,
      srcSet: undefined,
      src: '',
      onLoad: [Function: onLoad],
      onError: [Function: onError]
    },
    memoizedProps: {
      'data-testid': 'image',
      alt: '',
      fetchpriority: undefined,
      loading: undefined,
      width: 100,
      height: 100,
      decoding: 'async',
      'data-nimg': '1',
      className: undefined,
      style: [Object],
      sizes: undefined,
      srcSet: undefined,
      src: '',
      onLoad: [Function: onLoad],
      onError: [Function: onError]
    },
    updateQueue: null,
    memoizedState: null,
    dependencies: null,
    mode: 1,
    flags: 2097668,
    subtreeFlags: 0,
    deletions: null,
    lanes: 0,
    childLanes: 0,
    alternate: null,
    actualDuration: 0,
    actualStartTime: -1,
    selfBaseDuration: 0,
    treeBaseDuration: 0,
    _debugSource: undefined,
    _debugOwner: FiberNode {
      tag: 11,
      key: null,
      elementType: [Object],
      type: [Object],
      stateNode: null,
      return: [FiberNode],
      child: [Circular *2],
      sibling: null,
      index: 0,
      ref: null,
      pendingProps: [Object],
      memoizedProps: [Object],
      updateQueue: null,
      memoizedState: [Object],
      dependencies: null,
      mode: 1,
      flags: 1048577,
      subtreeFlags: 2097668,
      deletions: null,
      lanes: 0,
      childLanes: 0,
      alternate: null,
      actualDuration: 0,
      actualStartTime: -1,
      selfBaseDuration: 0,
      treeBaseDuration: 0,
      _debugSource: undefined,
      _debugOwner: [FiberNode],
      _debugNeedsRemount: false,
      _debugHookTypes: [Array]
    },
    _debugNeedsRemount: false,
    _debugHookTypes: null
  },
  '__reactProps$2ljhqegbpg4': {
    'data-testid': 'image',
    alt: '',
    fetchpriority: undefined,
    loading: undefined,
    width: 100,
    height: 100,
    decoding: 'async',
    'data-nimg': '1',
    className: undefined,
    style: { color: 'transparent' },
    sizes: undefined,
    srcSet: undefined,
    src: '',
    onLoad: [Function: onLoad],
    onError: [Function: onError]
  },
  '__reactEvents$2ljhqegbpg4': Set(2) { 'error__bubble', 'load__bubble' },
  [Symbol(listeners)]: {
    bubbling: Map(2) { 'error' => [Array], 'load' => [Array] },
    capturing: Map(0) {}
  },
  [Symbol(listenerOptions)]: {
    bubbling: Map(2) { 'error' => [Array], 'load' => [Array] },
    capturing: Map(0) {}
  },
  [Symbol(isConnected)]: true,
  [Symbol(parentNode)]: <ref *3> HTMLDivElement {
    '__reactFiber$2ljhqegbpg4': FiberNode {
      tag: 5,
      key: null,
      elementType: 'div',
      type: 'div',
      stateNode: [Circular *3],
      return: [FiberNode],
      child: [FiberNode],
      sibling: null,
      index: 0,
      ref: null,
      pendingProps: [Object],
      memoizedProps: [Object],
      updateQueue: null,
      memoizedState: null,
      dependencies: null,
      mode: 1,
      flags: 0,
      subtreeFlags: 11536901,
      deletions: null,
      lanes: 0,
      childLanes: 0,
      alternate: null,
      actualDuration: 0,
      actualStartTime: -1,
      selfBaseDuration: 0,
      treeBaseDuration: 0,
      _debugSource: [Object],
      _debugOwner: [FiberNode],
      _debugNeedsRemount: false,
      _debugHookTypes: null
    },
    '__reactProps$2ljhqegbpg4': { children: [Array] },
    [Symbol(listeners)]: { bubbling: Map(0) {}, capturing: Map(0) {} },
    [Symbol(listenerOptions)]: { bubbling: Map(0) {}, capturing: Map(0) {} },
    [Symbol(isConnected)]: true,
    [Symbol(parentNode)]: HTMLDivElement {
      '__reactContainer$2ljhqegbpg4': [FiberNode],
      _reactListening7defm8ungkm: true,
      [Symbol(listeners)]: [Object],
      [Symbol(listenerOptions)]: [Object],
      [Symbol(isConnected)]: true,
      [Symbol(parentNode)]: [HTMLBodyElement],
      [Symbol(rootNode)]: [HTMLDocument],
      [Symbol(styleNode)]: null,
      [Symbol(textAreaNode)]: null,
      [Symbol(formNode)]: null,
      [Symbol(selectNode)]: null,
      [Symbol(mutationListeners)]: [],
      [Symbol(nodeArray)]: [Array],
      [Symbol(elementArray)]: [Array],
      [Symbol(childNodes)]: null,
      [Symbol(assignedToSlot)]: null,
      [Symbol(cache)]: [Object],
      [Symbol(affectsCache)]: [],
      [Symbol(ownerDocument)]: [HTMLDocument],
      [Symbol(window)]: [GlobalWindow [EventTarget]],
      [Symbol(classList)]: null,
      [Symbol(isValue)]: null,
      [Symbol(nodeType)]: 1,
      [Symbol(prefix)]: null,
      [Symbol(shadowRoot)]: null,
      [Symbol(scrollHeight)]: 0,
      [Symbol(scrollWidth)]: 0,
      [Symbol(scrollTop)]: 0,
      [Symbol(scrollLeft)]: 0,
      [Symbol(attributes)]: [NamedNodeMap],
      [Symbol(attributesProxy)]: null,
      [Symbol(children)]: null,
      [Symbol(computedStyle)]: null,
      [Symbol(pointerCaptures)]: Set(0) {},
      [Symbol(propertyEventListeners)]: [Map],
      [Symbol(animations)]: [],
      [Symbol(tagName)]: 'DIV',
      [Symbol(localName)]: 'div',
      [Symbol(namespaceURI)]: 'http://www.w3.org/1999/xhtml',
      [Symbol(accessKey)]: '',
      [Symbol(offsetHeight)]: 0,
      [Symbol(offsetWidth)]: 0,
      [Symbol(offsetLeft)]: 0,
      [Symbol(offsetTop)]: 0,
      [Symbol(clientHeight)]: 0,
      [Symbol(clientWidth)]: 0,
      [Symbol(clientLeft)]: 0,
      [Symbol(clientTop)]: 0,
      [Symbol(style)]: null,
      [Symbol(dataset)]: null,
      [Symbol(customElementDefineCallback)]: null
    },
    [Symbol(rootNode)]: <ref *4> HTMLDocument {
      defaultView: [Getter],
      _reactListening7defm8ungkm: true,
      [Symbol(listeners)]: [Object],
      [Symbol(listenerOptions)]: [Object],
      [Symbol(isConnected)]: true,
      [Symbol(parentNode)]: null,
      [Symbol(rootNode)]: [Circular *4],
      [Symbol(styleNode)]: null,
      [Symbol(textAreaNode)]: null,
      [Symbol(formNode)]: null,
      [Symbol(selectNode)]: null,
      [Symbol(mutationListeners)]: [],
      [Symbol(nodeArray)]: [Array],
      [Symbol(elementArray)]: [Array],
      [Symbol(childNodes)]: null,
      [Symbol(assignedToSlot)]: null,
      [Symbol(cache)]: [Object],
      [Symbol(affectsCache)]: [Array],
      [Symbol(ownerDocument)]: null,
      [Symbol(children)]: null,
      [Symbol(activeElement)]: null,
      [Symbol(nextActiveElement)]: null,
      [Symbol(currentScript)]: null,
      [Symbol(isFirstWrite)]: true,
      [Symbol(isFirstWriteAfterOpen)]: false,
      [Symbol(nodeType)]: 9,
      [Symbol(adoptedStyleSheets)]: [],
      [Symbol(implementation)]: DOMImplementation {},
      [Symbol(readyState)]: 'complete',
      [Symbol(referrer)]: '',
      [Symbol(defaultView)]: [GlobalWindow [EventTarget]],
      [Symbol(forms)]: null,
      [Symbol(links)]: null,
      [Symbol(affectsComputedStyleCache)]: [],
      [Symbol(elementIdMap)]: Map(0) {},
      [Symbol(contentType)]: 'text/html',
      [Symbol(xmlProcessingInstruction)]: null,
      [Symbol(preloads)]: Map(0) {},
      [Symbol(propertyEventListeners)]: Map(0) {},
      [Symbol(selection)]: null,
      [Symbol(timeline)]: DocumentTimeline {}
    },
    [Symbol(styleNode)]: null,
    [Symbol(textAreaNode)]: null,
    [Symbol(formNode)]: null,
    [Symbol(selectNode)]: null,
    [Symbol(mutationListeners)]: [],
    [Symbol(nodeArray)]: [
      [HTMLHeadingElement],
      [HTMLParagraphElement],
      [Circular *1],
      [HTMLAnchorElement]
    ],
    [Symbol(elementArray)]: [
      [HTMLHeadingElement],
      [HTMLParagraphElement],
      [Circular *1],
      [HTMLAnchorElement]
    ],
    [Symbol(childNodes)]: null,
    [Symbol(assignedToSlot)]: null,
    [Symbol(cache)]: {
      querySelector: Map(0) {},
      querySelectorAll: Map(0) {},
      matches: Map(0) {},
      elementsByTagName: Map(0) {},
      elementsByTagNameNS: Map(0) {},
      elementByTagName: Map(0) {},
      elementById: Map(0) {},
      computedStyle: null
    },
    [Symbol(affectsCache)]: [],
    [Symbol(ownerDocument)]: <ref *4> HTMLDocument {
      defaultView: [Getter],
      _reactListening7defm8ungkm: true,
      [Symbol(listeners)]: [Object],
      [Symbol(listenerOptions)]: [Object],
      [Symbol(isConnected)]: true,
      [Symbol(parentNode)]: null,
      [Symbol(rootNode)]: [Circular *4],
      [Symbol(styleNode)]: null,
      [Symbol(textAreaNode)]: null,
      [Symbol(formNode)]: null,
      [Symbol(selectNode)]: null,
      [Symbol(mutationListeners)]: [],
      [Symbol(nodeArray)]: [Array],
      [Symbol(elementArray)]: [Array],
      [Symbol(childNodes)]: null,
      [Symbol(assignedToSlot)]: null,
      [Symbol(cache)]: [Object],
      [Symbol(affectsCache)]: [Array],
      [Symbol(ownerDocument)]: null,
      [Symbol(children)]: null,
      [Symbol(activeElement)]: null,
      [Symbol(nextActiveElement)]: null,
      [Symbol(currentScript)]: null,
      [Symbol(isFirstWrite)]: true,
      [Symbol(isFirstWriteAfterOpen)]: false,
      [Symbol(nodeType)]: 9,
      [Symbol(adoptedStyleSheets)]: [],
      [Symbol(implementation)]: DOMImplementation {},
      [Symbol(readyState)]: 'complete',
      [Symbol(referrer)]: '',
      [Symbol(defaultView)]: [GlobalWindow [EventTarget]],
      [Symbol(forms)]: null,
      [Symbol(links)]: null,
      [Symbol(affectsComputedStyleCache)]: [],
      [Symbol(elementIdMap)]: Map(0) {},
      [Symbol(contentType)]: 'text/html',
      [Symbol(xmlProcessingInstruction)]: null,
      [Symbol(preloads)]: Map(0) {},
      [Symbol(propertyEventListeners)]: Map(0) {},
      [Symbol(selection)]: null,
      [Symbol(timeline)]: DocumentTimeline {}
    },
    [Symbol(window)]: <ref *5> GlobalWindow [EventTarget] {
      Node: [Function],
      Attr: [class Attr extends Node],
      ShadowRoot: [class ShadowRoot extends DocumentFragment],
      ProcessingInstruction: [class ProcessingInstruction extends CharacterData],
      Element: [Function],
      CharacterData: [class CharacterData extends Node],
      DocumentType: [class DocumentType extends Node],
      AnimationTimeline: [class AnimationTimeline],
      DocumentTimeline: [class DocumentTimeline extends AnimationTimeline],
      HTMLAnchorElement: [class HTMLAnchorElement extends HTMLElement],
      HTMLButtonElement: [class HTMLButtonElement extends HTMLElement],
      HTMLOptGroupElement: [class HTMLOptGroupElement extends HTMLElement],
      HTMLOptionElement: [class HTMLOptionElement extends HTMLElement],
      HTMLElement: [Function],
      HTMLUnknownElement: [class HTMLUnknownElement extends HTMLElement],
      HTMLTemplateElement: [class HTMLTemplateElement extends HTMLElement],
      HTMLInputElement: [class HTMLInputElement extends HTMLElement],
      HTMLSelectElement: [class HTMLSelectElement extends HTMLElement],
      HTMLTextAreaElement: [class HTMLTextAreaElement extends HTMLElement],
      HTMLImageElement: [class HTMLImageElement extends HTMLElement],
      HTMLStyleElement: [class HTMLStyleElement extends HTMLElement],
      HTMLLabelElement: [class HTMLLabelElement extends HTMLElement],
      HTMLSlotElement: [class HTMLSlotElement extends HTMLElement],
      HTMLMetaElement: [class HTMLMetaElement extends HTMLElement],
      HTMLMediaElement: [class HTMLMediaElement extends HTMLElement],
      HTMLAudioElement: [class HTMLAudioElement extends HTMLMediaElement],
      HTMLVideoElement: [class HTMLVideoElement extends HTMLMediaElement],
      HTMLBaseElement: [class HTMLBaseElement extends HTMLElement],
      HTMLDialogElement: [class HTMLDialogElement extends HTMLElement],
      HTMLScriptElement: [class HTMLScriptElement extends HTMLElement],
      HTMLLinkElement: [class HTMLLinkElement extends HTMLElement],
      HTMLIFrameElement: [class HTMLIFrameElement extends HTMLElement],
      HTMLFormElement: [class HTMLFormElement extends HTMLElement],
      HTMLUListElement: [class HTMLUListElement extends HTMLElement],
      HTMLTrackElement: [class HTMLTrackElement extends HTMLElement],
      HTMLTableRowElement: [class HTMLTableRowElement extends HTMLElement],
      HTMLTitleElement: [class HTMLTitleElement extends HTMLElement],
      HTMLTimeElement: [class HTMLTimeElement extends HTMLElement],
      HTMLTableSectionElement: [class HTMLTableSectionElement extends HTMLElement],
      HTMLTableCellElement: [class HTMLTableCellElement extends HTMLElement],
      HTMLTableElement: [class HTMLTableElement extends HTMLElement],
      HTMLSpanElement: [class HTMLSpanElement extends HTMLElement],
      HTMLSourceElement: [class HTMLSourceElement extends HTMLElement],
      HTMLQuoteElement: [class HTMLQuoteElement extends HTMLElement],
      HTMLProgressElement: [class HTMLProgressElement extends HTMLElement],
      HTMLPreElement: [class HTMLPreElement extends HTMLElement],
      HTMLPictureElement: [class HTMLPictureElement extends HTMLElement],
      HTMLParamElement: [class HTMLParamElement extends HTMLElement],
      HTMLParagraphElement: [class HTMLParagraphElement extends HTMLElement],
      HTMLOutputElement: [class HTMLOutputElement extends HTMLElement],
      HTMLOListElement: [class HTMLOListElement extends HTMLElement],
      HTMLObjectElement: [class HTMLObjectElement extends HTMLElement],
      HTMLMeterElement: [class HTMLMeterElement extends HTMLElement],
      HTMLMenuElement: [class HTMLMenuElement extends HTMLElement],
      HTMLMapElement: [class HTMLMapElement extends HTMLElement],
      HTMLLIElement: [class HTMLLIElement extends HTMLElement],
      HTMLLegendElement: [class HTMLLegendElement extends HTMLElement],
      HTMLModElement: [class HTMLModElement extends HTMLElement],
      HTMLHtmlElement: [class HTMLHtmlElement extends HTMLElement],
      HTMLHRElement: [class HTMLHRElement extends HTMLElement],
      HTMLHeadElement: [class HTMLHeadElement extends HTMLElement],
      HTMLHeadingElement: [class HTMLHeadingElement extends HTMLElement],
      HTMLFieldSetElement: [class HTMLFieldSetElement extends HTMLElement],
      HTMLEmbedElement: [class HTMLEmbedElement extends HTMLElement],
      HTMLDListElement: [class HTMLDListElement extends HTMLElement],
      HTMLDivElement: [class HTMLDivElement extends HTMLElement],
      HTMLDetailsElement: [class HTMLDetailsElement extends HTMLElement],
      HTMLDataListElement: [class HTMLDataListElement extends HTMLElement],
      HTMLDataElement: [class HTMLDataElement extends HTMLElement],
      HTMLTableColElement: [class HTMLTableColElement extends HTMLElement],
      HTMLTableCaptionElement: [class HTMLTableCaptionElement extends HTMLElement],
      HTMLCanvasElement: [class HTMLCanvasElement extends HTMLElement],
      HTMLBRElement: [class HTMLBRElement extends HTMLElement],
      HTMLBodyElement: [class HTMLBodyElement extends HTMLElement],
      HTMLAreaElement: [class HTMLAreaElement extends HTMLElement],
      SVGSVGElement: [class SVGSVGElement extends SVGGraphicsElement],
      SVGAnimateElement: [class SVGAnimateElement extends SVGAnimationElement],
      SVGAnimateMotionElement: [class SVGAnimateMotionElement extends SVGAnimationElement],
      SVGAnimateTransformElement: [class SVGAnimateTransformElement extends SVGAnimationElement],
      SVGCircleElement: [class SVGCircleElement extends SVGGeometryElement],
      SVGClipPathElement: [class SVGClipPathElement extends SVGElement],
      SVGDefsElement: [class SVGDefsElement extends SVGGraphicsElement],
      SVGDescElement: [class SVGDescElement extends SVGElement],
      SVGEllipseElement: [class SVGEllipseElement extends SVGGeometryElement],
      SVGFEBlendElement: [Function],
      SVGFEColorMatrixElement: [Function],
      SVGFEComponentTransferElement: [class SVGFEComponentTransferElement extends SVGElement],
      SVGFECompositeElement: [Function],
      SVGFEConvolveMatrixElement: [Function],
      SVGFEDiffuseLightingElement: [class SVGFEDiffuseLightingElement extends SVGElement],
      SVGFEDisplacementMapElement: [Function],
      SVGFEDistantLightElement: [class SVGFEDistantLightElement extends SVGElement],
      SVGFEDropShadowElement: [class SVGFEDropShadowElement extends SVGElement],
      SVGFEFloodElement: [class SVGFEFloodElement extends SVGElement],
      SVGFEFuncAElement: [class SVGFEFuncAElement extends SVGComponentTransferFunctionElement],
      SVGFEFuncBElement: [class SVGFEFuncBElement extends SVGComponentTransferFunctionElement],
      SVGFEFuncGElement: [class SVGFEFuncGElement extends SVGComponentTransferFunctionElement],
      SVGFEFuncRElement: [class SVGFEFuncRElement extends SVGComponentTransferFunctionElement],
      SVGFEGaussianBlurElement: [Function],
      SVGFEImageElement: [class SVGFEImageElement extends SVGElement],
      SVGFEMergeElement: [class SVGFEMergeElement extends SVGElement],
      SVGFEMergeNodeElement: [class SVGFEMergeNodeElement extends SVGElement],
      SVGFEMorphologyElement: [Function],
      SVGFEOffsetElement: [class SVGFEOffsetElement extends SVGElement],
      SVGFEPointLightElement: [class SVGFEPointLightElement extends SVGElement],
      SVGFESpecularLightingElement: [class SVGFESpecularLightingElement extends SVGElement],
      SVGFESpotLightElement: [class SVGFESpotLightElement extends SVGElement],
      SVGFETileElement: [class SVGFETileElement extends SVGElement],
      SVGFETurbulenceElement: [Function],
      SVGFilterElement: [class SVGFilterElement extends SVGElement],
      SVGForeignObjectElement: [class SVGForeignObjectElement extends SVGGraphicsElement],
      SVGGElement: [class SVGGElement extends SVGGraphicsElement],
      SVGImageElement: [class SVGImageElement extends SVGGraphicsElement],
      SVGLineElement: [class SVGLineElement extends SVGGeometryElement],
      SVGLinearGradientElement: [class SVGLinearGradientElement extends SVGGradientElement],
      SVGMarkerElement: [Function],
      SVGMaskElement: [class SVGMaskElement extends SVGElement],
      SVGMetadataElement: [class SVGMetadataElement extends SVGElement],
      SVGMPathElement: [class SVGMPathElement extends SVGElement],
      SVGPathElement: [class SVGPathElement extends SVGGeometryElement],
      SVGPatternElement: [class SVGPatternElement extends SVGElement],
      SVGPolygonElement: [class SVGPolygonElement extends SVGGeometryElement],
      SVGPolylineElement: [class SVGPolylineElement extends SVGGeometryElement],
      SVGRadialGradientElement: [class SVGRadialGradientElement extends SVGGradientElement],
      SVGRectElement: [class SVGRectElement extends SVGGeometryElement],
      SVGScriptElement: [class SVGScriptElement extends SVGGraphicsElement],
      SVGSetElement: [class SVGSetElement extends SVGAnimationElement],
      SVGStopElement: [class SVGStopElement extends SVGElement],
      SVGStyleElement: [class SVGStyleElement extends SVGElement],
      SVGSwitchElement: [class SVGSwitchElement extends SVGGraphicsElement],
      SVGSymbolElement: [class SVGSymbolElement extends SVGGraphicsElement],
      SVGTextElement: [class SVGTextElement extends SVGTextPositioningElement],
      SVGTextPathElement: [Function],
      SVGTitleElement: [class SVGTitleElement extends SVGElement],
      SVGTSpanElement: [class SVGTSpanElement extends SVGTextPositioningElement],
      SVGUseElement: [class SVGUseElement extends SVGGraphicsElement],
      SVGViewElement: [class SVGViewElement extends SVGElement],
      SVGElement: [class SVGElement extends Element],
      SVGAnimationElement: [class SVGAnimationElement extends SVGElement],
      SVGComponentTransferFunctionElement: [Function],
      SVGGeometryElement: [class SVGGeometryElement extends SVGGraphicsElement],
      SVGGradientElement: [Function],
      SVGTextPositioningElement: [class SVGTextPositioningElement extends SVGTextContentElement],
      SVGGraphicsElement: [class SVGGraphicsElement extends SVGElement],
      Event: [Function],
      UIEvent: [Function],
      CustomEvent: [class CustomEvent extends Event],
      CloseEvent: [class CloseEvent extends Event],
      AnimationEvent: [class AnimationEvent extends Event],
      KeyboardEvent: [Function],
      MessageEvent: [class MessageEvent extends Event],
      MouseEvent: [class MouseEvent extends UIEvent],
      PointerEvent: [class PointerEvent extends MouseEvent],
      FocusEvent: [class FocusEvent extends UIEvent],
      WheelEvent: [Function],
      InputEvent: [class InputEvent extends UIEvent],
      ErrorEvent: [class ErrorEvent extends UIEvent],
      StorageEvent: [class StorageEvent extends Event],
      SubmitEvent: [class SubmitEvent extends Event],
      ProgressEvent: [class ProgressEvent extends Event],
      MediaQueryListEvent: [class MediaQueryListEvent extends Event],
      HashChangeEvent: [class HashChangeEvent extends Event],
      ClipboardEvent: [class ClipboardEvent extends Event],
      CookieChangeEvent: [class CookieChangeEvent extends Event],
      TouchEvent: [class TouchEvent extends UIEvent],
      PopStateEvent: [class PopStateEvent extends Event],
      Touch: [class Touch],
      AudioProcessingEvent: [Function],
      BeforeInputEvent: [Function],
      BeforeUnloadEvent: [Function],
      BlobEvent: [Function],
      CompositionEvent: [Function],
      CSSFontFaceLoadEvent: [Function],
      DeviceLightEvent: [Function],
      DeviceMotionEvent: [Function],
      DeviceOrientationEvent: [Function],
      DeviceProximityEvent: [Function],
      DOMTransactionEvent: [Function],
      DragEvent: [Function],
      EditingBeforeInputEvent: [Function],
      FetchEvent: [Function],
      GamepadEvent: [Function],
      IDBVersionChangeEvent: [Function],
      MediaStreamEvent: [Function],
      MutationEvent: [Function],
      OfflineAudioCompletionEvent: [Function],
      OverconstrainedError: [Function],
      PageTransitionEvent: [Function],
      PaymentRequestUpdateEvent: [Function],
      RelatedEvent: [Function],
      RTCDataChannelEvent: [Function],
      RTCIdentityErrorEvent: [Function],
      RTCIdentityEvent: [Function],
      RTCPeerConnectionIceEvent: [Function],
      SensorEvent: [Function],
      SVGEvent: [Function],
      SVGZoomEvent: [Function],
      TimeEvent: [Function],
      TrackEvent: [Function],
      TransitionEvent: [Function],
      UserProximityEvent: [Function],
      WebGLContextEvent: [Function],
      TextEvent: [Function],
      Permissions: [class Permissions],
      History: [class History],
      Navigator: [class Navigator],
      Clipboard: [class Clipboard],
      TimeRanges: [class TimeRanges],
      TextTrackCueList: [class TextTrackCueList extends Array],
      ValidityState: [class ValidityState],
      MutationRecord: [class MutationRecord],
      IntersectionObserver: [class IntersectionObserver],
      IntersectionObserverEntry: [class IntersectionObserverEntry],
      CSSStyleDeclaration: [class CSSStyleDeclaration],
      CSSRule: [Function],
      CSSContainerRule: [class CSSContainerRule extends CSSConditionRule],
      CSSFontFaceRule: [class CSSFontFaceRule extends CSSRule],
      CSSKeyframeRule: [class CSSKeyframeRule extends CSSRule],
      CSSKeyframesRule: [class CSSKeyframesRule extends CSSRule],
      CSSMediaRule: [class CSSMediaRule extends CSSConditionRule],
      CSSStyleRule: [class CSSStyleRule extends CSSGroupingRule],
      CSSSupportsRule: [class CSSSupportsRule extends CSSConditionRule],
      CSSConditionRule: [class CSSConditionRule extends CSSGroupingRule],
      CSSGroupingRule: [class CSSGroupingRule extends CSSRule],
      CSSScopeRule: [class CSSScopeRule extends CSSGroupingRule],
      DOMRect: [class DOMRect extends DOMRectReadOnly],
      DOMRectReadOnly: [class DOMRectReadOnly],
      Plugin: [class Plugin],
      PluginArray: [class PluginArray],
      Location: [class Location],
      CustomElementRegistry: [class CustomElementRegistry],
      ResizeObserver: [class ResizeObserver],
      Blob: [class Blob],
      File: [class File extends Blob],
      Storage: [class Storage],
      CookieStore: [class CookieStore extends EventTarget],
      MimeType: [class MimeType],
      MimeTypeArray: [class MimeTypeArray],
      NodeFilter: [Object],
      ImageBitmap: [class ImageBitmap],
      HTMLCollection: [class HTMLCollection],
      HTMLFormControlCollection: [class HTMLFormControlsCollection extends HTMLCollection],
      HTMLOptionsCollection: [class HTMLOptionsCollection extends HTMLCollection],
      NodeList: [class NodeList],
      RadioNodeList: [class RadioNodeList extends NodeList],
      FileList: [class FileList extends Array],
      Screen: [class Screen extends EventTarget],
      ScreenDetails: [class ScreenDetails extends EventTarget],
      ScreenDetailed: [class ScreenDetailed extends Screen],
      NamedNodeMap: [class NamedNodeMap],
      TreeWalker: [class TreeWalker],
      NodeIterator: [class NodeIterator],
      DataTransfer: [class DataTransfer],
      DataTransferItem: [class DataTransferItem],
      DataTransferItemList: [class DataTransferItemList extends Array],
      XMLSerializer: [class XMLSerializer],
      ClipboardItem: [class ClipboardItem],
      Selection: [class Selection],
      CSSUnitValue: [class CSSUnitValue],
      SVGAngle: [Function],
      SVGAnimatedAngle: [class SVGAnimatedAngle],
      SVGAnimatedBoolean: [class SVGAnimatedBoolean],
      SVGAnimatedEnumeration: [class SVGAnimatedEnumeration],
      SVGAnimatedInteger: [class SVGAnimatedInteger],
      SVGAnimatedLength: [class SVGAnimatedLength],
      SVGAnimatedNumber: [class SVGAnimatedNumber],
      SVGAnimatedNumberList: [class SVGAnimatedNumberList],
      SVGAnimatedPreserveAspectRatio: [class SVGAnimatedPreserveAspectRatio],
      SVGAnimatedRect: [class SVGAnimatedRect],
      SVGAnimatedString: [class SVGAnimatedString],
      SVGAnimatedTransformList: [class SVGAnimatedTransformList],
      SVGLength: [Function],
      SVGLengthList: [class SVGLengthList],
      SVGMatrix: [class SVGMatrix],
      SVGNumber: [class SVGNumber],
      SVGNumberList: [class SVGNumberList],
      SVGPoint: [class SVGPoint],
      SVGPointList: [class SVGPointList],
      SVGPreserveAspectRatio: [Function],
      SVGRect: [class SVGRect],
      SVGStringList: [class SVGStringList],
      SVGTransform: [Function],
      SVGTransformList: [class SVGTransformList],
      SVGAnimatedLengthList: [class SVGAnimatedLengthList],
      SVGUnitTypes: [Function],
      StylePropertyMap: [class StylePropertyMap extends StylePropertyMapReadOnly],
      StylePropertyMapReadOnly: [class StylePropertyMapReadOnly],
      MediaList: [class MediaList],
      CSSKeywordValue: [class CSSKeywordValue],
      CSSStyleValue: [class CSSStyleValue],
      Window: [class GlobalWindow extends Window],
      URLSearchParams: [class URLSearchParams],
      WritableStream: [Function],
      ReadableStream: [class ReadableStream],
      TransformStream: [Function: Transform],
      PerformanceObserver: [class PerformanceObserver],
      PerformanceEntry: [class PerformanceEntry],
      PerformanceObserverEntryList: [class PerformanceObserverEntryList],
      document: [HTMLDocument],
      customElements: [CustomElementRegistry],
      window: [Circular *5],
      globalThis: [Circular *5],
      performance: [Performance [EventTarget]],
      screenLeft: 0,
      screenTop: 0,
      screenX: 0,
      screenY: 0,
      crypto: Crypto {},
      TextEncoder: [class TextEncoder],
      TextDecoder: [class TextDecoder],
      closed: false,
      console: [Console [console]],
      name: '',
      Buffer: [Function],
      Document: [class Document extends Document],
      HTMLDocument: [class HTMLDocument extends HTMLDocument],
      XMLDocument: [class XMLDocument extends XMLDocument],
      DocumentFragment: [class DocumentFragment extends DocumentFragment],
      Text: [class Text extends Text],
      Comment: [class Comment extends Comment],
      Image: [class Image extends Image],
      Audio: [class Audio extends Audio],
      MutationObserver: [class MutationObserver extends MutationObserver],
      MessagePort: [class MessagePort extends MessagePort],
      CSSStyleSheet: [class CSSStyleSheet extends CSSStyleSheet],
      DOMException: [class DOMException extends DOMException],
      Headers: [class Headers extends Headers],
      Request: [class Request extends Request],
      Response: [Function],
      EventTarget: [class EventTarget extends EventTarget],
      XMLHttpRequestUpload: [class XMLHttpRequestUpload extends XMLHttpRequestUpload],
      XMLHttpRequestEventTarget: [class XMLHttpRequestEventTarget extends XMLHttpRequestEventTarget],
      AbortController: [class AbortController extends AbortController],
      AbortSignal: [Function],
      FormData: [class FormData extends FormData],
      PermissionStatus: [class PermissionStatus extends PermissionStatus],
      XMLHttpRequest: [class XMLHttpRequest extends XMLHttpRequest],
      DOMParser: [class DOMParser extends DOMParser],
      Range: [class Range extends Range],
      VTTCue: [class VTTCue extends VTTCue],
      TextTrack: [class TextTrack extends TextTrack],
      TextTrackList: [class TextTrackList extends TextTrackList],
      TextTrackCue: [class TextTrackCue extends TextTrackCue],
      RemotePlayback: [class RemotePlayback extends RemotePlayback],
      FileReader: [class FileReader extends FileReader],
      MediaStream: [class MediaStream extends MediaStream],
      MediaStreamTrack: [class MediaStreamTrack extends MediaStreamTrack],
      CanvasCaptureMediaStreamTrack: [class CanvasCaptureMediaStreamTrack extends CanvasCaptureMediaStreamTrack],
      URL: [class URL extends URL],
      WebSocket: [class WebSocket extends WebSocket],
      ImageData: [class ImageData extends ImageData],
      OffscreenCanvas: [class OffscreenCanvas extends OffscreenCanvas],
      DOMMatrixReadOnly: [class DOMMatrixReadOnly extends DOMMatrixReadOnly],
      DOMMatrix: [class DOMMatrix extends DOMMatrix],
      DOMPointReadOnly: [class DOMPointReadOnly extends DOMPointReadOnly],
      DOMPoint: [class DOMPoint extends DOMPoint],
      Animation: [class Animation extends Animation],
      KeyframeEffect: [class KeyframeEffect extends KeyframeEffect],
      happyDOM: DetachedWindowAPI {},
      Array: [Function: Array],
      ArrayBuffer: [Function: ArrayBuffer],
      Boolean: [Function: Boolean],
      DataView: [Function: DataView],
      Date: [Function: Date],
      Error: [Function],
      EvalError: [Function: EvalError],
      Float32Array: [Function: Float32Array],
      Float64Array: [Function: Float64Array],
      Function: [Function: Function],
      Infinity: Infinity,
      Int16Array: [Function: Int16Array],
      Int32Array: [Function: Int32Array],
      Int8Array: [Function: Int8Array],
      Intl: Object [Intl] {},
      JSON: Object [JSON] {},
      Map: [Function: Map],
      Math: Object [Math] {},
      NaN: NaN,
      Number: [Function: Number],
      Object: [Function: Object],
      Promise: [Function: Promise],
      RangeError: [Function: RangeError],
      ReferenceError: [Function: ReferenceError],
      RegExp: [Function: RegExp],
      Set: [Function: Set],
      String: [Function: String],
      Symbol: [Function],
      SyntaxError: [Function: SyntaxError],
      TypeError: [Function: TypeError],
      URIError: [Function: URIError],
      Uint16Array: [Function: Uint16Array],
      Uint32Array: [Function: Uint32Array],
      Uint8Array: [Function: Uint8Array],
      Uint8ClampedArray: [Function: Uint8ClampedArray],
      WeakMap: [Function: WeakMap],
      WeakSet: [Function: WeakSet],
      decodeURI: [Function: decodeURI],
      decodeURIComponent: [Function: decodeURIComponent],
      encodeURI: [Function: encodeURI],
      encodeURIComponent: [Function: encodeURIComponent],
      eval: [Function: eval],
      escape: [Function: escape],
      global: [Object [global]],
      isFinite: [Function: isFinite],
      isNaN: [Function: isNaN],
      parseFloat: [Function: parseFloat],
      parseInt: [Function: parseInt],
      undefined: undefined,
      unescape: [Function: unescape],
      [Symbol(listeners)]: [Object],
      [Symbol(listenerOptions)]: [Object],
      [Symbol(mutationObservers)]: [],
      [Symbol(readyStateManager)]: DocumentReadyStateManager {},
      [Symbol(location)]: [Location],
      [Symbol(history)]: History {},
      [Symbol(navigator)]: Navigator {},
      [Symbol(screen)]: [Screen [EventTarget]],
      [Symbol(sessionStorage)]: [Storage],
      [Symbol(localStorage)]: [Storage],
      [Symbol(cookieStore)]: [CookieStore [EventTarget]],
      [Symbol(self)]: [Circular *5],
      [Symbol(top)]: [Circular *5],
      [Symbol(parent)]: [Circular *5],
      [Symbol(window)]: [Circular *5],
      [Symbol(frames)]: [Circular *5],
      [Symbol(internalId)]: 0,
      [Symbol(customElementReactionStack)]: [CustomElementReactionStack],
      [Symbol(modules)]: [Object],
      [Symbol(moduleImportMap)]: null,
      [Symbol(openWebSockets)]: [],
      [Symbol(propertyEventListeners)]: Map(0) {},
      [Symbol(querySelectorCache)]: [Map]
    },
    [Symbol(classList)]: null,
    [Symbol(isValue)]: null,
    [Symbol(nodeType)]: 1,
    [Symbol(prefix)]: null,
    [Symbol(shadowRoot)]: null,
    [Symbol(scrollHeight)]: 0,
    [Symbol(scrollWidth)]: 0,
    [Symbol(scrollTop)]: 0,
    [Symbol(scrollLeft)]: 0,
    [Symbol(attributes)]: NamedNodeMap {
      [Symbol(itemsByNamespaceURI)]: Map(0) {},
      [Symbol(itemsByName)]: Map(0) {},
      [Symbol(items)]: Map(0) {},
      [Symbol(ownerElement)]: [Circular *3]
    },
    [Symbol(attributesProxy)]: null,
    [Symbol(children)]: null,
    [Symbol(computedStyle)]: null,
    [Symbol(pointerCaptures)]: Set(0) {},
    [Symbol(propertyEventListeners)]: Map(0) {},
    [Symbol(animations)]: [],
    [Symbol(tagName)]: 'DIV',
    [Symbol(localName)]: 'div',
    [Symbol(namespaceURI)]: 'http://www.w3.org/1999/xhtml',
    [Symbol(accessKey)]: '',
    [Symbol(offsetHeight)]: 0,
    [Symbol(offsetWidth)]: 0,
    [Symbol(offsetLeft)]: 0,
    [Symbol(offsetTop)]: 0,
    [Symbol(clientHeight)]: 0,
    [Symbol(clientWidth)]: 0,
    [Symbol(clientLeft)]: 0,
    [Symbol(clientTop)]: 0,
    [Symbol(style)]: null,
    [Symbol(dataset)]: null,
    [Symbol(customElementDefineCallback)]: null
  },
  [Symbol(rootNode)]: <ref *4> HTMLDocument {
    defaultView: [Getter],
    _reactListening7defm8ungkm: true,
    [Symbol(listeners)]: { bubbling: [Map], capturing: Map(0) {} },
    [Symbol(listenerOptions)]: { bubbling: [Map], capturing: Map(0) {} },
    [Symbol(isConnected)]: true,
    [Symbol(parentNode)]: null,
    [Symbol(rootNode)]: [Circular *4],
    [Symbol(styleNode)]: null,
    [Symbol(textAreaNode)]: null,
    [Symbol(formNode)]: null,
    [Symbol(selectNode)]: null,
    [Symbol(mutationListeners)]: [],
    [Symbol(nodeArray)]: [ [HTMLHtmlElement] ],
    [Symbol(elementArray)]: [ [HTMLHtmlElement] ],
    [Symbol(childNodes)]: null,
    [Symbol(assignedToSlot)]: null,
    [Symbol(cache)]: {
      querySelector: Map(0) {},
      querySelectorAll: Map(0) {},
      matches: Map(0) {},
      elementsByTagName: Map(0) {},
      elementsByTagNameNS: Map(0) {},
      elementByTagName: Map(0) {},
      elementById: Map(0) {},
      computedStyle: null
    },
    [Symbol(affectsCache)]: [ [Object], [Object], [Object], [Object] ],
    [Symbol(ownerDocument)]: null,
    [Symbol(children)]: null,
    [Symbol(activeElement)]: null,
    [Symbol(nextActiveElement)]: null,
    [Symbol(currentScript)]: null,
    [Symbol(isFirstWrite)]: true,
    [Symbol(isFirstWriteAfterOpen)]: false,
    [Symbol(nodeType)]: 9,
    [Symbol(adoptedStyleSheets)]: [],
    [Symbol(implementation)]: DOMImplementation {},
    [Symbol(readyState)]: 'complete',
    [Symbol(referrer)]: '',
    [Symbol(defaultView)]: <ref *5> GlobalWindow [EventTarget] {
      Node: [Function],
      Attr: [class Attr extends Node],
      ShadowRoot: [class ShadowRoot extends DocumentFragment],
      ProcessingInstruction: [class ProcessingInstruction extends CharacterData],
      Element: [Function],
      CharacterData: [class CharacterData extends Node],
      DocumentType: [class DocumentType extends Node],
      AnimationTimeline: [class AnimationTimeline],
      DocumentTimeline: [class DocumentTimeline extends AnimationTimeline],
      HTMLAnchorElement: [class HTMLAnchorElement extends HTMLElement],
      HTMLButtonElement: [class HTMLButtonElement extends HTMLElement],
      HTMLOptGroupElement: [class HTMLOptGroupElement extends HTMLElement],
      HTMLOptionElement: [class HTMLOptionElement extends HTMLElement],
      HTMLElement: [Function],
      HTMLUnknownElement: [class HTMLUnknownElement extends HTMLElement],
      HTMLTemplateElement: [class HTMLTemplateElement extends HTMLElement],
      HTMLInputElement: [class HTMLInputElement extends HTMLElement],
      HTMLSelectElement: [class HTMLSelectElement extends HTMLElement],
      HTMLTextAreaElement: [class HTMLTextAreaElement extends HTMLElement],
      HTMLImageElement: [class HTMLImageElement extends HTMLElement],
      HTMLStyleElement: [class HTMLStyleElement extends HTMLElement],
      HTMLLabelElement: [class HTMLLabelElement extends HTMLElement],
      HTMLSlotElement: [class HTMLSlotElement extends HTMLElement],
      HTMLMetaElement: [class HTMLMetaElement extends HTMLElement],
      HTMLMediaElement: [class HTMLMediaElement extends HTMLElement],
      HTMLAudioElement: [class HTMLAudioElement extends HTMLMediaElement],
      HTMLVideoElement: [class HTMLVideoElement extends HTMLMediaElement],
      HTMLBaseElement: [class HTMLBaseElement extends HTMLElement],
      HTMLDialogElement: [class HTMLDialogElement extends HTMLElement],
      HTMLScriptElement: [class HTMLScriptElement extends HTMLElement],
      HTMLLinkElement: [class HTMLLinkElement extends HTMLElement],
      HTMLIFrameElement: [class HTMLIFrameElement extends HTMLElement],
      HTMLFormElement: [class HTMLFormElement extends HTMLElement],
      HTMLUListElement: [class HTMLUListElement extends HTMLElement],
      HTMLTrackElement: [class HTMLTrackElement extends HTMLElement],
      HTMLTableRowElement: [class HTMLTableRowElement extends HTMLElement],
      HTMLTitleElement: [class HTMLTitleElement extends HTMLElement],
      HTMLTimeElement: [class HTMLTimeElement extends HTMLElement],
      HTMLTableSectionElement: [class HTMLTableSectionElement extends HTMLElement],
      HTMLTableCellElement: [class HTMLTableCellElement extends HTMLElement],
      HTMLTableElement: [class HTMLTableElement extends HTMLElement],
      HTMLSpanElement: [class HTMLSpanElement extends HTMLElement],
      HTMLSourceElement: [class HTMLSourceElement extends HTMLElement],
      HTMLQuoteElement: [class HTMLQuoteElement extends HTMLElement],
      HTMLProgressElement: [class HTMLProgressElement extends HTMLElement],
      HTMLPreElement: [class HTMLPreElement extends HTMLElement],
      HTMLPictureElement: [class HTMLPictureElement extends HTMLElement],
      HTMLParamElement: [class HTMLParamElement extends HTMLElement],
      HTMLParagraphElement: [class HTMLParagraphElement extends HTMLElement],
      HTMLOutputElement: [class HTMLOutputElement extends HTMLElement],
      HTMLOListElement: [class HTMLOListElement extends HTMLElement],
      HTMLObjectElement: [class HTMLObjectElement extends HTMLElement],
      HTMLMeterElement: [class HTMLMeterElement extends HTMLElement],
      HTMLMenuElement: [class HTMLMenuElement extends HTMLElement],
      HTMLMapElement: [class HTMLMapElement extends HTMLElement],
      HTMLLIElement: [class HTMLLIElement extends HTMLElement],
      HTMLLegendElement: [class HTMLLegendElement extends HTMLElement],
      HTMLModElement: [class HTMLModElement extends HTMLElement],
      HTMLHtmlElement: [class HTMLHtmlElement extends HTMLElement],
      HTMLHRElement: [class HTMLHRElement extends HTMLElement],
      HTMLHeadElement: [class HTMLHeadElement extends HTMLElement],
      HTMLHeadingElement: [class HTMLHeadingElement extends HTMLElement],
      HTMLFieldSetElement: [class HTMLFieldSetElement extends HTMLElement],
      HTMLEmbedElement: [class HTMLEmbedElement extends HTMLElement],
      HTMLDListElement: [class HTMLDListElement extends HTMLElement],
      HTMLDivElement: [class HTMLDivElement extends HTMLElement],
      HTMLDetailsElement: [class HTMLDetailsElement extends HTMLElement],
      HTMLDataListElement: [class HTMLDataListElement extends HTMLElement],
      HTMLDataElement: [class HTMLDataElement extends HTMLElement],
      HTMLTableColElement: [class HTMLTableColElement extends HTMLElement],
      HTMLTableCaptionElement: [class HTMLTableCaptionElement extends HTMLElement],
      HTMLCanvasElement: [class HTMLCanvasElement extends HTMLElement],
      HTMLBRElement: [class HTMLBRElement extends HTMLElement],
      HTMLBodyElement: [class HTMLBodyElement extends HTMLElement],
      HTMLAreaElement: [class HTMLAreaElement extends HTMLElement],
      SVGSVGElement: [class SVGSVGElement extends SVGGraphicsElement],
      SVGAnimateElement: [class SVGAnimateElement extends SVGAnimationElement],
      SVGAnimateMotionElement: [class SVGAnimateMotionElement extends SVGAnimationElement],
      SVGAnimateTransformElement: [class SVGAnimateTransformElement extends SVGAnimationElement],
      SVGCircleElement: [class SVGCircleElement extends SVGGeometryElement],
      SVGClipPathElement: [class SVGClipPathElement extends SVGElement],
      SVGDefsElement: [class SVGDefsElement extends SVGGraphicsElement],
      SVGDescElement: [class SVGDescElement extends SVGElement],
      SVGEllipseElement: [class SVGEllipseElement extends SVGGeometryElement],
      SVGFEBlendElement: [Function],
      SVGFEColorMatrixElement: [Function],
      SVGFEComponentTransferElement: [class SVGFEComponentTransferElement extends SVGElement],
      SVGFECompositeElement: [Function],
      SVGFEConvolveMatrixElement: [Function],
      SVGFEDiffuseLightingElement: [class SVGFEDiffuseLightingElement extends SVGElement],
      SVGFEDisplacementMapElement: [Function],
      SVGFEDistantLightElement: [class SVGFEDistantLightElement extends SVGElement],
      SVGFEDropShadowElement: [class SVGFEDropShadowElement extends SVGElement],
      SVGFEFloodElement: [class SVGFEFloodElement extends SVGElement],
      SVGFEFuncAElement: [class SVGFEFuncAElement extends SVGComponentTransferFunctionElement],
      SVGFEFuncBElement: [class SVGFEFuncBElement extends SVGComponentTransferFunctionElement],
      SVGFEFuncGElement: [class SVGFEFuncGElement extends SVGComponentTransferFunctionElement],
      SVGFEFuncRElement: [class SVGFEFuncRElement extends SVGComponentTransferFunctionElement],
      SVGFEGaussianBlurElement: [Function],
      SVGFEImageElement: [class SVGFEImageElement extends SVGElement],
      SVGFEMergeElement: [class SVGFEMergeElement extends SVGElement],
      SVGFEMergeNodeElement: [class SVGFEMergeNodeElement extends SVGElement],
      SVGFEMorphologyElement: [Function],
      SVGFEOffsetElement: [class SVGFEOffsetElement extends SVGElement],
      SVGFEPointLightElement: [class SVGFEPointLightElement extends SVGElement],
      SVGFESpecularLightingElement: [class SVGFESpecularLightingElement extends SVGElement],
      SVGFESpotLightElement: [class SVGFESpotLightElement extends SVGElement],
      SVGFETileElement: [class SVGFETileElement extends SVGElement],
      SVGFETurbulenceElement: [Function],
      SVGFilterElement: [class SVGFilterElement extends SVGElement],
      SVGForeignObjectElement: [class SVGForeignObjectElement extends SVGGraphicsElement],
      SVGGElement: [class SVGGElement extends SVGGraphicsElement],
      SVGImageElement: [class SVGImageElement extends SVGGraphicsElement],
      SVGLineElement: [class SVGLineElement extends SVGGeometryElement],
      SVGLinearGradientElement: [class SVGLinearGradientElement extends SVGGradientElement],
      SVGMarkerElement: [Function],
      SVGMaskElement: [class SVGMaskElement extends SVGElement],
      SVGMetadataElement: [class SVGMetadataElement extends SVGElement],
      SVGMPathElement: [class SVGMPathElement extends SVGElement],
      SVGPathElement: [class SVGPathElement extends SVGGeometryElement],
      SVGPatternElement: [class SVGPatternElement extends SVGElement],
      SVGPolygonElement: [class SVGPolygonElement extends SVGGeometryElement],
      SVGPolylineElement: [class SVGPolylineElement extends SVGGeometryElement],
      SVGRadialGradientElement: [class SVGRadialGradientElement extends SVGGradientElement],
      SVGRectElement: [class SVGRectElement extends SVGGeometryElement],
      SVGScriptElement: [class SVGScriptElement extends SVGGraphicsElement],
      SVGSetElement: [class SVGSetElement extends SVGAnimationElement],
      SVGStopElement: [class SVGStopElement extends SVGElement],
      SVGStyleElement: [class SVGStyleElement extends SVGElement],
      SVGSwitchElement: [class SVGSwitchElement extends SVGGraphicsElement],
      SVGSymbolElement: [class SVGSymbolElement extends SVGGraphicsElement],
      SVGTextElement: [class SVGTextElement extends SVGTextPositioningElement],
      SVGTextPathElement: [Function],
      SVGTitleElement: [class SVGTitleElement extends SVGElement],
      SVGTSpanElement: [class SVGTSpanElement extends SVGTextPositioningElement],
      SVGUseElement: [class SVGUseElement extends SVGGraphicsElement],
      SVGViewElement: [class SVGViewElement extends SVGElement],
      SVGElement: [class SVGElement extends Element],
      SVGAnimationElement: [class SVGAnimationElement extends SVGElement],
      SVGComponentTransferFunctionElement: [Function],
      SVGGeometryElement: [class SVGGeometryElement extends SVGGraphicsElement],
      SVGGradientElement: [Function],
      SVGTextPositioningElement: [class SVGTextPositioningElement extends SVGTextContentElement],
      SVGGraphicsElement: [class SVGGraphicsElement extends SVGElement],
      Event: [Function],
      UIEvent: [Function],
      CustomEvent: [class CustomEvent extends Event],
      CloseEvent: [class CloseEvent extends Event],
      AnimationEvent: [class AnimationEvent extends Event],
      KeyboardEvent: [Function],
      MessageEvent: [class MessageEvent extends Event],
      MouseEvent: [class MouseEvent extends UIEvent],
      PointerEvent: [class PointerEvent extends MouseEvent],
      FocusEvent: [class FocusEvent extends UIEvent],
      WheelEvent: [Function],
      InputEvent: [class InputEvent extends UIEvent],
      ErrorEvent: [class ErrorEvent extends UIEvent],
      StorageEvent: [class StorageEvent extends Event],
      SubmitEvent: [class SubmitEvent extends Event],
      ProgressEvent: [class ProgressEvent extends Event],
      MediaQueryListEvent: [class MediaQueryListEvent extends Event],
      HashChangeEvent: [class HashChangeEvent extends Event],
      ClipboardEvent: [class ClipboardEvent extends Event],
      CookieChangeEvent: [class CookieChangeEvent extends Event],
      TouchEvent: [class TouchEvent extends UIEvent],
      PopStateEvent: [class PopStateEvent extends Event],
      Touch: [class Touch],
      AudioProcessingEvent: [Function],
      BeforeInputEvent: [Function],
      BeforeUnloadEvent: [Function],
      BlobEvent: [Function],
      CompositionEvent: [Function],
      CSSFontFaceLoadEvent: [Function],
      DeviceLightEvent: [Function],
      DeviceMotionEvent: [Function],
      DeviceOrientationEvent: [Function],
      DeviceProximityEvent: [Function],
      DOMTransactionEvent: [Function],
      DragEvent: [Function],
      EditingBeforeInputEvent: [Function],
      FetchEvent: [Function],
      GamepadEvent: [Function],
      IDBVersionChangeEvent: [Function],
      MediaStreamEvent: [Function],
      MutationEvent: [Function],
      OfflineAudioCompletionEvent: [Function],
      OverconstrainedError: [Function],
      PageTransitionEvent: [Function],
      PaymentRequestUpdateEvent: [Function],
      RelatedEvent: [Function],
      RTCDataChannelEvent: [Function],
      RTCIdentityErrorEvent: [Function],
      RTCIdentityEvent: [Function],
      RTCPeerConnectionIceEvent: [Function],
      SensorEvent: [Function],
      SVGEvent: [Function],
      SVGZoomEvent: [Function],
      TimeEvent: [Function],
      TrackEvent: [Function],
      TransitionEvent: [Function],
      UserProximityEvent: [Function],
      WebGLContextEvent: [Function],
      TextEvent: [Function],
      Permissions: [class Permissions],
      History: [class History],
      Navigator: [class Navigator],
      Clipboard: [class Clipboard],
      TimeRanges: [class TimeRanges],
      TextTrackCueList: [class TextTrackCueList extends Array],
      ValidityState: [class ValidityState],
      MutationRecord: [class MutationRecord],
      IntersectionObserver: [class IntersectionObserver],
      IntersectionObserverEntry: [class IntersectionObserverEntry],
      CSSStyleDeclaration: [class CSSStyleDeclaration],
      CSSRule: [Function],
      CSSContainerRule: [class CSSContainerRule extends CSSConditionRule],
      CSSFontFaceRule: [class CSSFontFaceRule extends CSSRule],
      CSSKeyframeRule: [class CSSKeyframeRule extends CSSRule],
      CSSKeyframesRule: [class CSSKeyframesRule extends CSSRule],
      CSSMediaRule: [class CSSMediaRule extends CSSConditionRule],
      CSSStyleRule: [class CSSStyleRule extends CSSGroupingRule],
      CSSSupportsRule: [class CSSSupportsRule extends CSSConditionRule],
      CSSConditionRule: [class CSSConditionRule extends CSSGroupingRule],
      CSSGroupingRule: [class CSSGroupingRule extends CSSRule],
      CSSScopeRule: [class CSSScopeRule extends CSSGroupingRule],
      DOMRect: [class DOMRect extends DOMRectReadOnly],
      DOMRectReadOnly: [class DOMRectReadOnly],
      Plugin: [class Plugin],
      PluginArray: [class PluginArray],
      Location: [class Location],
      CustomElementRegistry: [class CustomElementRegistry],
      ResizeObserver: [class ResizeObserver],
      Blob: [class Blob],
      File: [class File extends Blob],
      Storage: [class Storage],
      CookieStore: [class CookieStore extends EventTarget],
      MimeType: [class MimeType],
      MimeTypeArray: [class MimeTypeArray],
      NodeFilter: [Object],
      ImageBitmap: [class ImageBitmap],
      HTMLCollection: [class HTMLCollection],
      HTMLFormControlCollection: [class HTMLFormControlsCollection extends HTMLCollection],
      HTMLOptionsCollection: [class HTMLOptionsCollection extends HTMLCollection],
      NodeList: [class NodeList],
      RadioNodeList: [class RadioNodeList extends NodeList],
      FileList: [class FileList extends Array],
      Screen: [class Screen extends EventTarget],
      ScreenDetails: [class ScreenDetails extends EventTarget],
      ScreenDetailed: [class ScreenDetailed extends Screen],
      NamedNodeMap: [class NamedNodeMap],
      TreeWalker: [class TreeWalker],
      NodeIterator: [class NodeIterator],
      DataTransfer: [class DataTransfer],
      DataTransferItem: [class DataTransferItem],
      DataTransferItemList: [class DataTransferItemList extends Array],
      XMLSerializer: [class XMLSerializer],
      ClipboardItem: [class ClipboardItem],
      Selection: [class Selection],
      CSSUnitValue: [class CSSUnitValue],
      SVGAngle: [Function],
      SVGAnimatedAngle: [class SVGAnimatedAngle],
      SVGAnimatedBoolean: [class SVGAnimatedBoolean],
      SVGAnimatedEnumeration: [class SVGAnimatedEnumeration],
      SVGAnimatedInteger: [class SVGAnimatedInteger],
      SVGAnimatedLength: [class SVGAnimatedLength],
      SVGAnimatedNumber: [class SVGAnimatedNumber],
      SVGAnimatedNumberList: [class SVGAnimatedNumberList],
      SVGAnimatedPreserveAspectRatio: [class SVGAnimatedPreserveAspectRatio],
      SVGAnimatedRect: [class SVGAnimatedRect],
      SVGAnimatedString: [class SVGAnimatedString],
      SVGAnimatedTransformList: [class SVGAnimatedTransformList],
      SVGLength: [Function],
      SVGLengthList: [class SVGLengthList],
      SVGMatrix: [class SVGMatrix],
      SVGNumber: [class SVGNumber],
      SVGNumberList: [class SVGNumberList],
      SVGPoint: [class SVGPoint],
      SVGPointList: [class SVGPointList],
      SVGPreserveAspectRatio: [Function],
      SVGRect: [class SVGRect],
      SVGStringList: [class SVGStringList],
      SVGTransform: [Function],
      SVGTransformList: [class SVGTransformList],
      SVGAnimatedLengthList: [class SVGAnimatedLengthList],
      SVGUnitTypes: [Function],
      StylePropertyMap: [class StylePropertyMap extends StylePropertyMapReadOnly],
      StylePropertyMapReadOnly: [class StylePropertyMapReadOnly],
      MediaList: [class MediaList],
      CSSKeywordValue: [class CSSKeywordValue],
      CSSStyleValue: [class CSSStyleValue],
      Window: [class GlobalWindow extends Window],
      URLSearchParams: [class URLSearchParams],
      WritableStream: [Function],
      ReadableStream: [class ReadableStream],
      TransformStream: [Function: Transform],
      PerformanceObserver: [class PerformanceObserver],
      PerformanceEntry: [class PerformanceEntry],
      PerformanceObserverEntryList: [class PerformanceObserverEntryList],
      document: [Circular *4],
      customElements: [CustomElementRegistry],
      window: [Circular *5],
      globalThis: [Circular *5],
      performance: [Performance [EventTarget]],
      screenLeft: 0,
      screenTop: 0,
      screenX: 0,
      screenY: 0,
      crypto: Crypto {},
      TextEncoder: [class TextEncoder],
      TextDecoder: [class TextDecoder],
      closed: false,
      console: [Console [console]],
      name: '',
      Buffer: [Function],
      Document: [class Document extends Document],
      HTMLDocument: [class HTMLDocument extends HTMLDocument],
      XMLDocument: [class XMLDocument extends XMLDocument],
      DocumentFragment: [class DocumentFragment extends DocumentFragment],
      Text: [class Text extends Text],
      Comment: [class Comment extends Comment],
      Image: [class Image extends Image],
      Audio: [class Audio extends Audio],
      MutationObserver: [class MutationObserver extends MutationObserver],
      MessagePort: [class MessagePort extends MessagePort],
      CSSStyleSheet: [class CSSStyleSheet extends CSSStyleSheet],
      DOMException: [class DOMException extends DOMException],
      Headers: [class Headers extends Headers],
      Request: [class Request extends Request],
      Response: [Function],
      EventTarget: [class EventTarget extends EventTarget],
      XMLHttpRequestUpload: [class XMLHttpRequestUpload extends XMLHttpRequestUpload],
      XMLHttpRequestEventTarget: [class XMLHttpRequestEventTarget extends XMLHttpRequestEventTarget],
      AbortController: [class AbortController extends AbortController],
      AbortSignal: [Function],
      FormData: [class FormData extends FormData],
      PermissionStatus: [class PermissionStatus extends PermissionStatus],
      XMLHttpRequest: [class XMLHttpRequest extends XMLHttpRequest],
      DOMParser: [class DOMParser extends DOMParser],
      Range: [class Range extends Range],
      VTTCue: [class VTTCue extends VTTCue],
      TextTrack: [class TextTrack extends TextTrack],
      TextTrackList: [class TextTrackList extends TextTrackList],
      TextTrackCue: [class TextTrackCue extends TextTrackCue],
      RemotePlayback: [class RemotePlayback extends RemotePlayback],
      FileReader: [class FileReader extends FileReader],
      MediaStream: [class MediaStream extends MediaStream],
      MediaStreamTrack: [class MediaStreamTrack extends MediaStreamTrack],
      CanvasCaptureMediaStreamTrack: [class CanvasCaptureMediaStreamTrack extends CanvasCaptureMediaStreamTrack],
      URL: [class URL extends URL],
      WebSocket: [class WebSocket extends WebSocket],
      ImageData: [class ImageData extends ImageData],
      OffscreenCanvas: [class OffscreenCanvas extends OffscreenCanvas],
      DOMMatrixReadOnly: [class DOMMatrixReadOnly extends DOMMatrixReadOnly],
      DOMMatrix: [class DOMMatrix extends DOMMatrix],
      DOMPointReadOnly: [class DOMPointReadOnly extends DOMPointReadOnly],
      DOMPoint: [class DOMPoint extends DOMPoint],
      Animation: [class Animation extends Animation],
      KeyframeEffect: [class KeyframeEffect extends KeyframeEffect],
      happyDOM: DetachedWindowAPI {},
      Array: [Function: Array],
      ArrayBuffer: [Function: ArrayBuffer],
      Boolean: [Function: Boolean],
      DataView: [Function: DataView],
      Date: [Function: Date],
      Error: [Function],
      EvalError: [Function: EvalError],
      Float32Array: [Function: Float32Array],
      Float64Array: [Function: Float64Array],
      Function: [Function: Function],
      Infinity: Infinity,
      Int16Array: [Function: Int16Array],
      Int32Array: [Function: Int32Array],
      Int8Array: [Function: Int8Array],
      Intl: Object [Intl] {},
      JSON: Object [JSON] {},
      Map: [Function: Map],
      Math: Object [Math] {},
      NaN: NaN,
      Number: [Function: Number],
      Object: [Function: Object],
      Promise: [Function: Promise],
      RangeError: [Function: RangeError],
      ReferenceError: [Function: ReferenceError],
      RegExp: [Function: RegExp],
      Set: [Function: Set],
      String: [Function: String],
      Symbol: [Function],
      SyntaxError: [Function: SyntaxError],
      TypeError: [Function: TypeError],
      URIError: [Function: URIError],
      Uint16Array: [Function: Uint16Array],
      Uint32Array: [Function: Uint32Array],
      Uint8Array: [Function: Uint8Array],
      Uint8ClampedArray: [Function: Uint8ClampedArray],
      WeakMap: [Function: WeakMap],
      WeakSet: [Function: WeakSet],
      decodeURI: [Function: decodeURI],
      decodeURIComponent: [Function: decodeURIComponent],
      encodeURI: [Function: encodeURI],
      encodeURIComponent: [Function: encodeURIComponent],
      eval: [Function: eval],
      escape: [Function: escape],
      global: [Object [global]],
      isFinite: [Function: isFinite],
      isNaN: [Function: isNaN],
      parseFloat: [Function: parseFloat],
      parseInt: [Function: parseInt],
      undefined: undefined,
      unescape: [Function: unescape],
      [Symbol(listeners)]: [Object],
      [Symbol(listenerOptions)]: [Object],
      [Symbol(mutationObservers)]: [],
      [Symbol(readyStateManager)]: DocumentReadyStateManager {},
      [Symbol(location)]: [Location],
      [Symbol(history)]: History {},
      [Symbol(navigator)]: Navigator {},
      [Symbol(screen)]: [Screen [EventTarget]],
      [Symbol(sessionStorage)]: [Storage],
      [Symbol(localStorage)]: [Storage],
      [Symbol(cookieStore)]: [CookieStore [EventTarget]],
      [Symbol(self)]: [Circular *5],
      [Symbol(top)]: [Circular *5],
      [Symbol(parent)]: [Circular *5],
      [Symbol(window)]: [Circular *5],
      [Symbol(frames)]: [Circular *5],
      [Symbol(internalId)]: 0,
      [Symbol(customElementReactionStack)]: [CustomElementReactionStack],
      [Symbol(modules)]: [Object],
      [Symbol(moduleImportMap)]: null,
      [Symbol(openWebSockets)]: [],
      [Symbol(propertyEventListeners)]: Map(0) {},
      [Symbol(querySelectorCache)]: [Map]
    },
    [Symbol(forms)]: null,
    [Symbol(links)]: null,
    [Symbol(affectsComputedStyleCache)]: [],
    [Symbol(elementIdMap)]: Map(0) {},
    [Symbol(contentType)]: 'text/html',
    [Symbol(xmlProcessingInstruction)]: null,
    [Symbol(preloads)]: Map(0) {},
    [Symbol(propertyEventListeners)]: Map(0) {},
    [Symbol(selection)]: null,
    [Symbol(timeline)]: DocumentTimeline {}
  },
  [Symbol(styleNode)]: null,
  [Symbol(textAreaNode)]: null,
  [Symbol(formNode)]: null,
  [Symbol(selectNode)]: null,
  [Symbol(mutationListeners)]: [],
  [Symbol(nodeArray)]: [],
  [Symbol(elementArray)]: [],
  [Symbol(childNodes)]: null,
  [Symbol(assignedToSlot)]: null,
  [Symbol(cache)]: {
    querySelector: Map(0) {},
    querySelectorAll: Map(0) {},
    matches: Map(0) {},
    elementsByTagName: Map(0) {},
    elementsByTagNameNS: Map(0) {},
    elementByTagName: Map(0) {},
    elementById: Map(0) {},
    computedStyle: null
  },
  [Symbol(affectsCache)]: [],
  [Symbol(ownerDocument)]: <ref *4> HTMLDocument {
    defaultView: [Getter],
    _reactListening7defm8ungkm: true,
    [Symbol(listeners)]: { bubbling: [Map], capturing: Map(0) {} },
    [Symbol(listenerOptions)]: { bubbling: [Map], capturing: Map(0) {} },
    [Symbol(isConnected)]: true,
    [Symbol(parentNode)]: null,
    [Symbol(rootNode)]: [Circular *4],
    [Symbol(styleNode)]: null,
    [Symbol(textAreaNode)]: null,
    [Symbol(formNode)]: null,
    [Symbol(selectNode)]: null,
    [Symbol(mutationListeners)]: [],
    [Symbol(nodeArray)]: [ [HTMLHtmlElement] ],
    [Symbol(elementArray)]: [ [HTMLHtmlElement] ],
    [Symbol(childNodes)]: null,
    [Symbol(assignedToSlot)]: null,
    [Symbol(cache)]: {
      querySelector: Map(0) {},
      querySelectorAll: Map(0) {},
      matches: Map(0) {},
      elementsByTagName: Map(0) {},
      elementsByTagNameNS: Map(0) {},
      elementByTagName: Map(0) {},
      elementById: Map(0) {},
      computedStyle: null
    },
    [Symbol(affectsCache)]: [ [Object], [Object], [Object], [Object] ],
    [Symbol(ownerDocument)]: null,
    [Symbol(children)]: null,
    [Symbol(activeElement)]: null,
    [Symbol(nextActiveElement)]: null,
    [Symbol(currentScript)]: null,
    [Symbol(isFirstWrite)]: true,
    [Symbol(isFirstWriteAfterOpen)]: false,
    [Symbol(nodeType)]: 9,
    [Symbol(adoptedStyleSheets)]: [],
    [Symbol(implementation)]: DOMImplementation {},
    [Symbol(readyState)]: 'complete',
    [Symbol(referrer)]: '',
    [Symbol(defaultView)]: <ref *5> GlobalWindow [EventTarget] {
      Node: [Function],
      Attr: [class Attr extends Node],
      ShadowRoot: [class ShadowRoot extends DocumentFragment],
      ProcessingInstruction: [class ProcessingInstruction extends CharacterData],
      Element: [Function],
      CharacterData: [class CharacterData extends Node],
      DocumentType: [class DocumentType extends Node],
      AnimationTimeline: [class AnimationTimeline],
      DocumentTimeline: [class DocumentTimeline extends AnimationTimeline],
      HTMLAnchorElement: [class HTMLAnchorElement extends HTMLElement],
      HTMLButtonElement: [class HTMLButtonElement extends HTMLElement],
      HTMLOptGroupElement: [class HTMLOptGroupElement extends HTMLElement],
      HTMLOptionElement: [class HTMLOptionElement extends HTMLElement],
      HTMLElement: [Function],
      HTMLUnknownElement: [class HTMLUnknownElement extends HTMLElement],
      HTMLTemplateElement: [class HTMLTemplateElement extends HTMLElement],
      HTMLInputElement: [class HTMLInputElement extends HTMLElement],
      HTMLSelectElement: [class HTMLSelectElement extends HTMLElement],
      HTMLTextAreaElement: [class HTMLTextAreaElement extends HTMLElement],
      HTMLImageElement: [class HTMLImageElement extends HTMLElement],
      HTMLStyleElement: [class HTMLStyleElement extends HTMLElement],
      HTMLLabelElement: [class HTMLLabelElement extends HTMLElement],
      HTMLSlotElement: [class HTMLSlotElement extends HTMLElement],
      HTMLMetaElement: [class HTMLMetaElement extends HTMLElement],
      HTMLMediaElement: [class HTMLMediaElement extends HTMLElement],
      HTMLAudioElement: [class HTMLAudioElement extends HTMLMediaElement],
      HTMLVideoElement: [class HTMLVideoElement extends HTMLMediaElement],
      HTMLBaseElement: [class HTMLBaseElement extends HTMLElement],
      HTMLDialogElement: [class HTMLDialogElement extends HTMLElement],
      HTMLScriptElement: [class HTMLScriptElement extends HTMLElement],
      HTMLLinkElement: [class HTMLLinkElement extends HTMLElement],
      HTMLIFrameElement: [class HTMLIFrameElement extends HTMLElement],
      HTMLFormElement: [class HTMLFormElement extends HTMLElement],
      HTMLUListElement: [class HTMLUListElement extends HTMLElement],
      HTMLTrackElement: [class HTMLTrackElement extends HTMLElement],
      HTMLTableRowElement: [class HTMLTableRowElement extends HTMLElement],
      HTMLTitleElement: [class HTMLTitleElement extends HTMLElement],
      HTMLTimeElement: [class HTMLTimeElement extends HTMLElement],
      HTMLTableSectionElement: [class HTMLTableSectionElement extends HTMLElement],
      HTMLTableCellElement: [class HTMLTableCellElement extends HTMLElement],
      HTMLTableElement: [class HTMLTableElement extends HTMLElement],
      HTMLSpanElement: [class HTMLSpanElement extends HTMLElement],
      HTMLSourceElement: [class HTMLSourceElement extends HTMLElement],
      HTMLQuoteElement: [class HTMLQuoteElement extends HTMLElement],
      HTMLProgressElement: [class HTMLProgressElement extends HTMLElement],
      HTMLPreElement: [class HTMLPreElement extends HTMLElement],
      HTMLPictureElement: [class HTMLPictureElement extends HTMLElement],
      HTMLParamElement: [class HTMLParamElement extends HTMLElement],
      HTMLParagraphElement: [class HTMLParagraphElement extends HTMLElement],
      HTMLOutputElement: [class HTMLOutputElement extends HTMLElement],
      HTMLOListElement: [class HTMLOListElement extends HTMLElement],
      HTMLObjectElement: [class HTMLObjectElement extends HTMLElement],
      HTMLMeterElement: [class HTMLMeterElement extends HTMLElement],
      HTMLMenuElement: [class HTMLMenuElement extends HTMLElement],
      HTMLMapElement: [class HTMLMapElement extends HTMLElement],
      HTMLLIElement: [class HTMLLIElement extends HTMLElement],
      HTMLLegendElement: [class HTMLLegendElement extends HTMLElement],
      HTMLModElement: [class HTMLModElement extends HTMLElement],
      HTMLHtmlElement: [class HTMLHtmlElement extends HTMLElement],
      HTMLHRElement: [class HTMLHRElement extends HTMLElement],
      HTMLHeadElement: [class HTMLHeadElement extends HTMLElement],
      HTMLHeadingElement: [class HTMLHeadingElement extends HTMLElement],
      HTMLFieldSetElement: [class HTMLFieldSetElement extends HTMLElement],
      HTMLEmbedElement: [class HTMLEmbedElement extends HTMLElement],
      HTMLDListElement: [class HTMLDListElement extends HTMLElement],
      HTMLDivElement: [class HTMLDivElement extends HTMLElement],
      HTMLDetailsElement: [class HTMLDetailsElement extends HTMLElement],
      HTMLDataListElement: [class HTMLDataListElement extends HTMLElement],
      HTMLDataElement: [class HTMLDataElement extends HTMLElement],
      HTMLTableColElement: [class HTMLTableColElement extends HTMLElement],
      HTMLTableCaptionElement: [class HTMLTableCaptionElement extends HTMLElement],
      HTMLCanvasElement: [class HTMLCanvasElement extends HTMLElement],
      HTMLBRElement: [class HTMLBRElement extends HTMLElement],
      HTMLBodyElement: [class HTMLBodyElement extends HTMLElement],
      HTMLAreaElement: [class HTMLAreaElement extends HTMLElement],
      SVGSVGElement: [class SVGSVGElement extends SVGGraphicsElement],
      SVGAnimateElement: [class SVGAnimateElement extends SVGAnimationElement],
      SVGAnimateMotionElement: [class SVGAnimateMotionElement extends SVGAnimationElement],
      SVGAnimateTransformElement: [class SVGAnimateTransformElement extends SVGAnimationElement],
      SVGCircleElement: [class SVGCircleElement extends SVGGeometryElement],
      SVGClipPathElement: [class SVGClipPathElement extends SVGElement],
      SVGDefsElement: [class SVGDefsElement extends SVGGraphicsElement],
      SVGDescElement: [class SVGDescElement extends SVGElement],
      SVGEllipseElement: [class SVGEllipseElement extends SVGGeometryElement],
      SVGFEBlendElement: [Function],
      SVGFEColorMatrixElement: [Function],
      SVGFEComponentTransferElement: [class SVGFEComponentTransferElement extends SVGElement],
      SVGFECompositeElement: [Function],
      SVGFEConvolveMatrixElement: [Function],
      SVGFEDiffuseLightingElement: [class SVGFEDiffuseLightingElement extends SVGElement],
      SVGFEDisplacementMapElement: [Function],
      SVGFEDistantLightElement: [class SVGFEDistantLightElement extends SVGElement],
      SVGFEDropShadowElement: [class SVGFEDropShadowElement extends SVGElement],
      SVGFEFloodElement: [class SVGFEFloodElement extends SVGElement],
      SVGFEFuncAElement: [class SVGFEFuncAElement extends SVGComponentTransferFunctionElement],
      SVGFEFuncBElement: [class SVGFEFuncBElement extends SVGComponentTransferFunctionElement],
      SVGFEFuncGElement: [class SVGFEFuncGElement extends SVGComponentTransferFunctionElement],
      SVGFEFuncRElement: [class SVGFEFuncRElement extends SVGComponentTransferFunctionElement],
      SVGFEGaussianBlurElement: [Function],
      SVGFEImageElement: [class SVGFEImageElement extends SVGElement],
      SVGFEMergeElement: [class SVGFEMergeElement extends SVGElement],
      SVGFEMergeNodeElement: [class SVGFEMergeNodeElement extends SVGElement],
      SVGFEMorphologyElement: [Function],
      SVGFEOffsetElement: [class SVGFEOffsetElement extends SVGElement],
      SVGFEPointLightElement: [class SVGFEPointLightElement extends SVGElement],
      SVGFESpecularLightingElement: [class SVGFESpecularLightingElement extends SVGElement],
      SVGFESpotLightElement: [class SVGFESpotLightElement extends SVGElement],
      SVGFETileElement: [class SVGFETileElement extends SVGElement],
      SVGFETurbulenceElement: [Function],
      SVGFilterElement: [class SVGFilterElement extends SVGElement],
      SVGForeignObjectElement: [class SVGForeignObjectElement extends SVGGraphicsElement],
      SVGGElement: [class SVGGElement extends SVGGraphicsElement],
      SVGImageElement: [class SVGImageElement extends SVGGraphicsElement],
      SVGLineElement: [class SVGLineElement extends SVGGeometryElement],
      SVGLinearGradientElement: [class SVGLinearGradientElement extends SVGGradientElement],
      SVGMarkerElement: [Function],
      SVGMaskElement: [class SVGMaskElement extends SVGElement],
      SVGMetadataElement: [class SVGMetadataElement extends SVGElement],
      SVGMPathElement: [class SVGMPathElement extends SVGElement],
      SVGPathElement: [class SVGPathElement extends SVGGeometryElement],
      SVGPatternElement: [class SVGPatternElement extends SVGElement],
      SVGPolygonElement: [class SVGPolygonElement extends SVGGeometryElement],
      SVGPolylineElement: [class SVGPolylineElement extends SVGGeometryElement],
      SVGRadialGradientElement: [class SVGRadialGradientElement extends SVGGradientElement],
      SVGRectElement: [class SVGRectElement extends SVGGeometryElement],
      SVGScriptElement: [class SVGScriptElement extends SVGGraphicsElement],
      SVGSetElement: [class SVGSetElement extends SVGAnimationElement],
      SVGStopElement: [class SVGStopElement extends SVGElement],
      SVGStyleElement: [class SVGStyleElement extends SVGElement],
      SVGSwitchElement: [class SVGSwitchElement extends SVGGraphicsElement],
      SVGSymbolElement: [class SVGSymbolElement extends SVGGraphicsElement],
      SVGTextElement: [class SVGTextElement extends SVGTextPositioningElement],
      SVGTextPathElement: [Function],
      SVGTitleElement: [class SVGTitleElement extends SVGElement],
      SVGTSpanElement: [class SVGTSpanElement extends SVGTextPositioningElement],
      SVGUseElement: [class SVGUseElement extends SVGGraphicsElement],
      SVGViewElement: [class SVGViewElement extends SVGElement],
      SVGElement: [class SVGElement extends Element],
      SVGAnimationElement: [class SVGAnimationElement extends SVGElement],
      SVGComponentTransferFunctionElement: [Function],
      SVGGeometryElement: [class SVGGeometryElement extends SVGGraphicsElement],
      SVGGradientElement: [Function],
      SVGTextPositioningElement: [class SVGTextPositioningElement extends SVGTextContentElement],
      SVGGraphicsElement: [class SVGGraphicsElement extends SVGElement],
      Event: [Function],
      UIEvent: [Function],
      CustomEvent: [class CustomEvent extends Event],
      CloseEvent: [class CloseEvent extends Event],
      AnimationEvent: [class AnimationEvent extends Event],
      KeyboardEvent: [Function],
      MessageEvent: [class MessageEvent extends Event],
      MouseEvent: [class MouseEvent extends UIEvent],
      PointerEvent: [class PointerEvent extends MouseEvent],
      FocusEvent: [class FocusEvent extends UIEvent],
      WheelEvent: [Function],
      InputEvent: [class InputEvent extends UIEvent],
      ErrorEvent: [class ErrorEvent extends UIEvent],
      StorageEvent: [class StorageEvent extends Event],
      SubmitEvent: [class SubmitEvent extends Event],
      ProgressEvent: [class ProgressEvent extends Event],
      MediaQueryListEvent: [class MediaQueryListEvent extends Event],
      HashChangeEvent: [class HashChangeEvent extends Event],
      ClipboardEvent: [class ClipboardEvent extends Event],
      CookieChangeEvent: [class CookieChangeEvent extends Event],
      TouchEvent: [class TouchEvent extends UIEvent],
      PopStateEvent: [class PopStateEvent extends Event],
      Touch: [class Touch],
      AudioProcessingEvent: [Function],
      BeforeInputEvent: [Function],
      BeforeUnloadEvent: [Function],
      BlobEvent: [Function],
      CompositionEvent: [Function],
      CSSFontFaceLoadEvent: [Function],
      DeviceLightEvent: [Function],
      DeviceMotionEvent: [Function],
      DeviceOrientationEvent: [Function],
      DeviceProximityEvent: [Function],
      DOMTransactionEvent: [Function],
      DragEvent: [Function],
      EditingBeforeInputEvent: [Function],
      FetchEvent: [Function],
      GamepadEvent: [Function],
      IDBVersionChangeEvent: [Function],
      MediaStreamEvent: [Function],
      MutationEvent: [Function],
      OfflineAudioCompletionEvent: [Function],
      OverconstrainedError: [Function],
      PageTransitionEvent: [Function],
      PaymentRequestUpdateEvent: [Function],
      RelatedEvent: [Function],
      RTCDataChannelEvent: [Function],
      RTCIdentityErrorEvent: [Function],
      RTCIdentityEvent: [Function],
      RTCPeerConnectionIceEvent: [Function],
      SensorEvent: [Function],
      SVGEvent: [Function],
      SVGZoomEvent: [Function],
      TimeEvent: [Function],
      TrackEvent: [Function],
      TransitionEvent: [Function],
      UserProximityEvent: [Function],
      WebGLContextEvent: [Function],
      TextEvent: [Function],
      Permissions: [class Permissions],
      History: [class History],
      Navigator: [class Navigator],
      Clipboard: [class Clipboard],
      TimeRanges: [class TimeRanges],
      TextTrackCueList: [class TextTrackCueList extends Array],
      ValidityState: [class ValidityState],
      MutationRecord: [class MutationRecord],
      IntersectionObserver: [class IntersectionObserver],
      IntersectionObserverEntry: [class IntersectionObserverEntry],
      CSSStyleDeclaration: [class CSSStyleDeclaration],
      CSSRule: [Function],
      CSSContainerRule: [class CSSContainerRule extends CSSConditionRule],
      CSSFontFaceRule: [class CSSFontFaceRule extends CSSRule],
      CSSKeyframeRule: [class CSSKeyframeRule extends CSSRule],
      CSSKeyframesRule: [class CSSKeyframesRule extends CSSRule],
      CSSMediaRule: [class CSSMediaRule extends CSSConditionRule],
      CSSStyleRule: [class CSSStyleRule extends CSSGroupingRule],
      CSSSupportsRule: [class CSSSupportsRule extends CSSConditionRule],
      CSSConditionRule: [class CSSConditionRule extends CSSGroupingRule],
      CSSGroupingRule: [class CSSGroupingRule extends CSSRule],
      CSSScopeRule: [class CSSScopeRule extends CSSGroupingRule],
      DOMRect: [class DOMRect extends DOMRectReadOnly],
      DOMRectReadOnly: [class DOMRectReadOnly],
      Plugin: [class Plugin],
      PluginArray: [class PluginArray],
      Location: [class Location],
      CustomElementRegistry: [class CustomElementRegistry],
      ResizeObserver: [class ResizeObserver],
      Blob: [class Blob],
      File: [class File extends Blob],
      Storage: [class Storage],
      CookieStore: [class CookieStore extends EventTarget],
      MimeType: [class MimeType],
      MimeTypeArray: [class MimeTypeArray],
      NodeFilter: [Object],
      ImageBitmap: [class ImageBitmap],
      HTMLCollection: [class HTMLCollection],
      HTMLFormControlCollection: [class HTMLFormControlsCollection extends HTMLCollection],
      HTMLOptionsCollection: [class HTMLOptionsCollection extends HTMLCollection],
      NodeList: [class NodeList],
      RadioNodeList: [class RadioNodeList extends NodeList],
      FileList: [class FileList extends Array],
      Screen: [class Screen extends EventTarget],
      ScreenDetails: [class ScreenDetails extends EventTarget],
      ScreenDetailed: [class ScreenDetailed extends Screen],
      NamedNodeMap: [class NamedNodeMap],
      TreeWalker: [class TreeWalker],
      NodeIterator: [class NodeIterator],
      DataTransfer: [class DataTransfer],
      DataTransferItem: [class DataTransferItem],
      DataTransferItemList: [class DataTransferItemList extends Array],
      XMLSerializer: [class XMLSerializer],
      ClipboardItem: [class ClipboardItem],
      Selection: [class Selection],
      CSSUnitValue: [class CSSUnitValue],
      SVGAngle: [Function],
      SVGAnimatedAngle: [class SVGAnimatedAngle],
      SVGAnimatedBoolean: [class SVGAnimatedBoolean],
      SVGAnimatedEnumeration: [class SVGAnimatedEnumeration],
      SVGAnimatedInteger: [class SVGAnimatedInteger],
      SVGAnimatedLength: [class SVGAnimatedLength],
      SVGAnimatedNumber: [class SVGAnimatedNumber],
      SVGAnimatedNumberList: [class SVGAnimatedNumberList],
      SVGAnimatedPreserveAspectRatio: [class SVGAnimatedPreserveAspectRatio],
      SVGAnimatedRect: [class SVGAnimatedRect],
      SVGAnimatedString: [class SVGAnimatedString],
      SVGAnimatedTransformList: [class SVGAnimatedTransformList],
      SVGLength: [Function],
      SVGLengthList: [class SVGLengthList],
      SVGMatrix: [class SVGMatrix],
      SVGNumber: [class SVGNumber],
      SVGNumberList: [class SVGNumberList],
      SVGPoint: [class SVGPoint],
      SVGPointList: [class SVGPointList],
      SVGPreserveAspectRatio: [Function],
      SVGRect: [class SVGRect],
      SVGStringList: [class SVGStringList],
      SVGTransform: [Function],
      SVGTransformList: [class SVGTransformList],
      SVGAnimatedLengthList: [class SVGAnimatedLengthList],
      SVGUnitTypes: [Function],
      StylePropertyMap: [class StylePropertyMap extends StylePropertyMapReadOnly],
      StylePropertyMapReadOnly: [class StylePropertyMapReadOnly],
      MediaList: [class MediaList],
      CSSKeywordValue: [class CSSKeywordValue],
      CSSStyleValue: [class CSSStyleValue],
      Window: [class GlobalWindow extends Window],
      URLSearchParams: [class URLSearchParams],
      WritableStream: [Function],
      ReadableStream: [class ReadableStream],
      TransformStream: [Function: Transform],
      PerformanceObserver: [class PerformanceObserver],
      PerformanceEntry: [class PerformanceEntry],
      PerformanceObserverEntryList: [class PerformanceObserverEntryList],
      document: [Circular *4],
      customElements: [CustomElementRegistry],
      window: [Circular *5],
      globalThis: [Circular *5],
      performance: [Performance [EventTarget]],
      screenLeft: 0,
      screenTop: 0,
      screenX: 0,
      screenY: 0,
      crypto: Crypto {},
      TextEncoder: [class TextEncoder],
      TextDecoder: [class TextDecoder],
      closed: false,
      console: [Console [console]],
      name: '',
      Buffer: [Function],
      Document: [class Document extends Document],
      HTMLDocument: [class HTMLDocument extends HTMLDocument],
      XMLDocument: [class XMLDocument extends XMLDocument],
      DocumentFragment: [class DocumentFragment extends DocumentFragment],
      Text: [class Text extends Text],
      Comment: [class Comment extends Comment],
      Image: [class Image extends Image],
      Audio: [class Audio extends Audio],
      MutationObserver: [class MutationObserver extends MutationObserver],
      MessagePort: [class MessagePort extends MessagePort],
      CSSStyleSheet: [class CSSStyleSheet extends CSSStyleSheet],
      DOMException: [class DOMException extends DOMException],
      Headers: [class Headers extends Headers],
      Request: [class Request extends Request],
      Response: [Function],
      EventTarget: [class EventTarget extends EventTarget],
      XMLHttpRequestUpload: [class XMLHttpRequestUpload extends XMLHttpRequestUpload],
      XMLHttpRequestEventTarget: [class XMLHttpRequestEventTarget extends XMLHttpRequestEventTarget],
      AbortController: [class AbortController extends AbortController],
      AbortSignal: [Function],
      FormData: [class FormData extends FormData],
      PermissionStatus: [class PermissionStatus extends PermissionStatus],
      XMLHttpRequest: [class XMLHttpRequest extends XMLHttpRequest],
      DOMParser: [class DOMParser extends DOMParser],
      Range: [class Range extends Range],
      VTTCue: [class VTTCue extends VTTCue],
      TextTrack: [class TextTrack extends TextTrack],
      TextTrackList: [class TextTrackList extends TextTrackList],
      TextTrackCue: [class TextTrackCue extends TextTrackCue],
      RemotePlayback: [class RemotePlayback extends RemotePlayback],
      FileReader: [class FileReader extends FileReader],
      MediaStream: [class MediaStream extends MediaStream],
      MediaStreamTrack: [class MediaStreamTrack extends MediaStreamTrack],
      CanvasCaptureMediaStreamTrack: [class CanvasCaptureMediaStreamTrack extends CanvasCaptureMediaStreamTrack],
      URL: [class URL extends URL],
      WebSocket: [class WebSocket extends WebSocket],
      ImageData: [class ImageData extends ImageData],
      OffscreenCanvas: [class OffscreenCanvas extends OffscreenCanvas],
      DOMMatrixReadOnly: [class DOMMatrixReadOnly extends DOMMatrixReadOnly],
      DOMMatrix: [class DOMMatrix extends DOMMatrix],
      DOMPointReadOnly: [class DOMPointReadOnly extends DOMPointReadOnly],
      DOMPoint: [class DOMPoint extends DOMPoint],
      Animation: [class Animation extends Animation],
      KeyframeEffect: [class KeyframeEffect extends KeyframeEffect],
      happyDOM: DetachedWindowAPI {},
      Array: [Function: Array],
      ArrayBuffer: [Function: ArrayBuffer],
      Boolean: [Function: Boolean],
      DataView: [Function: DataView],
      Date: [Function: Date],
      Error: [Function],
      EvalError: [Function: EvalError],
      Float32Array: [Function: Float32Array],
      Float64Array: [Function: Float64Array],
      Function: [Function: Function],
      Infinity: Infinity,
      Int16Array: [Function: Int16Array],
      Int32Array: [Function: Int32Array],
      Int8Array: [Function: Int8Array],
      Intl: Object [Intl] {},
      JSON: Object [JSON] {},
      Map: [Function: Map],
      Math: Object [Math] {},
      NaN: NaN,
      Number: [Function: Number],
      Object: [Function: Object],
      Promise: [Function: Promise],
      RangeError: [Function: RangeError],
      ReferenceError: [Function: ReferenceError],
      RegExp: [Function: RegExp],
      Set: [Function: Set],
      String: [Function: String],
      Symbol: [Function],
      SyntaxError: [Function: SyntaxError],
      TypeError: [Function: TypeError],
      URIError: [Function: URIError],
      Uint16Array: [Function: Uint16Array],
      Uint32Array: [Function: Uint32Array],
      Uint8Array: [Function: Uint8Array],
      Uint8ClampedArray: [Function: Uint8ClampedArray],
      WeakMap: [Function: WeakMap],
      WeakSet: [Function: WeakSet],
      decodeURI: [Function: decodeURI],
      decodeURIComponent: [Function: decodeURIComponent],
      encodeURI: [Function: encodeURI],
      encodeURIComponent: [Function: encodeURIComponent],
      eval: [Function: eval],
      escape: [Function: escape],
      global: [Object [global]],
      isFinite: [Function: isFinite],
      isNaN: [Function: isNaN],
      parseFloat: [Function: parseFloat],
      parseInt: [Function: parseInt],
      undefined: undefined,
      unescape: [Function: unescape],
      [Symbol(listeners)]: [Object],
      [Symbol(listenerOptions)]: [Object],
      [Symbol(mutationObservers)]: [],
      [Symbol(readyStateManager)]: DocumentReadyStateManager {},
      [Symbol(location)]: [Location],
      [Symbol(history)]: History {},
      [Symbol(navigator)]: Navigator {},
      [Symbol(screen)]: [Screen [EventTarget]],
      [Symbol(sessionStorage)]: [Storage],
      [Symbol(localStorage)]: [Storage],
      [Symbol(cookieStore)]: [CookieStore [EventTarget]],
      [Symbol(self)]: [Circular *5],
      [Symbol(top)]: [Circular *5],
      [Symbol(parent)]: [Circular *5],
      [Symbol(window)]: [Circular *5],
      [Symbol(frames)]: [Circular *5],
      [Symbol(internalId)]: 0,
      [Symbol(customElementReactionStack)]: [CustomElementReactionStack],
      [Symbol(modules)]: [Object],
      [Symbol(moduleImportMap)]: null,
      [Symbol(openWebSockets)]: [],
      [Symbol(propertyEventListeners)]: Map(0) {},
      [Symbol(querySelectorCache)]: [Map]
    },
    [Symbol(forms)]: null,
    [Symbol(links)]: null,
    [Symbol(affectsComputedStyleCache)]: [],
    [Symbol(elementIdMap)]: Map(0) {},
    [Symbol(contentType)]: 'text/html',
    [Symbol(xmlProcessingInstruction)]: null,
    [Symbol(preloads)]: Map(0) {},
    [Symbol(propertyEventListeners)]: Map(0) {},
    [Symbol(selection)]: null,
    [Symbol(timeline)]: DocumentTimeline {}
  },
  [Symbol(window)]: <ref *5> GlobalWindow [EventTarget] {
    Node: [class Node extends EventTarget] {
      ELEMENT_NODE: 1,
      ATTRIBUTE_NODE: 2,
      TEXT_NODE: 3,
      CDATA_SECTION_NODE: 4,
      COMMENT_NODE: 8,
      DOCUMENT_NODE: 9,
      DOCUMENT_TYPE_NODE: 10,
      DOCUMENT_FRAGMENT_NODE: 11,
      PROCESSING_INSTRUCTION_NODE: 7,
      DOCUMENT_POSITION_CONTAINED_BY: 16,
      DOCUMENT_POSITION_CONTAINS: 8,
      DOCUMENT_POSITION_DISCONNECTED: 1,
      DOCUMENT_POSITION_FOLLOWING: 4,
      DOCUMENT_POSITION_IMPLEMENTATION_SPECIFIC: 32,
      DOCUMENT_POSITION_PRECEDING: 2
    },
    Attr: [class Attr extends Node],
    ShadowRoot: [class ShadowRoot extends DocumentFragment],
    ProcessingInstruction: [class ProcessingInstruction extends CharacterData],
    Element: [class Element extends Node] {
      [Symbol(tagName)]: null,
      [Symbol(localName)]: null,
      [Symbol(namespaceURI)]: null
    },
    CharacterData: [class CharacterData extends Node],
    DocumentType: [class DocumentType extends Node],
    AnimationTimeline: [class AnimationTimeline],
    DocumentTimeline: [class DocumentTimeline extends AnimationTimeline],
    HTMLAnchorElement: [class HTMLAnchorElement extends HTMLElement],
    HTMLButtonElement: [class HTMLButtonElement extends HTMLElement],
    HTMLOptGroupElement: [class HTMLOptGroupElement extends HTMLElement],
    HTMLOptionElement: [class HTMLOptionElement extends HTMLElement],
    HTMLElement: [class HTMLElement extends Element] {
      observedAttributes: undefined
    },
    HTMLUnknownElement: [class HTMLUnknownElement extends HTMLElement],
    HTMLTemplateElement: [class HTMLTemplateElement extends HTMLElement],
    HTMLInputElement: [class HTMLInputElement extends HTMLElement],
    HTMLSelectElement: [class HTMLSelectElement extends HTMLElement],
    HTMLTextAreaElement: [class HTMLTextAreaElement extends HTMLElement],
    HTMLImageElement: [class HTMLImageElement extends HTMLElement],
    HTMLStyleElement: [class HTMLStyleElement extends HTMLElement],
    HTMLLabelElement: [class HTMLLabelElement extends HTMLElement],
    HTMLSlotElement: [class HTMLSlotElement extends HTMLElement],
    HTMLMetaElement: [class HTMLMetaElement extends HTMLElement],
    HTMLMediaElement: [class HTMLMediaElement extends HTMLElement],
    HTMLAudioElement: [class HTMLAudioElement extends HTMLMediaElement],
    HTMLVideoElement: [class HTMLVideoElement extends HTMLMediaElement],
    HTMLBaseElement: [class HTMLBaseElement extends HTMLElement],
    HTMLDialogElement: [class HTMLDialogElement extends HTMLElement],
    HTMLScriptElement: [class HTMLScriptElement extends HTMLElement],
    HTMLLinkElement: [class HTMLLinkElement extends HTMLElement],
    HTMLIFrameElement: [class HTMLIFrameElement extends HTMLElement],
    HTMLFormElement: [class HTMLFormElement extends HTMLElement],
    HTMLUListElement: [class HTMLUListElement extends HTMLElement],
    HTMLTrackElement: [class HTMLTrackElement extends HTMLElement],
    HTMLTableRowElement: [class HTMLTableRowElement extends HTMLElement],
    HTMLTitleElement: [class HTMLTitleElement extends HTMLElement],
    HTMLTimeElement: [class HTMLTimeElement extends HTMLElement],
    HTMLTableSectionElement: [class HTMLTableSectionElement extends HTMLElement],
    HTMLTableCellElement: [class HTMLTableCellElement extends HTMLElement],
    HTMLTableElement: [class HTMLTableElement extends HTMLElement],
    HTMLSpanElement: [class HTMLSpanElement extends HTMLElement],
    HTMLSourceElement: [class HTMLSourceElement extends HTMLElement],
    HTMLQuoteElement: [class HTMLQuoteElement extends HTMLElement],
    HTMLProgressElement: [class HTMLProgressElement extends HTMLElement],
    HTMLPreElement: [class HTMLPreElement extends HTMLElement],
    HTMLPictureElement: [class HTMLPictureElement extends HTMLElement],
    HTMLParamElement: [class HTMLParamElement extends HTMLElement],
    HTMLParagraphElement: [class HTMLParagraphElement extends HTMLElement],
    HTMLOutputElement: [class HTMLOutputElement extends HTMLElement],
    HTMLOListElement: [class HTMLOListElement extends HTMLElement],
    HTMLObjectElement: [class HTMLObjectElement extends HTMLElement],
    HTMLMeterElement: [class HTMLMeterElement extends HTMLElement],
    HTMLMenuElement: [class HTMLMenuElement extends HTMLElement],
    HTMLMapElement: [class HTMLMapElement extends HTMLElement],
    HTMLLIElement: [class HTMLLIElement extends HTMLElement],
    HTMLLegendElement: [class HTMLLegendElement extends HTMLElement],
    HTMLModElement: [class HTMLModElement extends HTMLElement],
    HTMLHtmlElement: [class HTMLHtmlElement extends HTMLElement],
    HTMLHRElement: [class HTMLHRElement extends HTMLElement],
    HTMLHeadElement: [class HTMLHeadElement extends HTMLElement],
    HTMLHeadingElement: [class HTMLHeadingElement extends HTMLElement],
    HTMLFieldSetElement: [class HTMLFieldSetElement extends HTMLElement],
    HTMLEmbedElement: [class HTMLEmbedElement extends HTMLElement],
    HTMLDListElement: [class HTMLDListElement extends HTMLElement],
    HTMLDivElement: [class HTMLDivElement extends HTMLElement],
    HTMLDetailsElement: [class HTMLDetailsElement extends HTMLElement],
    HTMLDataListElement: [class HTMLDataListElement extends HTMLElement],
    HTMLDataElement: [class HTMLDataElement extends HTMLElement],
    HTMLTableColElement: [class HTMLTableColElement extends HTMLElement],
    HTMLTableCaptionElement: [class HTMLTableCaptionElement extends HTMLElement],
    HTMLCanvasElement: [class HTMLCanvasElement extends HTMLElement],
    HTMLBRElement: [class HTMLBRElement extends HTMLElement],
    HTMLBodyElement: [class HTMLBodyElement extends HTMLElement],
    HTMLAreaElement: [class HTMLAreaElement extends HTMLElement],
    SVGSVGElement: [class SVGSVGElement extends SVGGraphicsElement],
    SVGAnimateElement: [class SVGAnimateElement extends SVGAnimationElement],
    SVGAnimateMotionElement: [class SVGAnimateMotionElement extends SVGAnimationElement],
    SVGAnimateTransformElement: [class SVGAnimateTransformElement extends SVGAnimationElement],
    SVGCircleElement: [class SVGCircleElement extends SVGGeometryElement],
    SVGClipPathElement: [class SVGClipPathElement extends SVGElement],
    SVGDefsElement: [class SVGDefsElement extends SVGGraphicsElement],
    SVGDescElement: [class SVGDescElement extends SVGElement],
    SVGEllipseElement: [class SVGEllipseElement extends SVGGeometryElement],
    SVGFEBlendElement: [class SVGFEBlendElement extends SVGElement] {
      SVG_FEBLEND_MODE_UNKNOWN: 0,
      SVG_FEBLEND_MODE_NORMAL: 1,
      SVG_FEBLEND_MODE_MULTIPLY: 2,
      SVG_FEBLEND_MODE_SCREEN: 3,
      SVG_FEBLEND_MODE_DARKEN: 4,
      SVG_FEBLEND_MODE_LIGHTEN: 5,
      SVG_FEBLEND_MODE_OVERLAY: 6,
      SVG_FEBLEND_MODE_COLOR_DODGE: 7,
      SVG_FEBLEND_MODE_COLOR_BURN: 8,
      SVG_FEBLEND_MODE_HARD_LIGHT: 9,
      SVG_FEBLEND_MODE_SOFT_LIGHT: 10,
      SVG_FEBLEND_MODE_DIFFERENCE: 11,
      SVG_FEBLEND_MODE_EXCLUSION: 12,
      SVG_FEBLEND_MODE_HUE: 13,
      SVG_FEBLEND_MODE_SATURATION: 14,
      SVG_FEBLEND_MODE_COLOR: 15,
      SVG_FEBLEND_MODE_LUMINOSITY: 16
    },
    SVGFEColorMatrixElement: [class SVGFEColorMatrixElement extends SVGElement] {
      SVG_FEBLEND_TYPE_UNKNOWN: 0,
      SVG_FEBLEND_TYPE_MATRIX: 1,
      SVG_FEBLEND_TYPE_SATURATE: 2,
      SVG_FEBLEND_TYPE_HUEROTATE: 3,
      SVG_FEBLEND_TYPE_LUMINANCETOALPHA: 4
    },
    SVGFEComponentTransferElement: [class SVGFEComponentTransferElement extends SVGElement],
    SVGFECompositeElement: [class SVGFECompositeElement extends SVGElement] {
      SVG_FECOMPOSITE_OPERATOR_UNKNOWN: 0,
      SVG_FECOMPOSITE_OPERATOR_OVER: 1,
      SVG_FECOMPOSITE_OPERATOR_IN: 2,
      SVG_FECOMPOSITE_OPERATOR_OUT: 3,
      SVG_FECOMPOSITE_OPERATOR_ATOP: 4,
      SVG_FECOMPOSITE_OPERATOR_XOR: 5,
      SVG_FECOMPOSITE_OPERATOR_ARITHMETIC: 6
    },
    SVGFEConvolveMatrixElement: [class SVGFEConvolveMatrixElement extends SVGElement] {
      SVG_EDGEMODE_UNKNOWN: 0,
      SVG_EDGEMODE_DUPLICATE: 1,
      SVG_EDGEMODE_WRAP: 2,
      SVG_EDGEMODE_NONE: 3
    },
    SVGFEDiffuseLightingElement: [class SVGFEDiffuseLightingElement extends SVGElement],
    SVGFEDisplacementMapElement: [class SVGFEDisplacementMapElement extends SVGElement] {
      SVG_CHANNEL_UNKNOWN: 0,
      SVG_CHANNEL_R: 1,
      SVG_CHANNEL_G: 2,
      SVG_CHANNEL_B: 3,
      SVG_CHANNEL_A: 4
    },
    SVGFEDistantLightElement: [class SVGFEDistantLightElement extends SVGElement],
    SVGFEDropShadowElement: [class SVGFEDropShadowElement extends SVGElement],
    SVGFEFloodElement: [class SVGFEFloodElement extends SVGElement],
    SVGFEFuncAElement: [class SVGFEFuncAElement extends SVGComponentTransferFunctionElement],
    SVGFEFuncBElement: [class SVGFEFuncBElement extends SVGComponentTransferFunctionElement],
    SVGFEFuncGElement: [class SVGFEFuncGElement extends SVGComponentTransferFunctionElement],
    SVGFEFuncRElement: [class SVGFEFuncRElement extends SVGComponentTransferFunctionElement],
    SVGFEGaussianBlurElement: [class SVGFEGaussianBlurElement extends SVGElement] {
      SVG_EDGEMODE_UNKNOWN: 0,
      SVG_EDGEMODE_DUPLICATE: 1,
      SVG_EDGEMODE_WRAP: 2,
      SVG_EDGEMODE_NONE: 3
    },
    SVGFEImageElement: [class SVGFEImageElement extends SVGElement],
    SVGFEMergeElement: [class SVGFEMergeElement extends SVGElement],
    SVGFEMergeNodeElement: [class SVGFEMergeNodeElement extends SVGElement],
    SVGFEMorphologyElement: [class SVGFEMorphologyElement extends SVGElement] {
      SVG_MORPHOLOGY_OPERATOR_UNKNOWN: 0,
      SVG_MORPHOLOGY_OPERATOR_ERODE: 1,
      SVG_MORPHOLOGY_OPERATOR_DILATE: 2
    },
    SVGFEOffsetElement: [class SVGFEOffsetElement extends SVGElement],
    SVGFEPointLightElement: [class SVGFEPointLightElement extends SVGElement],
    SVGFESpecularLightingElement: [class SVGFESpecularLightingElement extends SVGElement],
    SVGFESpotLightElement: [class SVGFESpotLightElement extends SVGElement],
    SVGFETileElement: [class SVGFETileElement extends SVGElement],
    SVGFETurbulenceElement: [class SVGFETurbulenceElement extends SVGElement] {
      SVG_TURBULENCE_TYPE_UNKNOWN: 0,
      SVG_TURBULENCE_TYPE_FRACTALNOISE: 1,
      SVG_TURBULENCE_TYPE_TURBULENCE: 2,
      SVG_STITCHTYPE_UNKNOWN: 0,
      SVG_STITCHTYPE_STITCH: 1,
      SVG_STITCHTYPE_NOSTITCH: 2
    },
    SVGFilterElement: [class SVGFilterElement extends SVGElement],
    SVGForeignObjectElement: [class SVGForeignObjectElement extends SVGGraphicsElement],
    SVGGElement: [class SVGGElement extends SVGGraphicsElement],
    SVGImageElement: [class SVGImageElement extends SVGGraphicsElement],
    SVGLineElement: [class SVGLineElement extends SVGGeometryElement],
    SVGLinearGradientElement: [class SVGLinearGradientElement extends SVGGradientElement],
    SVGMarkerElement: [class SVGMarkerElement extends SVGElement] {
      SVG_MARKER_ORIENT_UNKNOWN: 0,
      SVG_MARKER_ORIENT_AUTO: 1,
      SVG_MARKER_ORIENT_ANGLE: 2,
      SVG_MARKERUNITS_UNKNOWN: 0,
      SVG_MARKERUNITS_USERSPACEONUSE: 1,
      SVG_MARKERUNITS_STROKEWIDTH: 2
    },
    SVGMaskElement: [class SVGMaskElement extends SVGElement],
    SVGMetadataElement: [class SVGMetadataElement extends SVGElement],
    SVGMPathElement: [class SVGMPathElement extends SVGElement],
    SVGPathElement: [class SVGPathElement extends SVGGeometryElement],
    SVGPatternElement: [class SVGPatternElement extends SVGElement],
    SVGPolygonElement: [class SVGPolygonElement extends SVGGeometryElement],
    SVGPolylineElement: [class SVGPolylineElement extends SVGGeometryElement],
    SVGRadialGradientElement: [class SVGRadialGradientElement extends SVGGradientElement],
    SVGRectElement: [class SVGRectElement extends SVGGeometryElement],
    SVGScriptElement: [class SVGScriptElement extends SVGGraphicsElement],
    SVGSetElement: [class SVGSetElement extends SVGAnimationElement],
    SVGStopElement: [class SVGStopElement extends SVGElement],
    SVGStyleElement: [class SVGStyleElement extends SVGElement],
    SVGSwitchElement: [class SVGSwitchElement extends SVGGraphicsElement],
    SVGSymbolElement: [class SVGSymbolElement extends SVGGraphicsElement],
    SVGTextElement: [class SVGTextElement extends SVGTextPositioningElement],
    SVGTextPathElement: [class SVGTextPathElement extends SVGTextContentElement] {
      TEXTPATH_METHODTYPE_UNKNOWN: 0,
      TEXTPATH_METHODTYPE_ALIGN: 1,
      TEXTPATH_METHODTYPE_STRETCH: 2,
      TEXTPATH_SPACINGTYPE_UNKNOWN: 0,
      TEXTPATH_SPACINGTYPE_AUTO: 1,
      TEXTPATH_SPACINGTYPE_EXACT: 2
    },
    SVGTitleElement: [class SVGTitleElement extends SVGElement],
    SVGTSpanElement: [class SVGTSpanElement extends SVGTextPositioningElement],
    SVGUseElement: [class SVGUseElement extends SVGGraphicsElement],
    SVGViewElement: [class SVGViewElement extends SVGElement],
    SVGElement: [class SVGElement extends Element],
    SVGAnimationElement: [class SVGAnimationElement extends SVGElement],
    SVGComponentTransferFunctionElement: [class SVGComponentTransferFunctionElement extends SVGElement] {
      SVG_FECOMPONENTTRANSFER_TYPE_UNKNOWN: 0,
      SVG_FECOMPONENTTRANSFER_TYPE_IDENTITY: 1,
      SVG_FECOMPONENTTRANSFER_TYPE_TABLE: 2,
      SVG_FECOMPONENTTRANSFER_TYPE_DISCRETE: 3,
      SVG_FECOMPONENTTRANSFER_TYPE_LINEAR: 4,
      SVG_FECOMPONENTTRANSFER_TYPE_GAMMA: 5
    },
    SVGGeometryElement: [class SVGGeometryElement extends SVGGraphicsElement],
    SVGGradientElement: [class SVGGradientElement extends SVGGraphicsElement] {
      SVG_SPREADMETHOD_UNKNOWN: 0,
      SVG_SPREADMETHOD_PAD: 1,
      SVG_SPREADMETHOD_REFLECT: 2,
      SVG_SPREADMETHOD_REPEAT: 3
    },
    SVGTextPositioningElement: [class SVGTextPositioningElement extends SVGTextContentElement],
    SVGGraphicsElement: [class SVGGraphicsElement extends SVGElement],
    Event: [class Event] {
      NONE: 0,
      CAPTURING_PHASE: 1,
      AT_TARGET: 2,
      BUBBLING_PHASE: 3
    },
    UIEvent: [class UIEvent extends Event] {
      NONE: 0,
      CAPTURING_PHASE: 1,
      AT_TARGET: 2,
      BUBBLING_PHASE: 3
    },
    CustomEvent: [class CustomEvent extends Event],
    CloseEvent: [class CloseEvent extends Event],
    AnimationEvent: [class AnimationEvent extends Event],
    KeyboardEvent: [class KeyboardEvent extends UIEvent] {
      DOM_KEY_LOCATION_STANDARD: 0,
      DOM_KEY_LOCATION_LEFT: 1,
      DOM_KEY_LOCATION_RIGHT: 2,
      DOM_KEY_LOCATION_NUMPAD: 3
    },
    MessageEvent: [class MessageEvent extends Event],
    MouseEvent: [class MouseEvent extends UIEvent],
    PointerEvent: [class PointerEvent extends MouseEvent],
    FocusEvent: [class FocusEvent extends UIEvent],
    WheelEvent: [class WheelEvent extends UIEvent] {
      DOM_DELTA_PIXEL: 0,
      DOM_DELTA_LINE: 1,
      DOM_DELTA_PAGE: 2
    },
    InputEvent: [class InputEvent extends UIEvent],
    ErrorEvent: [class ErrorEvent extends UIEvent],
    StorageEvent: [class StorageEvent extends Event],
    SubmitEvent: [class SubmitEvent extends Event],
    ProgressEvent: [class ProgressEvent extends Event],
    MediaQueryListEvent: [class MediaQueryListEvent extends Event],
    HashChangeEvent: [class HashChangeEvent extends Event],
    ClipboardEvent: [class ClipboardEvent extends Event],
    CookieChangeEvent: [class CookieChangeEvent extends Event],
    TouchEvent: [class TouchEvent extends UIEvent],
    PopStateEvent: [class PopStateEvent extends Event],
    Touch: [class Touch],
    AudioProcessingEvent: [class Event] {
      NONE: 0,
      CAPTURING_PHASE: 1,
      AT_TARGET: 2,
      BUBBLING_PHASE: 3
    },
    BeforeInputEvent: [class Event] {
      NONE: 0,
      CAPTURING_PHASE: 1,
      AT_TARGET: 2,
      BUBBLING_PHASE: 3
    },
    BeforeUnloadEvent: [class Event] {
      NONE: 0,
      CAPTURING_PHASE: 1,
      AT_TARGET: 2,
      BUBBLING_PHASE: 3
    },
    BlobEvent: [class Event] {
      NONE: 0,
      CAPTURING_PHASE: 1,
      AT_TARGET: 2,
      BUBBLING_PHASE: 3
    },
    CompositionEvent: [class Event] {
      NONE: 0,
      CAPTURING_PHASE: 1,
      AT_TARGET: 2,
      BUBBLING_PHASE: 3
    },
    CSSFontFaceLoadEvent: [class Event] {
      NONE: 0,
      CAPTURING_PHASE: 1,
      AT_TARGET: 2,
      BUBBLING_PHASE: 3
    },
    DeviceLightEvent: [class Event] {
      NONE: 0,
      CAPTURING_PHASE: 1,
      AT_TARGET: 2,
      BUBBLING_PHASE: 3
    },
    DeviceMotionEvent: [class Event] {
      NONE: 0,
      CAPTURING_PHASE: 1,
      AT_TARGET: 2,
      BUBBLING_PHASE: 3
    },
    DeviceOrientationEvent: [class Event] {
      NONE: 0,
      CAPTURING_PHASE: 1,
      AT_TARGET: 2,
      BUBBLING_PHASE: 3
    },
    DeviceProximityEvent: [class Event] {
      NONE: 0,
      CAPTURING_PHASE: 1,
      AT_TARGET: 2,
      BUBBLING_PHASE: 3
    },
    DOMTransactionEvent: [class Event] {
      NONE: 0,
      CAPTURING_PHASE: 1,
      AT_TARGET: 2,
      BUBBLING_PHASE: 3
    },
    DragEvent: [class Event] {
      NONE: 0,
      CAPTURING_PHASE: 1,
      AT_TARGET: 2,
      BUBBLING_PHASE: 3
    },
    EditingBeforeInputEvent: [class Event] {
      NONE: 0,
      CAPTURING_PHASE: 1,
      AT_TARGET: 2,
      BUBBLING_PHASE: 3
    },
    FetchEvent: [class Event] {
      NONE: 0,
      CAPTURING_PHASE: 1,
      AT_TARGET: 2,
      BUBBLING_PHASE: 3
    },
    GamepadEvent: [class Event] {
      NONE: 0,
      CAPTURING_PHASE: 1,
      AT_TARGET: 2,
      BUBBLING_PHASE: 3
    },
    IDBVersionChangeEvent: [class Event] {
      NONE: 0,
      CAPTURING_PHASE: 1,
      AT_TARGET: 2,
      BUBBLING_PHASE: 3
    },
    MediaStreamEvent: [class Event] {
      NONE: 0,
      CAPTURING_PHASE: 1,
      AT_TARGET: 2,
      BUBBLING_PHASE: 3
    },
    MutationEvent: [class Event] {
      NONE: 0,
      CAPTURING_PHASE: 1,
      AT_TARGET: 2,
      BUBBLING_PHASE: 3
    },
    OfflineAudioCompletionEvent: [class Event] {
      NONE: 0,
      CAPTURING_PHASE: 1,
      AT_TARGET: 2,
      BUBBLING_PHASE: 3
    },
    OverconstrainedError: [class Event] {
      NONE: 0,
      CAPTURING_PHASE: 1,
      AT_TARGET: 2,
      BUBBLING_PHASE: 3
    },
    PageTransitionEvent: [class Event] {
      NONE: 0,
      CAPTURING_PHASE: 1,
      AT_TARGET: 2,
      BUBBLING_PHASE: 3
    },
    PaymentRequestUpdateEvent: [class Event] {
      NONE: 0,
      CAPTURING_PHASE: 1,
      AT_TARGET: 2,
      BUBBLING_PHASE: 3
    },
    RelatedEvent: [class Event] {
      NONE: 0,
      CAPTURING_PHASE: 1,
      AT_TARGET: 2,
      BUBBLING_PHASE: 3
    },
    RTCDataChannelEvent: [class Event] {
      NONE: 0,
      CAPTURING_PHASE: 1,
      AT_TARGET: 2,
      BUBBLING_PHASE: 3
    },
    RTCIdentityErrorEvent: [class Event] {
      NONE: 0,
      CAPTURING_PHASE: 1,
      AT_TARGET: 2,
      BUBBLING_PHASE: 3
    },
    RTCIdentityEvent: [class Event] {
      NONE: 0,
      CAPTURING_PHASE: 1,
      AT_TARGET: 2,
      BUBBLING_PHASE: 3
    },
    RTCPeerConnectionIceEvent: [class Event] {
      NONE: 0,
      CAPTURING_PHASE: 1,
      AT_TARGET: 2,
      BUBBLING_PHASE: 3
    },
    SensorEvent: [class Event] {
      NONE: 0,
      CAPTURING_PHASE: 1,
      AT_TARGET: 2,
      BUBBLING_PHASE: 3
    },
    SVGEvent: [class Event] {
      NONE: 0,
      CAPTURING_PHASE: 1,
      AT_TARGET: 2,
      BUBBLING_PHASE: 3
    },
    SVGZoomEvent: [class Event] {
      NONE: 0,
      CAPTURING_PHASE: 1,
      AT_TARGET: 2,
      BUBBLING_PHASE: 3
    },
    TimeEvent: [class Event] {
      NONE: 0,
      CAPTURING_PHASE: 1,
      AT_TARGET: 2,
      BUBBLING_PHASE: 3
    },
    TrackEvent: [class Event] {
      NONE: 0,
      CAPTURING_PHASE: 1,
      AT_TARGET: 2,
      BUBBLING_PHASE: 3
    },
    TransitionEvent: [class Event] {
      NONE: 0,
      CAPTURING_PHASE: 1,
      AT_TARGET: 2,
      BUBBLING_PHASE: 3
    },
    UserProximityEvent: [class Event] {
      NONE: 0,
      CAPTURING_PHASE: 1,
      AT_TARGET: 2,
      BUBBLING_PHASE: 3
    },
    WebGLContextEvent: [class Event] {
      NONE: 0,
      CAPTURING_PHASE: 1,
      AT_TARGET: 2,
      BUBBLING_PHASE: 3
    },
    TextEvent: [class Event] {
      NONE: 0,
      CAPTURING_PHASE: 1,
      AT_TARGET: 2,
      BUBBLING_PHASE: 3
    },
    Permissions: [class Permissions],
    History: [class History],
    Navigator: [class Navigator],
    Clipboard: [class Clipboard],
    TimeRanges: [class TimeRanges],
    TextTrackCueList: [class TextTrackCueList extends Array],
    ValidityState: [class ValidityState],
    MutationRecord: [class MutationRecord],
    IntersectionObserver: [class IntersectionObserver],
    IntersectionObserverEntry: [class IntersectionObserverEntry],
    CSSStyleDeclaration: [class CSSStyleDeclaration],
    CSSRule: [class CSSRule] {
      CONTAINER_RULE: 0,
      STYLE_RULE: 1,
      IMPORT_RULE: 3,
      MEDIA_RULE: 4,
      FONT_FACE_RULE: 5,
      PAGE_RULE: 6,
      KEYFRAMES_RULE: 7,
      KEYFRAME_RULE: 8,
      NAMESPACE_RULE: 10,
      COUNTER_STYLE_RULE: 11,
      SUPPORTS_RULE: 12,
      DOCUMENT_RULE: 13,
      FONT_FEATURE_VALUES_RULE: 14,
      REGION_STYLE_RULE: 16
    },
    CSSContainerRule: [class CSSContainerRule extends CSSConditionRule],
    CSSFontFaceRule: [class CSSFontFaceRule extends CSSRule],
    CSSKeyframeRule: [class CSSKeyframeRule extends CSSRule],
    CSSKeyframesRule: [class CSSKeyframesRule extends CSSRule],
    CSSMediaRule: [class CSSMediaRule extends CSSConditionRule],
    CSSStyleRule: [class CSSStyleRule extends CSSGroupingRule],
    CSSSupportsRule: [class CSSSupportsRule extends CSSConditionRule],
    CSSConditionRule: [class CSSConditionRule extends CSSGroupingRule],
    CSSGroupingRule: [class CSSGroupingRule extends CSSRule],
    CSSScopeRule: [class CSSScopeRule extends CSSGroupingRule],
    DOMRect: [class DOMRect extends DOMRectReadOnly],
    DOMRectReadOnly: [class DOMRectReadOnly],
    Plugin: [class Plugin],
    PluginArray: [class PluginArray],
    Location: [class Location],
    CustomElementRegistry: [class CustomElementRegistry],
    ResizeObserver: [class ResizeObserver],
    Blob: [class Blob],
    File: [class File extends Blob],
    Storage: [class Storage],
    CookieStore: [class CookieStore extends EventTarget],
    MimeType: [class MimeType],
    MimeTypeArray: [class MimeTypeArray],
    NodeFilter: {
      FILTER_ACCEPT: 1,
      FILTER_REJECT: 2,
      FILTER_SKIP: 3,
      SHOW_ALL: -1,
      SHOW_ELEMENT: 1,
      SHOW_ATTRIBUTE: 2,
      SHOW_TEXT: 4,
      SHOW_CDATA_SECTION: 8,
      SHOW_ENTITY_REFERENCE: 16,
      SHOW_ENTITY: 32,
      SHOW_PROCESSING_INSTRUCTION: 64,
      SHOW_COMMENT: 128,
      SHOW_DOCUMENT: 256,
      SHOW_DOCUMENT_TYPE: 512,
      SHOW_DOCUMENT_FRAGMENT: 1024,
      SHOW_NOTATION: 2048
    },
    ImageBitmap: [class ImageBitmap],
    HTMLCollection: [class HTMLCollection],
    HTMLFormControlCollection: [class HTMLFormControlsCollection extends HTMLCollection],
    HTMLOptionsCollection: [class HTMLOptionsCollection extends HTMLCollection],
    NodeList: [class NodeList],
    RadioNodeList: [class RadioNodeList extends NodeList],
    FileList: [class FileList extends Array],
    Screen: [class Screen extends EventTarget],
    ScreenDetails: [class ScreenDetails extends EventTarget],
    ScreenDetailed: [class ScreenDetailed extends Screen],
    NamedNodeMap: [class NamedNodeMap],
    TreeWalker: [class TreeWalker],
    NodeIterator: [class NodeIterator],
    DataTransfer: [class DataTransfer],
    DataTransferItem: [class DataTransferItem],
    DataTransferItemList: [class DataTransferItemList extends Array],
    XMLSerializer: [class XMLSerializer],
    ClipboardItem: [class ClipboardItem],
    Selection: [class Selection],
    CSSUnitValue: [class CSSUnitValue],
    SVGAngle: [class SVGAngle] {
      SVG_ANGLETYPE_UNKNOWN: 0,
      SVG_ANGLETYPE_UNSPECIFIED: 1,
      SVG_ANGLETYPE_DEG: 2,
      SVG_ANGLETYPE_RAD: 3,
      SVG_ANGLETYPE_GRAD: 4
    },
    SVGAnimatedAngle: [class SVGAnimatedAngle],
    SVGAnimatedBoolean: [class SVGAnimatedBoolean],
    SVGAnimatedEnumeration: [class SVGAnimatedEnumeration],
    SVGAnimatedInteger: [class SVGAnimatedInteger],
    SVGAnimatedLength: [class SVGAnimatedLength],
    SVGAnimatedNumber: [class SVGAnimatedNumber],
    SVGAnimatedNumberList: [class SVGAnimatedNumberList],
    SVGAnimatedPreserveAspectRatio: [class SVGAnimatedPreserveAspectRatio],
    SVGAnimatedRect: [class SVGAnimatedRect],
    SVGAnimatedString: [class SVGAnimatedString],
    SVGAnimatedTransformList: [class SVGAnimatedTransformList],
    SVGLength: [class SVGLength] {
      SVG_LENGTHTYPE_UNKNOWN: 0,
      SVG_LENGTHTYPE_NUMBER: 1,
      SVG_LENGTHTYPE_PERCENTAGE: 2,
      SVG_LENGTHTYPE_EMS: 3,
      SVG_LENGTHTYPE_EXS: 4,
      SVG_LENGTHTYPE_PX: 5,
      SVG_LENGTHTYPE_CM: 6,
      SVG_LENGTHTYPE_MM: 7,
      SVG_LENGTHTYPE_IN: 8,
      SVG_LENGTHTYPE_PT: 9,
      SVG_LENGTHTYPE_PC: 10
    },
    SVGLengthList: [class SVGLengthList],
    SVGMatrix: [class SVGMatrix],
    SVGNumber: [class SVGNumber],
    SVGNumberList: [class SVGNumberList],
    SVGPoint: [class SVGPoint],
    SVGPointList: [class SVGPointList],
    SVGPreserveAspectRatio: [class SVGPreserveAspectRatio] {
      SVG_MEETORSLICE_UNKNOWN: 0,
      SVG_MEETORSLICE_MEET: 1,
      SVG_MEETORSLICE_SLICE: 2,
      SVG_PRESERVEASPECTRATIO_UNKNOWN: 0,
      SVG_PRESERVEASPECTRATIO_NONE: 1,
      SVG_PRESERVEASPECTRATIO_XMINYMIN: 2,
      SVG_PRESERVEASPECTRATIO_XMIDYMIN: 3,
      SVG_PRESERVEASPECTRATIO_XMAXYMIN: 4,
      SVG_PRESERVEASPECTRATIO_XMINYMID: 5,
      SVG_PRESERVEASPECTRATIO_XMIDYMID: 6,
      SVG_PRESERVEASPECTRATIO_XMAXYMID: 7,
      SVG_PRESERVEASPECTRATIO_XMINYMAX: 8,
      SVG_PRESERVEASPECTRATIO_XMIDYMAX: 9,
      SVG_PRESERVEASPECTRATIO_XMAXYMAX: 10
    },
    SVGRect: [class SVGRect],
    SVGStringList: [class SVGStringList],
    SVGTransform: [class SVGTransform] {
      SVG_TRANSFORM_UNKNOWN: 0,
      SVG_TRANSFORM_MATRIX: 1,
      SVG_TRANSFORM_TRANSLATE: 2,
      SVG_TRANSFORM_SCALE: 3,
      SVG_TRANSFORM_ROTATE: 4,
      SVG_TRANSFORM_SKEWX: 5,
      SVG_TRANSFORM_SKEWY: 6
    },
    SVGTransformList: [class SVGTransformList],
    SVGAnimatedLengthList: [class SVGAnimatedLengthList],
    SVGUnitTypes: [class SVGUnitTypes] {
      SVG_UNIT_TYPE_UNKNOWN: 0,
      SVG_UNIT_TYPE_USERSPACEONUSE: 1,
      SVG_UNIT_TYPE_OBJECTBOUNDINGBOX: 2
    },
    StylePropertyMap: [class StylePropertyMap extends StylePropertyMapReadOnly],
    StylePropertyMapReadOnly: [class StylePropertyMapReadOnly],
    MediaList: [class MediaList],
    CSSKeywordValue: [class CSSKeywordValue],
    CSSStyleValue: [class CSSStyleValue],
    Window: [class GlobalWindow extends Window],
    URLSearchParams: [class URLSearchParams],
    WritableStream: [Function: Writable] {
      WritableState: [Function: WritableState],
      fromWeb: [Function (anonymous)],
      toWeb: [Function (anonymous)]
    },
    ReadableStream: [class ReadableStream],
    TransformStream: [Function: Transform],
    PerformanceObserver: [class PerformanceObserver],
    PerformanceEntry: [class PerformanceEntry],
    PerformanceObserverEntryList: [class PerformanceObserverEntryList],
    document: <ref *4> HTMLDocument {
      defaultView: [Getter],
      _reactListening7defm8ungkm: true,
      [Symbol(listeners)]: [Object],
      [Symbol(listenerOptions)]: [Object],
      [Symbol(isConnected)]: true,
      [Symbol(parentNode)]: null,
      [Symbol(rootNode)]: [Circular *4],
      [Symbol(styleNode)]: null,
      [Symbol(textAreaNode)]: null,
      [Symbol(formNode)]: null,
      [Symbol(selectNode)]: null,
      [Symbol(mutationListeners)]: [],
      [Symbol(nodeArray)]: [Array],
      [Symbol(elementArray)]: [Array],
      [Symbol(childNodes)]: null,
      [Symbol(assignedToSlot)]: null,
      [Symbol(cache)]: [Object],
      [Symbol(affectsCache)]: [Array],
      [Symbol(ownerDocument)]: null,
      [Symbol(children)]: null,
      [Symbol(activeElement)]: null,
      [Symbol(nextActiveElement)]: null,
      [Symbol(currentScript)]: null,
      [Symbol(isFirstWrite)]: true,
      [Symbol(isFirstWriteAfterOpen)]: false,
      [Symbol(nodeType)]: 9,
      [Symbol(adoptedStyleSheets)]: [],
      [Symbol(implementation)]: DOMImplementation {},
      [Symbol(readyState)]: 'complete',
      [Symbol(referrer)]: '',
      [Symbol(defaultView)]: [Circular *5],
      [Symbol(forms)]: null,
      [Symbol(links)]: null,
      [Symbol(affectsComputedStyleCache)]: [],
      [Symbol(elementIdMap)]: Map(0) {},
      [Symbol(contentType)]: 'text/html',
      [Symbol(xmlProcessingInstruction)]: null,
      [Symbol(preloads)]: Map(0) {},
      [Symbol(propertyEventListeners)]: Map(0) {},
      [Symbol(selection)]: null,
      [Symbol(timeline)]: DocumentTimeline {}
    },
    customElements: CustomElementRegistry {
      [Symbol(registry)]: Map(0) {},
      [Symbol(classRegistry)]: Map(0) {},
      [Symbol(callbacks)]: Map(0) {},
      [Symbol(destroyed)]: false
    },
    window: [Circular *5],
    globalThis: [Circular *5],
    performance: Performance {
      nodeTiming: PerformanceNodeTiming {
        name: 'node',
        entryType: 'node',
        startTime: 0,
        duration: 3336.269917011261,
        nodeStart: 3.738124966621399,
        v8Start: 15.210291981697083,
        bootstrapComplete: 48.53162491321564,
        environment: 25.43879199028015,
        loopStart: 55.90637493133545,
        loopExit: -1,
        idleTime: 404.456123
      },
      timeOrigin: 1788639034068.654
    },
    screenLeft: 0,
    screenTop: 0,
    screenX: 0,
    screenY: 0,
    crypto: Crypto {},
    TextEncoder: [class TextEncoder],
    TextDecoder: [class TextDecoder],
    closed: false,
    console: Console [console] {
      log: [Function: log],
      warn: [Function: warn],
      dir: [Function: dir],
      time: [Function: time],
      timeEnd: [Function: timeEnd],
      timeLog: [Function: timeLog],
      trace: [Function: trace],
      assert: [Function: assert],
      clear: [Function: clear],
      count: [Function: count],
      countReset: [Function: countReset],
      group: [Function: group],
      groupEnd: [Function: groupEnd],
      table: [Function: table],
      debug: [Function: debug],
      info: [Function: info],
      dirxml: [Function: dirxml],
      error: [Function: error],
      groupCollapsed: [Function: groupCollapsed]
    },
    name: '',
    Buffer: [Function: Buffer] {
      poolSize: 8192,
      from: [Function: from],
      copyBytesFrom: [Function: copyBytesFrom],
      of: [Function: of],
      alloc: [Function: alloc],
      allocUnsafe: [Function: allocUnsafe],
      allocUnsafeSlow: [Function: allocUnsafeSlow],
      isBuffer: [Function: isBuffer],
      compare: [Function: compare],
      isEncoding: [Function: isEncoding],
      concat: [Function: concat],
      byteLength: [Function: byteLength],
      [Symbol(kIsEncodingSymbol)]: [Function: isEncoding]
    },
    Document: [class Document extends Document],
    HTMLDocument: [class HTMLDocument extends HTMLDocument],
    XMLDocument: [class XMLDocument extends XMLDocument],
    DocumentFragment: [class DocumentFragment extends DocumentFragment],
    Text: [class Text extends Text],
    Comment: [class Comment extends Comment],
    Image: [class Image extends Image],
    Audio: [class Audio extends Audio],
    MutationObserver: [class MutationObserver extends MutationObserver],
    MessagePort: [class MessagePort extends MessagePort],
    CSSStyleSheet: [class CSSStyleSheet extends CSSStyleSheet],
    DOMException: [class DOMException extends DOMException],
    Headers: [class Headers extends Headers],
    Request: [class Request extends Request],
    Response: [class Response extends Response] {
      [Symbol(window)]: [Circular *5]
    },
    EventTarget: [class EventTarget extends EventTarget],
    XMLHttpRequestUpload: [class XMLHttpRequestUpload extends XMLHttpRequestUpload],
    XMLHttpRequestEventTarget: [class XMLHttpRequestEventTarget extends XMLHttpRequestEventTarget],
    AbortController: [class AbortController extends AbortController],
    AbortSignal: [class AbortSignal extends AbortSignal] {
      [Symbol(window)]: [Circular *5]
    },
    FormData: [class FormData extends FormData],
    PermissionStatus: [class PermissionStatus extends PermissionStatus],
    XMLHttpRequest: [class XMLHttpRequest extends XMLHttpRequest],
    DOMParser: [class DOMParser extends DOMParser],
    Range: [class Range extends Range],
    VTTCue: [class VTTCue extends VTTCue],
    TextTrack: [class TextTrack extends TextTrack],
    TextTrackList: [class TextTrackList extends TextTrackList],
    TextTrackCue: [class TextTrackCue extends TextTrackCue],
    RemotePlayback: [class RemotePlayback extends RemotePlayback],
    FileReader: [class FileReader extends FileReader],
    MediaStream: [class MediaStream extends MediaStream],
    MediaStreamTrack: [class MediaStreamTrack extends MediaStreamTrack],
    CanvasCaptureMediaStreamTrack: [class CanvasCaptureMediaStreamTrack extends CanvasCaptureMediaStreamTrack],
    URL: [class URL extends URL],
    WebSocket: [class WebSocket extends WebSocket],
    ImageData: [class ImageData extends ImageData],
    OffscreenCanvas: [class OffscreenCanvas extends OffscreenCanvas],
    DOMMatrixReadOnly: [class DOMMatrixReadOnly extends DOMMatrixReadOnly],
    DOMMatrix: [class DOMMatrix extends DOMMatrix],
    DOMPointReadOnly: [class DOMPointReadOnly extends DOMPointReadOnly],
    DOMPoint: [class DOMPoint extends DOMPoint],
    Animation: [class Animation extends Animation],
    KeyframeEffect: [class KeyframeEffect extends KeyframeEffect],
    happyDOM: DetachedWindowAPI {},
    Array: [Function: Array],
    ArrayBuffer: [Function: ArrayBuffer],
    Boolean: [Function: Boolean],
    DataView: [Function: DataView],
    Date: [Function: Date],
    Error: [Function: Error] {
      stackTraceLimit: 10,
      prepareStackTrace: [Function: prepareStackTrace]
    },
    EvalError: [Function: EvalError],
    Float32Array: [Function: Float32Array],
    Float64Array: [Function: Float64Array],
    Function: [Function: Function],
    Infinity: Infinity,
    Int16Array: [Function: Int16Array],
    Int32Array: [Function: Int32Array],
    Int8Array: [Function: Int8Array],
    Intl: Object [Intl] {},
    JSON: Object [JSON] {},
    Map: [Function: Map],
    Math: Object [Math] {},
    NaN: NaN,
    Number: [Function: Number],
    Object: [Function: Object],
    Promise: [Function: Promise],
    RangeError: [Function: RangeError],
    ReferenceError: [Function: ReferenceError],
    RegExp: [Function: RegExp],
    Set: [Function: Set],
    String: [Function: String],
    Symbol: [Function: Symbol] {
      dispose: Symbol(nodejs.dispose),
      asyncDispose: Symbol(nodejs.asyncDispose)
    },
    SyntaxError: [Function: SyntaxError],
    TypeError: [Function: TypeError],
    URIError: [Function: URIError],
    Uint16Array: [Function: Uint16Array],
    Uint32Array: [Function: Uint32Array],
    Uint8Array: [Function: Uint8Array],
    Uint8ClampedArray: [Function: Uint8ClampedArray],
    WeakMap: [Function: WeakMap],
    WeakSet: [Function: WeakSet],
    decodeURI: [Function: decodeURI],
    decodeURIComponent: [Function: decodeURIComponent],
    encodeURI: [Function: encodeURI],
    encodeURIComponent: [Function: encodeURIComponent],
    eval: [Function: eval],
    escape: [Function: escape],
    global: <ref *6> Object [global] {
      global: [Circular *6],
      queueMicrotask: [Function: queueMicrotask],
      clearImmediate: [Function: clearImmediate],
      setImmediate: [Function],
      structuredClone: [Function: structuredClone],
      clearInterval: [Function: clearInterval],
      clearTimeout: [Function: clearTimeout],
      setInterval: [Function: setInterval],
      setTimeout: [Function],
      atob: [Function: atob],
      btoa: [Function: btoa],
      performance: [Performance [EventTarget]],
      fetch: [Getter/Setter],
      suite: [Function],
      test: [Function],
      describe: [Function],
      it: [Function],
      chai: [Object: null prototype] [Module],
      expect: [Function],
      assert: [Function],
      expectTypeOf: [Function: expectTypeOf],
      assertType: [Function: assertType],
      vitest: [Object],
      vi: [Object],
      beforeAll: [Function: beforeAll],
      afterAll: [Function: afterAll],
      beforeEach: [Function: beforeEach],
      afterEach: [Function: afterEach],
      onTestFinished: [Function (anonymous)],
      onTestFailed: [Function (anonymous)],
      __vitest_required__: [Object],
      __vitest_environment__: 'happy-dom',
      window: [Circular *6],
      self: [Circular *6],
      top: [Circular *6],
      parent: [Circular *6],
      IS_REACT_ACT_ENVIRONMENT: true,
      [Symbol(vitest:SAFE_TIMERS)]: [Object]
    },
    isFinite: [Function: isFinite],
    isNaN: [Function: isNaN],
    parseFloat: [Function: parseFloat],
    parseInt: [Function: parseInt],
    undefined: undefined,
    unescape: [Function: unescape],
    [Symbol(listeners)]: { bubbling: [Map], capturing: Map(0) {} },
    [Symbol(listenerOptions)]: { bubbling: [Map], capturing: Map(0) {} },
    [Symbol(mutationObservers)]: [],
    [Symbol(readyStateManager)]: DocumentReadyStateManager {},
    [Symbol(location)]: Location { [Symbol(Symbol.toStringTag)]: 'Location' },
    [Symbol(history)]: History {},
    [Symbol(navigator)]: Navigator {},
    [Symbol(screen)]: Screen [EventTarget] {
      width: 1024,
      height: 768,
      availWidth: 1024,
      availHeight: 768,
      colorDepth: 24,
      pixelDepth: 24,
      onchange: null,
      [Symbol(listeners)]: [Object],
      [Symbol(listenerOptions)]: [Object]
    },
    [Symbol(sessionStorage)]: Storage { [Symbol(data)]: {} },
    [Symbol(localStorage)]: Storage { [Symbol(data)]: {} },
    [Symbol(cookieStore)]: CookieStore [EventTarget] {
      [Symbol(listeners)]: [Object],
      [Symbol(listenerOptions)]: [Object]
    },
    [Symbol(self)]: [Circular *5],
    [Symbol(top)]: [Circular *5],
    [Symbol(parent)]: [Circular *5],
    [Symbol(window)]: [Circular *5],
    [Symbol(frames)]: [Circular *5],
    [Symbol(internalId)]: 0,
    [Symbol(customElementReactionStack)]: CustomElementReactionStack { window: [Circular *5] },
    [Symbol(modules)]: { json: Map(0) {}, css: Map(0) {}, esm: Map(0) {} },
    [Symbol(moduleImportMap)]: null,
    [Symbol(openWebSockets)]: [],
    [Symbol(propertyEventListeners)]: Map(0) {},
    [Symbol(querySelectorCache)]: Map(1) { '[data-testid]' => [Array] }
  },
  [Symbol(classList)]: null,
  [Symbol(isValue)]: null,
  [Symbol(nodeType)]: 1,
  [Symbol(prefix)]: null,
  [Symbol(shadowRoot)]: null,
  [Symbol(scrollHeight)]: 0,
  [Symbol(scrollWidth)]: 0,
  [Symbol(scrollTop)]: 0,
  [Symbol(scrollLeft)]: 0,
  [Symbol(attributes)]: NamedNodeMap {
    [Symbol(itemsByNamespaceURI)]: Map(8) {
      ':data-testid' => [Attr],
      ':alt' => [Attr],
      ':width' => [Attr],
      ':height' => [Attr],
      ':decoding' => [Attr],
      ':data-nimg' => [Attr],
      ':style' => [Attr],
      ':src' => [Attr]
    },
    [Symbol(itemsByName)]: Map(8) {
      'data-testid' => [Array],
      'alt' => [Array],
      'width' => [Array],
      'height' => [Array],
      'decoding' => [Array],
      'data-nimg' => [Array],
      'style' => [Array],
      'src' => [Array]
    },
    [Symbol(items)]: Map(8) {
      ':data-testid' => [Attr],
      ':alt' => [Attr],
      ':width' => [Attr],
      ':height' => [Attr],
      ':decoding' => [Attr],
      ':data-nimg' => [Attr],
      ':style' => [Attr],
      ':src' => [Attr]
    },
    [Symbol(ownerElement)]: [Circular *1]
  },
  [Symbol(attributesProxy)]: null,
  [Symbol(children)]: null,
  [Symbol(computedStyle)]: null,
  [Symbol(pointerCaptures)]: Set(0) {},
  [Symbol(propertyEventListeners)]: Map(0) {},
  [Symbol(animations)]: [],
  [Symbol(tagName)]: 'IMG',
  [Symbol(localName)]: 'img',
  [Symbol(namespaceURI)]: 'http://www.w3.org/1999/xhtml',
  [Symbol(accessKey)]: '',
  [Symbol(offsetHeight)]: 0,
  [Symbol(offsetWidth)]: 0,
  [Symbol(offsetLeft)]: 0,
  [Symbol(offsetTop)]: 0,
  [Symbol(clientHeight)]: 0,
  [Symbol(clientWidth)]: 0,
  [Symbol(clientLeft)]: 0,
  [Symbol(clientTop)]: 0,
  [Symbol(style)]: CSSStyleDeclaration {
    parentRule: null,
    [Symbol(window)]: <ref *5> GlobalWindow [EventTarget] {
      Node: [Function],
      Attr: [class Attr extends Node],
      ShadowRoot: [class ShadowRoot extends DocumentFragment],
      ProcessingInstruction: [class ProcessingInstruction extends CharacterData],
      Element: [Function],
      CharacterData: [class CharacterData extends Node],
      DocumentType: [class DocumentType extends Node],
      AnimationTimeline: [class AnimationTimeline],
      DocumentTimeline: [class DocumentTimeline extends AnimationTimeline],
      HTMLAnchorElement: [class HTMLAnchorElement extends HTMLElement],
      HTMLButtonElement: [class HTMLButtonElement extends HTMLElement],
      HTMLOptGroupElement: [class HTMLOptGroupElement extends HTMLElement],
      HTMLOptionElement: [class HTMLOptionElement extends HTMLElement],
      HTMLElement: [Function],
      HTMLUnknownElement: [class HTMLUnknownElement extends HTMLElement],
      HTMLTemplateElement: [class HTMLTemplateElement extends HTMLElement],
      HTMLInputElement: [class HTMLInputElement extends HTMLElement],
      HTMLSelectElement: [class HTMLSelectElement extends HTMLElement],
      HTMLTextAreaElement: [class HTMLTextAreaElement extends HTMLElement],
      HTMLImageElement: [class HTMLImageElement extends HTMLElement],
      HTMLStyleElement: [class HTMLStyleElement extends HTMLElement],
      HTMLLabelElement: [class HTMLLabelElement extends HTMLElement],
      HTMLSlotElement: [class HTMLSlotElement extends HTMLElement],
      HTMLMetaElement: [class HTMLMetaElement extends HTMLElement],
      HTMLMediaElement: [class HTMLMediaElement extends HTMLElement],
      HTMLAudioElement: [class HTMLAudioElement extends HTMLMediaElement],
      HTMLVideoElement: [class HTMLVideoElement extends HTMLMediaElement],
      HTMLBaseElement: [class HTMLBaseElement extends HTMLElement],
      HTMLDialogElement: [class HTMLDialogElement extends HTMLElement],
      HTMLScriptElement: [class HTMLScriptElement extends HTMLElement],
      HTMLLinkElement: [class HTMLLinkElement extends HTMLElement],
      HTMLIFrameElement: [class HTMLIFrameElement extends HTMLElement],
      HTMLFormElement: [class HTMLFormElement extends HTMLElement],
      HTMLUListElement: [class HTMLUListElement extends HTMLElement],
      HTMLTrackElement: [class HTMLTrackElement extends HTMLElement],
      HTMLTableRowElement: [class HTMLTableRowElement extends HTMLElement],
      HTMLTitleElement: [class HTMLTitleElement extends HTMLElement],
      HTMLTimeElement: [class HTMLTimeElement extends HTMLElement],
      HTMLTableSectionElement: [class HTMLTableSectionElement extends HTMLElement],
      HTMLTableCellElement: [class HTMLTableCellElement extends HTMLElement],
      HTMLTableElement: [class HTMLTableElement extends HTMLElement],
      HTMLSpanElement: [class HTMLSpanElement extends HTMLElement],
      HTMLSourceElement: [class HTMLSourceElement extends HTMLElement],
      HTMLQuoteElement: [class HTMLQuoteElement extends HTMLElement],
      HTMLProgressElement: [class HTMLProgressElement extends HTMLElement],
      HTMLPreElement: [class HTMLPreElement extends HTMLElement],
      HTMLPictureElement: [class HTMLPictureElement extends HTMLElement],
      HTMLParamElement: [class HTMLParamElement extends HTMLElement],
      HTMLParagraphElement: [class HTMLParagraphElement extends HTMLElement],
      HTMLOutputElement: [class HTMLOutputElement extends HTMLElement],
      HTMLOListElement: [class HTMLOListElement extends HTMLElement],
      HTMLObjectElement: [class HTMLObjectElement extends HTMLElement],
      HTMLMeterElement: [class HTMLMeterElement extends HTMLElement],
      HTMLMenuElement: [class HTMLMenuElement extends HTMLElement],
      HTMLMapElement: [class HTMLMapElement extends HTMLElement],
      HTMLLIElement: [class HTMLLIElement extends HTMLElement],
      HTMLLegendElement: [class HTMLLegendElement extends HTMLElement],
      HTMLModElement: [class HTMLModElement extends HTMLElement],
      HTMLHtmlElement: [class HTMLHtmlElement extends HTMLElement],
      HTMLHRElement: [class HTMLHRElement extends HTMLElement],
      HTMLHeadElement: [class HTMLHeadElement extends HTMLElement],
      HTMLHeadingElement: [class HTMLHeadingElement extends HTMLElement],
      HTMLFieldSetElement: [class HTMLFieldSetElement extends HTMLElement],
      HTMLEmbedElement: [class HTMLEmbedElement extends HTMLElement],
      HTMLDListElement: [class HTMLDListElement extends HTMLElement],
      HTMLDivElement: [class HTMLDivElement extends HTMLElement],
      HTMLDetailsElement: [class HTMLDetailsElement extends HTMLElement],
      HTMLDataListElement: [class HTMLDataListElement extends HTMLElement],
      HTMLDataElement: [class HTMLDataElement extends HTMLElement],
      HTMLTableColElement: [class HTMLTableColElement extends HTMLElement],
      HTMLTableCaptionElement: [class HTMLTableCaptionElement extends HTMLElement],
      HTMLCanvasElement: [class HTMLCanvasElement extends HTMLElement],
      HTMLBRElement: [class HTMLBRElement extends HTMLElement],
      HTMLBodyElement: [class HTMLBodyElement extends HTMLElement],
      HTMLAreaElement: [class HTMLAreaElement extends HTMLElement],
      SVGSVGElement: [class SVGSVGElement extends SVGGraphicsElement],
      SVGAnimateElement: [class SVGAnimateElement extends SVGAnimationElement],
      SVGAnimateMotionElement: [class SVGAnimateMotionElement extends SVGAnimationElement],
      SVGAnimateTransformElement: [class SVGAnimateTransformElement extends SVGAnimationElement],
      SVGCircleElement: [class SVGCircleElement extends SVGGeometryElement],
      SVGClipPathElement: [class SVGClipPathElement extends SVGElement],
      SVGDefsElement: [class SVGDefsElement extends SVGGraphicsElement],
      SVGDescElement: [class SVGDescElement extends SVGElement],
      SVGEllipseElement: [class SVGEllipseElement extends SVGGeometryElement],
      SVGFEBlendElement: [Function],
      SVGFEColorMatrixElement: [Function],
      SVGFEComponentTransferElement: [class SVGFEComponentTransferElement extends SVGElement],
      SVGFECompositeElement: [Function],
      SVGFEConvolveMatrixElement: [Function],
      SVGFEDiffuseLightingElement: [class SVGFEDiffuseLightingElement extends SVGElement],
      SVGFEDisplacementMapElement: [Function],
      SVGFEDistantLightElement: [class SVGFEDistantLightElement extends SVGElement],
      SVGFEDropShadowElement: [class SVGFEDropShadowElement extends SVGElement],
      SVGFEFloodElement: [class SVGFEFloodElement extends SVGElement],
      SVGFEFuncAElement: [class SVGFEFuncAElement extends SVGComponentTransferFunctionElement],
      SVGFEFuncBElement: [class SVGFEFuncBElement extends SVGComponentTransferFunctionElement],
      SVGFEFuncGElement: [class SVGFEFuncGElement extends SVGComponentTransferFunctionElement],
      SVGFEFuncRElement: [class SVGFEFuncRElement extends SVGComponentTransferFunctionElement],
      SVGFEGaussianBlurElement: [Function],
      SVGFEImageElement: [class SVGFEImageElement extends SVGElement],
      SVGFEMergeElement: [class SVGFEMergeElement extends SVGElement],
      SVGFEMergeNodeElement: [class SVGFEMergeNodeElement extends SVGElement],
      SVGFEMorphologyElement: [Function],
      SVGFEOffsetElement: [class SVGFEOffsetElement extends SVGElement],
      SVGFEPointLightElement: [class SVGFEPointLightElement extends SVGElement],
      SVGFESpecularLightingElement: [class SVGFESpecularLightingElement extends SVGElement],
      SVGFESpotLightElement: [class SVGFESpotLightElement extends SVGElement],
      SVGFETileElement: [class SVGFETileElement extends SVGElement],
      SVGFETurbulenceElement: [Function],
      SVGFilterElement: [class SVGFilterElement extends SVGElement],
      SVGForeignObjectElement: [class SVGForeignObjectElement extends SVGGraphicsElement],
      SVGGElement: [class SVGGElement extends SVGGraphicsElement],
      SVGImageElement: [class SVGImageElement extends SVGGraphicsElement],
      SVGLineElement: [class SVGLineElement extends SVGGeometryElement],
      SVGLinearGradientElement: [class SVGLinearGradientElement extends SVGGradientElement],
      SVGMarkerElement: [Function],
      SVGMaskElement: [class SVGMaskElement extends SVGElement],
      SVGMetadataElement: [class SVGMetadataElement extends SVGElement],
      SVGMPathElement: [class SVGMPathElement extends SVGElement],
      SVGPathElement: [class SVGPathElement extends SVGGeometryElement],
      SVGPatternElement: [class SVGPatternElement extends SVGElement],
      SVGPolygonElement: [class SVGPolygonElement extends SVGGeometryElement],
      SVGPolylineElement: [class SVGPolylineElement extends SVGGeometryElement],
      SVGRadialGradientElement: [class SVGRadialGradientElement extends SVGGradientElement],
      SVGRectElement: [class SVGRectElement extends SVGGeometryElement],
      SVGScriptElement: [class SVGScriptElement extends SVGGraphicsElement],
      SVGSetElement: [class SVGSetElement extends SVGAnimationElement],
      SVGStopElement: [class SVGStopElement extends SVGElement],
      SVGStyleElement: [class SVGStyleElement extends SVGElement],
      SVGSwitchElement: [class SVGSwitchElement extends SVGGraphicsElement],
      SVGSymbolElement: [class SVGSymbolElement extends SVGGraphicsElement],
      SVGTextElement: [class SVGTextElement extends SVGTextPositioningElement],
      SVGTextPathElement: [Function],
      SVGTitleElement: [class SVGTitleElement extends SVGElement],
      SVGTSpanElement: [class SVGTSpanElement extends SVGTextPositioningElement],
      SVGUseElement: [class SVGUseElement extends SVGGraphicsElement],
      SVGViewElement: [class SVGViewElement extends SVGElement],
      SVGElement: [class SVGElement extends Element],
      SVGAnimationElement: [class SVGAnimationElement extends SVGElement],
      SVGComponentTransferFunctionElement: [Function],
      SVGGeometryElement: [class SVGGeometryElement extends SVGGraphicsElement],
      SVGGradientElement: [Function],
      SVGTextPositioningElement: [class SVGTextPositioningElement extends SVGTextContentElement],
      SVGGraphicsElement: [class SVGGraphicsElement extends SVGElement],
      Event: [Function],
      UIEvent: [Function],
      CustomEvent: [class CustomEvent extends Event],
      CloseEvent: [class CloseEvent extends Event],
      AnimationEvent: [class AnimationEvent extends Event],
      KeyboardEvent: [Function],
      MessageEvent: [class MessageEvent extends Event],
      MouseEvent: [class MouseEvent extends UIEvent],
      PointerEvent: [class PointerEvent extends MouseEvent],
      FocusEvent: [class FocusEvent extends UIEvent],
      WheelEvent: [Function],
      InputEvent: [class InputEvent extends UIEvent],
      ErrorEvent: [class ErrorEvent extends UIEvent],
      StorageEvent: [class StorageEvent extends Event],
      SubmitEvent: [class SubmitEvent extends Event],
      ProgressEvent: [class ProgressEvent extends Event],
      MediaQueryListEvent: [class MediaQueryListEvent extends Event],
      HashChangeEvent: [class HashChangeEvent extends Event],
      ClipboardEvent: [class ClipboardEvent extends Event],
      CookieChangeEvent: [class CookieChangeEvent extends Event],
      TouchEvent: [class TouchEvent extends UIEvent],
      PopStateEvent: [class PopStateEvent extends Event],
      Touch: [class Touch],
      AudioProcessingEvent: [Function],
      BeforeInputEvent: [Function],
      BeforeUnloadEvent: [Function],
      BlobEvent: [Function],
      CompositionEvent: [Function],
      CSSFontFaceLoadEvent: [Function],
      DeviceLightEvent: [Function],
      DeviceMotionEvent: [Function],
      DeviceOrientationEvent: [Function],
      DeviceProximityEvent: [Function],
      DOMTransactionEvent: [Function],
      DragEvent: [Function],
      EditingBeforeInputEvent: [Function],
      FetchEvent: [Function],
      GamepadEvent: [Function],
      IDBVersionChangeEvent: [Function],
      MediaStreamEvent: [Function],
      MutationEvent: [Function],
      OfflineAudioCompletionEvent: [Function],
      OverconstrainedError: [Function],
      PageTransitionEvent: [Function],
      PaymentRequestUpdateEvent: [Function],
      RelatedEvent: [Function],
      RTCDataChannelEvent: [Function],
      RTCIdentityErrorEvent: [Function],
      RTCIdentityEvent: [Function],
      RTCPeerConnectionIceEvent: [Function],
      SensorEvent: [Function],
      SVGEvent: [Function],
      SVGZoomEvent: [Function],
      TimeEvent: [Function],
      TrackEvent: [Function],
      TransitionEvent: [Function],
      UserProximityEvent: [Function],
      WebGLContextEvent: [Function],
      TextEvent: [Function],
      Permissions: [class Permissions],
      History: [class History],
      Navigator: [class Navigator],
      Clipboard: [class Clipboard],
      TimeRanges: [class TimeRanges],
      TextTrackCueList: [class TextTrackCueList extends Array],
      ValidityState: [class ValidityState],
      MutationRecord: [class MutationRecord],
      IntersectionObserver: [class IntersectionObserver],
      IntersectionObserverEntry: [class IntersectionObserverEntry],
      CSSStyleDeclaration: [class CSSStyleDeclaration],
      CSSRule: [Function],
      CSSContainerRule: [class CSSContainerRule extends CSSConditionRule],
      CSSFontFaceRule: [class CSSFontFaceRule extends CSSRule],
      CSSKeyframeRule: [class CSSKeyframeRule extends CSSRule],
      CSSKeyframesRule: [class CSSKeyframesRule extends CSSRule],
      CSSMediaRule: [class CSSMediaRule extends CSSConditionRule],
      CSSStyleRule: [class CSSStyleRule extends CSSGroupingRule],
      CSSSupportsRule: [class CSSSupportsRule extends CSSConditionRule],
      CSSConditionRule: [class CSSConditionRule extends CSSGroupingRule],
      CSSGroupingRule: [class CSSGroupingRule extends CSSRule],
      CSSScopeRule: [class CSSScopeRule extends CSSGroupingRule],
      DOMRect: [class DOMRect extends DOMRectReadOnly],
      DOMRectReadOnly: [class DOMRectReadOnly],
      Plugin: [class Plugin],
      PluginArray: [class PluginArray],
      Location: [class Location],
      CustomElementRegistry: [class CustomElementRegistry],
      ResizeObserver: [class ResizeObserver],
      Blob: [class Blob],
      File: [class File extends Blob],
      Storage: [class Storage],
      CookieStore: [class CookieStore extends EventTarget],
      MimeType: [class MimeType],
      MimeTypeArray: [class MimeTypeArray],
      NodeFilter: [Object],
      ImageBitmap: [class ImageBitmap],
      HTMLCollection: [class HTMLCollection],
      HTMLFormControlCollection: [class HTMLFormControlsCollection extends HTMLCollection],
      HTMLOptionsCollection: [class HTMLOptionsCollection extends HTMLCollection],
      NodeList: [class NodeList],
      RadioNodeList: [class RadioNodeList extends NodeList],
      FileList: [class FileList extends Array],
      Screen: [class Screen extends EventTarget],
      ScreenDetails: [class ScreenDetails extends EventTarget],
      ScreenDetailed: [class ScreenDetailed extends Screen],
      NamedNodeMap: [class NamedNodeMap],
      TreeWalker: [class TreeWalker],
      NodeIterator: [class NodeIterator],
      DataTransfer: [class DataTransfer],
      DataTransferItem: [class DataTransferItem],
      DataTransferItemList: [class DataTransferItemList extends Array],
      XMLSerializer: [class XMLSerializer],
      ClipboardItem: [class ClipboardItem],
      Selection: [class Selection],
      CSSUnitValue: [class CSSUnitValue],
      SVGAngle: [Function],
      SVGAnimatedAngle: [class SVGAnimatedAngle],
      SVGAnimatedBoolean: [class SVGAnimatedBoolean],
      SVGAnimatedEnumeration: [class SVGAnimatedEnumeration],
      SVGAnimatedInteger: [class SVGAnimatedInteger],
      SVGAnimatedLength: [class SVGAnimatedLength],
      SVGAnimatedNumber: [class SVGAnimatedNumber],
      SVGAnimatedNumberList: [class SVGAnimatedNumberList],
      SVGAnimatedPreserveAspectRatio: [class SVGAnimatedPreserveAspectRatio],
      SVGAnimatedRect: [class SVGAnimatedRect],
      SVGAnimatedString: [class SVGAnimatedString],
      SVGAnimatedTransformList: [class SVGAnimatedTransformList],
      SVGLength: [Function],
      SVGLengthList: [class SVGLengthList],
      SVGMatrix: [class SVGMatrix],
      SVGNumber: [class SVGNumber],
      SVGNumberList: [class SVGNumberList],
      SVGPoint: [class SVGPoint],
      SVGPointList: [class SVGPointList],
      SVGPreserveAspectRatio: [Function],
      SVGRect: [class SVGRect],
      SVGStringList: [class SVGStringList],
      SVGTransform: [Function],
      SVGTransformList: [class SVGTransformList],
      SVGAnimatedLengthList: [class SVGAnimatedLengthList],
      SVGUnitTypes: [Function],
      StylePropertyMap: [class StylePropertyMap extends StylePropertyMapReadOnly],
      StylePropertyMapReadOnly: [class StylePropertyMapReadOnly],
      MediaList: [class MediaList],
      CSSKeywordValue: [class CSSKeywordValue],
      CSSStyleValue: [class CSSStyleValue],
      Window: [class GlobalWindow extends Window],
      URLSearchParams: [class URLSearchParams],
      WritableStream: [Function],
      ReadableStream: [class ReadableStream],
      TransformStream: [Function: Transform],
      PerformanceObserver: [class PerformanceObserver],
      PerformanceEntry: [class PerformanceEntry],
      PerformanceObserverEntryList: [class PerformanceObserverEntryList],
      document: [HTMLDocument],
      customElements: [CustomElementRegistry],
      window: [Circular *5],
      globalThis: [Circular *5],
      performance: [Performance [EventTarget]],
      screenLeft: 0,
      screenTop: 0,
      screenX: 0,
      screenY: 0,
      crypto: Crypto {},
      TextEncoder: [class TextEncoder],
      TextDecoder: [class TextDecoder],
      closed: false,
      console: [Console [console]],
      name: '',
      Buffer: [Function],
      Document: [class Document extends Document],
      HTMLDocument: [class HTMLDocument extends HTMLDocument],
      XMLDocument: [class XMLDocument extends XMLDocument],
      DocumentFragment: [class DocumentFragment extends DocumentFragment],
      Text: [class Text extends Text],
      Comment: [class Comment extends Comment],
      Image: [class Image extends Image],
      Audio: [class Audio extends Audio],
      MutationObserver: [class MutationObserver extends MutationObserver],
      MessagePort: [class MessagePort extends MessagePort],
      CSSStyleSheet: [class CSSStyleSheet extends CSSStyleSheet],
      DOMException: [class DOMException extends DOMException],
      Headers: [class Headers extends Headers],
      Request: [class Request extends Request],
      Response: [Function],
      EventTarget: [class EventTarget extends EventTarget],
      XMLHttpRequestUpload: [class XMLHttpRequestUpload extends XMLHttpRequestUpload],
      XMLHttpRequestEventTarget: [class XMLHttpRequestEventTarget extends XMLHttpRequestEventTarget],
      AbortController: [class AbortController extends AbortController],
      AbortSignal: [Function],
      FormData: [class FormData extends FormData],
      PermissionStatus: [class PermissionStatus extends PermissionStatus],
      XMLHttpRequest: [class XMLHttpRequest extends XMLHttpRequest],
      DOMParser: [class DOMParser extends DOMParser],
      Range: [class Range extends Range],
      VTTCue: [class VTTCue extends VTTCue],
      TextTrack: [class TextTrack extends TextTrack],
      TextTrackList: [class TextTrackList extends TextTrackList],
      TextTrackCue: [class TextTrackCue extends TextTrackCue],
      RemotePlayback: [class RemotePlayback extends RemotePlayback],
      FileReader: [class FileReader extends FileReader],
      MediaStream: [class MediaStream extends MediaStream],
      MediaStreamTrack: [class MediaStreamTrack extends MediaStreamTrack],
      CanvasCaptureMediaStreamTrack: [class CanvasCaptureMediaStreamTrack extends CanvasCaptureMediaStreamTrack],
      URL: [class URL extends URL],
      WebSocket: [class WebSocket extends WebSocket],
      ImageData: [class ImageData extends ImageData],
      OffscreenCanvas: [class OffscreenCanvas extends OffscreenCanvas],
      DOMMatrixReadOnly: [class DOMMatrixReadOnly extends DOMMatrixReadOnly],
      DOMMatrix: [class DOMMatrix extends DOMMatrix],
      DOMPointReadOnly: [class DOMPointReadOnly extends DOMPointReadOnly],
      DOMPoint: [class DOMPoint extends DOMPoint],
      Animation: [class Animation extends Animation],
      KeyframeEffect: [class KeyframeEffect extends KeyframeEffect],
      happyDOM: DetachedWindowAPI {},
      Array: [Function: Array],
      ArrayBuffer: [Function: ArrayBuffer],
      Boolean: [Function: Boolean],
      DataView: [Function: DataView],
      Date: [Function: Date],
      Error: [Function],
      EvalError: [Function: EvalError],
      Float32Array: [Function: Float32Array],
      Float64Array: [Function: Float64Array],
      Function: [Function: Function],
      Infinity: Infinity,
      Int16Array: [Function: Int16Array],
      Int32Array: [Function: Int32Array],
      Int8Array: [Function: Int8Array],
      Intl: Object [Intl] {},
      JSON: Object [JSON] {},
      Map: [Function: Map],
      Math: Object [Math] {},
      NaN: NaN,
      Number: [Function: Number],
      Object: [Function: Object],
      Promise: [Function: Promise],
      RangeError: [Function: RangeError],
      ReferenceError: [Function: ReferenceError],
      RegExp: [Function: RegExp],
      Set: [Function: Set],
      String: [Function: String],
      Symbol: [Function],
      SyntaxError: [Function: SyntaxError],
      TypeError: [Function: TypeError],
      URIError: [Function: URIError],
      Uint16Array: [Function: Uint16Array],
      Uint32Array: [Function: Uint32Array],
      Uint8Array: [Function: Uint8Array],
      Uint8ClampedArray: [Function: Uint8ClampedArray],
      WeakMap: [Function: WeakMap],
      WeakSet: [Function: WeakSet],
      decodeURI: [Function: decodeURI],
      decodeURIComponent: [Function: decodeURIComponent],
      encodeURI: [Function: encodeURI],
      encodeURIComponent: [Function: encodeURIComponent],
      eval: [Function: eval],
      escape: [Function: escape],
      global: [Object [global]],
      isFinite: [Function: isFinite],
      isNaN: [Function: isNaN],
      parseFloat: [Function: parseFloat],
      parseInt: [Function: parseInt],
      undefined: undefined,
      unescape: [Function: unescape],
      [Symbol(listeners)]: [Object],
      [Symbol(listenerOptions)]: [Object],
      [Symbol(mutationObservers)]: [],
      [Symbol(readyStateManager)]: DocumentReadyStateManager {},
      [Symbol(location)]: [Location],
      [Symbol(history)]: History {},
      [Symbol(navigator)]: Navigator {},
      [Symbol(screen)]: [Screen [EventTarget]],
      [Symbol(sessionStorage)]: [Storage],
      [Symbol(localStorage)]: [Storage],
      [Symbol(cookieStore)]: [CookieStore [EventTarget]],
      [Symbol(self)]: [Circular *5],
      [Symbol(top)]: [Circular *5],
      [Symbol(parent)]: [Circular *5],
      [Symbol(window)]: [Circular *5],
      [Symbol(frames)]: [Circular *5],
      [Symbol(internalId)]: 0,
      [Symbol(customElementReactionStack)]: [CustomElementReactionStack],
      [Symbol(modules)]: [Object],
      [Symbol(moduleImportMap)]: null,
      [Symbol(openWebSockets)]: [],
      [Symbol(propertyEventListeners)]: Map(0) {},
      [Symbol(querySelectorCache)]: [Map]
    },
    [Symbol(element)]: [Circular *1],
    [Symbol(computed)]: false,
    [Symbol(cache)]: {
      attributeValue: 'color: transparent;',
      propertyManager: [CSSPropertyManager]
    }
  },
  [Symbol(dataset)]: null,
  [Symbol(customElementDefineCallback)]: null,
  [Symbol(complete)]: true,
  [Symbol(naturalHeight)]: 0,
  [Symbol(naturalWidth)]: 0,
  [Symbol(loading)]: 'auto',
  [Symbol(x)]: 0,
  [Symbol(y)]: 0,
  [Symbol(buffer)]: null
}

stderr | __tests__/MetadataParser.test.tsx > parseMetadata > handles legacy string metadata
Image is missing required "src" property: <ref *1> HTMLImageElement {
  '__reactFiber$2ljhqegbpg4': <ref *2> FiberNode {
    tag: 5,
    key: null,
    elementType: 'img',
    type: 'img',
    stateNode: [Circular *1],
    return: FiberNode {
      tag: 11,
      key: null,
      elementType: [Object],
      type: [Object],
      stateNode: null,
      return: [FiberNode],
      child: [Circular *2],
      sibling: null,
      index: 0,
      ref: null,
      pendingProps: [Object],
      memoizedProps: [Object],
      updateQueue: null,
      memoizedState: [Object],
      dependencies: null,
      mode: 1,
      flags: 1048577,
      subtreeFlags: 2097668,
      deletions: null,
      lanes: 0,
      childLanes: 0,
      alternate: null,
      actualDuration: 0,
      actualStartTime: -1,
      selfBaseDuration: 0,
      treeBaseDuration: 0,
      _debugSource: undefined,
      _debugOwner: [FiberNode],
      _debugNeedsRemount: false,
      _debugHookTypes: [Array]
    },
    child: null,
    sibling: null,
    index: 0,
    ref: [Function (anonymous)],
    pendingProps: {
      'data-testid': 'image',
      alt: '',
      fetchpriority: undefined,
      loading: undefined,
      width: 100,
      height: 100,
      decoding: 'async',
      'data-nimg': '1',
      className: undefined,
      style: [Object],
      sizes: undefined,
      srcSet: undefined,
      src: '',
      onLoad: [Function: onLoad],
      onError: [Function: onError]
    },
    memoizedProps: {
      'data-testid': 'image',
      alt: '',
      fetchpriority: undefined,
      loading: undefined,
      width: 100,
      height: 100,
      decoding: 'async',
      'data-nimg': '1',
      className: undefined,
      style: [Object],
      sizes: undefined,
      srcSet: undefined,
      src: '',
      onLoad: [Function: onLoad],
      onError: [Function: onError]
    },
    updateQueue: null,
    memoizedState: null,
    dependencies: null,
    mode: 1,
    flags: 2097668,
    subtreeFlags: 0,
    deletions: null,
    lanes: 0,
    childLanes: 0,
    alternate: null,
    actualDuration: 0,
    actualStartTime: -1,
    selfBaseDuration: 0,
    treeBaseDuration: 0,
    _debugSource: undefined,
    _debugOwner: FiberNode {
      tag: 11,
      key: null,
      elementType: [Object],
      type: [Object],
      stateNode: null,
      return: [FiberNode],
      child: [Circular *2],
      sibling: null,
      index: 0,
      ref: null,
      pendingProps: [Object],
      memoizedProps: [Object],
      updateQueue: null,
      memoizedState: [Object],
      dependencies: null,
      mode: 1,
      flags: 1048577,
      subtreeFlags: 2097668,
      deletions: null,
      lanes: 0,
      childLanes: 0,
      alternate: null,
      actualDuration: 0,
      actualStartTime: -1,
      selfBaseDuration: 0,
      treeBaseDuration: 0,
      _debugSource: undefined,
      _debugOwner: [FiberNode],
      _debugNeedsRemount: false,
      _debugHookTypes: [Array]
    },
    _debugNeedsRemount: false,
    _debugHookTypes: null
  },
  '__reactProps$2ljhqegbpg4': {
    'data-testid': 'image',
    alt: '',
    fetchpriority: undefined,
    loading: undefined,
    width: 100,
    height: 100,
    decoding: 'async',
    'data-nimg': '1',
    className: undefined,
    style: { color: 'transparent' },
    sizes: undefined,
    srcSet: undefined,
    src: '',
    onLoad: [Function: onLoad],
    onError: [Function: onError]
  },
  '__reactEvents$2ljhqegbpg4': Set(2) { 'error__bubble', 'load__bubble' },
  [Symbol(listeners)]: {
    bubbling: Map(2) { 'error' => [Array], 'load' => [Array] },
    capturing: Map(0) {}
  },
  [Symbol(listenerOptions)]: {
    bubbling: Map(2) { 'error' => [Array], 'load' => [Array] },
    capturing: Map(0) {}
  },
  [Symbol(isConnected)]: true,
  [Symbol(parentNode)]: <ref *3> HTMLDivElement {
    '__reactFiber$2ljhqegbpg4': FiberNode {
      tag: 5,
      key: null,
      elementType: 'div',
      type: 'div',
      stateNode: [Circular *3],
      return: [FiberNode],
      child: [FiberNode],
      sibling: null,
      index: 0,
      ref: null,
      pendingProps: [Object],
      memoizedProps: [Object],
      updateQueue: null,
      memoizedState: null,
      dependencies: null,
      mode: 1,
      flags: 0,
      subtreeFlags: 11536901,
      deletions: null,
      lanes: 0,
      childLanes: 0,
      alternate: null,
      actualDuration: 0,
      actualStartTime: -1,
      selfBaseDuration: 0,
      treeBaseDuration: 0,
      _debugSource: [Object],
      _debugOwner: [FiberNode],
      _debugNeedsRemount: false,
      _debugHookTypes: null
    },
    '__reactProps$2ljhqegbpg4': { children: [Array] },
    [Symbol(listeners)]: { bubbling: Map(0) {}, capturing: Map(0) {} },
    [Symbol(listenerOptions)]: { bubbling: Map(0) {}, capturing: Map(0) {} },
    [Symbol(isConnected)]: true,
    [Symbol(parentNode)]: HTMLDivElement {
      '__reactContainer$2ljhqegbpg4': [FiberNode],
      _reactListening7defm8ungkm: true,
      [Symbol(listeners)]: [Object],
      [Symbol(listenerOptions)]: [Object],
      [Symbol(isConnected)]: true,
      [Symbol(parentNode)]: [HTMLBodyElement],
      [Symbol(rootNode)]: [HTMLDocument],
      [Symbol(styleNode)]: null,
      [Symbol(textAreaNode)]: null,
      [Symbol(formNode)]: null,
      [Symbol(selectNode)]: null,
      [Symbol(mutationListeners)]: [],
      [Symbol(nodeArray)]: [Array],
      [Symbol(elementArray)]: [Array],
      [Symbol(childNodes)]: null,
      [Symbol(assignedToSlot)]: null,
      [Symbol(cache)]: [Object],
      [Symbol(affectsCache)]: [],
      [Symbol(ownerDocument)]: [HTMLDocument],
      [Symbol(window)]: [GlobalWindow [EventTarget]],
      [Symbol(classList)]: null,
      [Symbol(isValue)]: null,
      [Symbol(nodeType)]: 1,
      [Symbol(prefix)]: null,
      [Symbol(shadowRoot)]: null,
      [Symbol(scrollHeight)]: 0,
      [Symbol(scrollWidth)]: 0,
      [Symbol(scrollTop)]: 0,
      [Symbol(scrollLeft)]: 0,
      [Symbol(attributes)]: [NamedNodeMap],
      [Symbol(attributesProxy)]: null,
      [Symbol(children)]: null,
      [Symbol(computedStyle)]: null,
      [Symbol(pointerCaptures)]: Set(0) {},
      [Symbol(propertyEventListeners)]: [Map],
      [Symbol(animations)]: [],
      [Symbol(tagName)]: 'DIV',
      [Symbol(localName)]: 'div',
      [Symbol(namespaceURI)]: 'http://www.w3.org/1999/xhtml',
      [Symbol(accessKey)]: '',
      [Symbol(offsetHeight)]: 0,
      [Symbol(offsetWidth)]: 0,
      [Symbol(offsetLeft)]: 0,
      [Symbol(offsetTop)]: 0,
      [Symbol(clientHeight)]: 0,
      [Symbol(clientWidth)]: 0,
      [Symbol(clientLeft)]: 0,
      [Symbol(clientTop)]: 0,
      [Symbol(style)]: null,
      [Symbol(dataset)]: null,
      [Symbol(customElementDefineCallback)]: null
    },
    [Symbol(rootNode)]: <ref *4> HTMLDocument {
      defaultView: [Getter],
      _reactListening7defm8ungkm: true,
      [Symbol(listeners)]: [Object],
      [Symbol(listenerOptions)]: [Object],
      [Symbol(isConnected)]: true,
      [Symbol(parentNode)]: null,
      [Symbol(rootNode)]: [Circular *4],
      [Symbol(styleNode)]: null,
      [Symbol(textAreaNode)]: null,
      [Symbol(formNode)]: null,
      [Symbol(selectNode)]: null,
      [Symbol(mutationListeners)]: [],
      [Symbol(nodeArray)]: [Array],
      [Symbol(elementArray)]: [Array],
      [Symbol(childNodes)]: null,
      [Symbol(assignedToSlot)]: null,
      [Symbol(cache)]: [Object],
      [Symbol(affectsCache)]: [Array],
      [Symbol(ownerDocument)]: null,
      [Symbol(children)]: null,
      [Symbol(activeElement)]: null,
      [Symbol(nextActiveElement)]: null,
      [Symbol(currentScript)]: null,
      [Symbol(isFirstWrite)]: true,
      [Symbol(isFirstWriteAfterOpen)]: false,
      [Symbol(nodeType)]: 9,
      [Symbol(adoptedStyleSheets)]: [],
      [Symbol(implementation)]: DOMImplementation {},
      [Symbol(readyState)]: 'complete',
      [Symbol(referrer)]: '',
      [Symbol(defaultView)]: [GlobalWindow [EventTarget]],
      [Symbol(forms)]: null,
      [Symbol(links)]: null,
      [Symbol(affectsComputedStyleCache)]: [],
      [Symbol(elementIdMap)]: Map(0) {},
      [Symbol(contentType)]: 'text/html',
      [Symbol(xmlProcessingInstruction)]: null,
      [Symbol(preloads)]: Map(0) {},
      [Symbol(propertyEventListeners)]: Map(0) {},
      [Symbol(selection)]: null,
      [Symbol(timeline)]: DocumentTimeline {}
    },
    [Symbol(styleNode)]: null,
    [Symbol(textAreaNode)]: null,
    [Symbol(formNode)]: null,
    [Symbol(selectNode)]: null,
    [Symbol(mutationListeners)]: [],
    [Symbol(nodeArray)]: [
      [HTMLHeadingElement],
      [HTMLParagraphElement],
      [Circular *1],
      [HTMLAnchorElement]
    ],
    [Symbol(elementArray)]: [
      [HTMLHeadingElement],
      [HTMLParagraphElement],
      [Circular *1],
      [HTMLAnchorElement]
    ],
    [Symbol(childNodes)]: null,
    [Symbol(assignedToSlot)]: null,
    [Symbol(cache)]: {
      querySelector: Map(0) {},
      querySelectorAll: Map(0) {},
      matches: Map(0) {},
      elementsByTagName: Map(0) {},
      elementsByTagNameNS: Map(0) {},
      elementByTagName: Map(0) {},
      elementById: Map(0) {},
      computedStyle: null
    },
    [Symbol(affectsCache)]: [],
    [Symbol(ownerDocument)]: <ref *4> HTMLDocument {
      defaultView: [Getter],
      _reactListening7defm8ungkm: true,
      [Symbol(listeners)]: [Object],
      [Symbol(listenerOptions)]: [Object],
      [Symbol(isConnected)]: true,
      [Symbol(parentNode)]: null,
      [Symbol(rootNode)]: [Circular *4],
      [Symbol(styleNode)]: null,
      [Symbol(textAreaNode)]: null,
      [Symbol(formNode)]: null,
      [Symbol(selectNode)]: null,
      [Symbol(mutationListeners)]: [],
      [Symbol(nodeArray)]: [Array],
      [Symbol(elementArray)]: [Array],
      [Symbol(childNodes)]: null,
      [Symbol(assignedToSlot)]: null,
      [Symbol(cache)]: [Object],
      [Symbol(affectsCache)]: [Array],
      [Symbol(ownerDocument)]: null,
      [Symbol(children)]: null,
      [Symbol(activeElement)]: null,
      [Symbol(nextActiveElement)]: null,
      [Symbol(currentScript)]: null,
      [Symbol(isFirstWrite)]: true,
      [Symbol(isFirstWriteAfterOpen)]: false,
      [Symbol(nodeType)]: 9,
      [Symbol(adoptedStyleSheets)]: [],
      [Symbol(implementation)]: DOMImplementation {},
      [Symbol(readyState)]: 'complete',
      [Symbol(referrer)]: '',
      [Symbol(defaultView)]: [GlobalWindow [EventTarget]],
      [Symbol(forms)]: null,
      [Symbol(links)]: null,
      [Symbol(affectsComputedStyleCache)]: [],
      [Symbol(elementIdMap)]: Map(0) {},
      [Symbol(contentType)]: 'text/html',
      [Symbol(xmlProcessingInstruction)]: null,
      [Symbol(preloads)]: Map(0) {},
      [Symbol(propertyEventListeners)]: Map(0) {},
      [Symbol(selection)]: null,
      [Symbol(timeline)]: DocumentTimeline {}
    },
    [Symbol(window)]: <ref *5> GlobalWindow [EventTarget] {
      Node: [Function],
      Attr: [class Attr extends Node],
      ShadowRoot: [class ShadowRoot extends DocumentFragment],
      ProcessingInstruction: [class ProcessingInstruction extends CharacterData],
      Element: [Function],
      CharacterData: [class CharacterData extends Node],
      DocumentType: [class DocumentType extends Node],
      AnimationTimeline: [class AnimationTimeline],
      DocumentTimeline: [class DocumentTimeline extends AnimationTimeline],
      HTMLAnchorElement: [class HTMLAnchorElement extends HTMLElement],
      HTMLButtonElement: [class HTMLButtonElement extends HTMLElement],
      HTMLOptGroupElement: [class HTMLOptGroupElement extends HTMLElement],
      HTMLOptionElement: [class HTMLOptionElement extends HTMLElement],
      HTMLElement: [Function],
      HTMLUnknownElement: [class HTMLUnknownElement extends HTMLElement],
      HTMLTemplateElement: [class HTMLTemplateElement extends HTMLElement],
      HTMLInputElement: [class HTMLInputElement extends HTMLElement],
      HTMLSelectElement: [class HTMLSelectElement extends HTMLElement],
      HTMLTextAreaElement: [class HTMLTextAreaElement extends HTMLElement],
      HTMLImageElement: [class HTMLImageElement extends HTMLElement],
      HTMLStyleElement: [class HTMLStyleElement extends HTMLElement],
      HTMLLabelElement: [class HTMLLabelElement extends HTMLElement],
      HTMLSlotElement: [class HTMLSlotElement extends HTMLElement],
      HTMLMetaElement: [class HTMLMetaElement extends HTMLElement],
      HTMLMediaElement: [class HTMLMediaElement extends HTMLElement],
      HTMLAudioElement: [class HTMLAudioElement extends HTMLMediaElement],
      HTMLVideoElement: [class HTMLVideoElement extends HTMLMediaElement],
      HTMLBaseElement: [class HTMLBaseElement extends HTMLElement],
      HTMLDialogElement: [class HTMLDialogElement extends HTMLElement],
      HTMLScriptElement: [class HTMLScriptElement extends HTMLElement],
      HTMLLinkElement: [class HTMLLinkElement extends HTMLElement],
      HTMLIFrameElement: [class HTMLIFrameElement extends HTMLElement],
      HTMLFormElement: [class HTMLFormElement extends HTMLElement],
      HTMLUListElement: [class HTMLUListElement extends HTMLElement],
      HTMLTrackElement: [class HTMLTrackElement extends HTMLElement],
      HTMLTableRowElement: [class HTMLTableRowElement extends HTMLElement],
      HTMLTitleElement: [class HTMLTitleElement extends HTMLElement],
      HTMLTimeElement: [class HTMLTimeElement extends HTMLElement],
      HTMLTableSectionElement: [class HTMLTableSectionElement extends HTMLElement],
      HTMLTableCellElement: [class HTMLTableCellElement extends HTMLElement],
      HTMLTableElement: [class HTMLTableElement extends HTMLElement],
      HTMLSpanElement: [class HTMLSpanElement extends HTMLElement],
      HTMLSourceElement: [class HTMLSourceElement extends HTMLElement],
      HTMLQuoteElement: [class HTMLQuoteElement extends HTMLElement],
      HTMLProgressElement: [class HTMLProgressElement extends HTMLElement],
      HTMLPreElement: [class HTMLPreElement extends HTMLElement],
      HTMLPictureElement: [class HTMLPictureElement extends HTMLElement],
      HTMLParamElement: [class HTMLParamElement extends HTMLElement],
      HTMLParagraphElement: [class HTMLParagraphElement extends HTMLElement],
      HTMLOutputElement: [class HTMLOutputElement extends HTMLElement],
      HTMLOListElement: [class HTMLOListElement extends HTMLElement],
      HTMLObjectElement: [class HTMLObjectElement extends HTMLElement],
      HTMLMeterElement: [class HTMLMeterElement extends HTMLElement],
      HTMLMenuElement: [class HTMLMenuElement extends HTMLElement],
      HTMLMapElement: [class HTMLMapElement extends HTMLElement],
      HTMLLIElement: [class HTMLLIElement extends HTMLElement],
      HTMLLegendElement: [class HTMLLegendElement extends HTMLElement],
      HTMLModElement: [class HTMLModElement extends HTMLElement],
      HTMLHtmlElement: [class HTMLHtmlElement extends HTMLElement],
      HTMLHRElement: [class HTMLHRElement extends HTMLElement],
      HTMLHeadElement: [class HTMLHeadElement extends HTMLElement],
      HTMLHeadingElement: [class HTMLHeadingElement extends HTMLElement],
      HTMLFieldSetElement: [class HTMLFieldSetElement extends HTMLElement],
      HTMLEmbedElement: [class HTMLEmbedElement extends HTMLElement],
      HTMLDListElement: [class HTMLDListElement extends HTMLElement],
      HTMLDivElement: [class HTMLDivElement extends HTMLElement],
      HTMLDetailsElement: [class HTMLDetailsElement extends HTMLElement],
      HTMLDataListElement: [class HTMLDataListElement extends HTMLElement],
      HTMLDataElement: [class HTMLDataElement extends HTMLElement],
      HTMLTableColElement: [class HTMLTableColElement extends HTMLElement],
      HTMLTableCaptionElement: [class HTMLTableCaptionElement extends HTMLElement],
      HTMLCanvasElement: [class HTMLCanvasElement extends HTMLElement],
      HTMLBRElement: [class HTMLBRElement extends HTMLElement],
      HTMLBodyElement: [class HTMLBodyElement extends HTMLElement],
      HTMLAreaElement: [class HTMLAreaElement extends HTMLElement],
      SVGSVGElement: [class SVGSVGElement extends SVGGraphicsElement],
      SVGAnimateElement: [class SVGAnimateElement extends SVGAnimationElement],
      SVGAnimateMotionElement: [class SVGAnimateMotionElement extends SVGAnimationElement],
      SVGAnimateTransformElement: [class SVGAnimateTransformElement extends SVGAnimationElement],
      SVGCircleElement: [class SVGCircleElement extends SVGGeometryElement],
      SVGClipPathElement: [class SVGClipPathElement extends SVGElement],
      SVGDefsElement: [class SVGDefsElement extends SVGGraphicsElement],
      SVGDescElement: [class SVGDescElement extends SVGElement],
      SVGEllipseElement: [class SVGEllipseElement extends SVGGeometryElement],
      SVGFEBlendElement: [Function],
      SVGFEColorMatrixElement: [Function],
      SVGFEComponentTransferElement: [class SVGFEComponentTransferElement extends SVGElement],
      SVGFECompositeElement: [Function],
      SVGFEConvolveMatrixElement: [Function],
      SVGFEDiffuseLightingElement: [class SVGFEDiffuseLightingElement extends SVGElement],
      SVGFEDisplacementMapElement: [Function],
      SVGFEDistantLightElement: [class SVGFEDistantLightElement extends SVGElement],
      SVGFEDropShadowElement: [class SVGFEDropShadowElement extends SVGElement],
      SVGFEFloodElement: [class SVGFEFloodElement extends SVGElement],
      SVGFEFuncAElement: [class SVGFEFuncAElement extends SVGComponentTransferFunctionElement],
      SVGFEFuncBElement: [class SVGFEFuncBElement extends SVGComponentTransferFunctionElement],
      SVGFEFuncGElement: [class SVGFEFuncGElement extends SVGComponentTransferFunctionElement],
      SVGFEFuncRElement: [class SVGFEFuncRElement extends SVGComponentTransferFunctionElement],
      SVGFEGaussianBlurElement: [Function],
      SVGFEImageElement: [class SVGFEImageElement extends SVGElement],
      SVGFEMergeElement: [class SVGFEMergeElement extends SVGElement],
      SVGFEMergeNodeElement: [class SVGFEMergeNodeElement extends SVGElement],
      SVGFEMorphologyElement: [Function],
      SVGFEOffsetElement: [class SVGFEOffsetElement extends SVGElement],
      SVGFEPointLightElement: [class SVGFEPointLightElement extends SVGElement],
      SVGFESpecularLightingElement: [class SVGFESpecularLightingElement extends SVGElement],
      SVGFESpotLightElement: [class SVGFESpotLightElement extends SVGElement],
      SVGFETileElement: [class SVGFETileElement extends SVGElement],
      SVGFETurbulenceElement: [Function],
      SVGFilterElement: [class SVGFilterElement extends SVGElement],
      SVGForeignObjectElement: [class SVGForeignObjectElement extends SVGGraphicsElement],
      SVGGElement: [class SVGGElement extends SVGGraphicsElement],
      SVGImageElement: [class SVGImageElement extends SVGGraphicsElement],
      SVGLineElement: [class SVGLineElement extends SVGGeometryElement],
      SVGLinearGradientElement: [class SVGLinearGradientElement extends SVGGradientElement],
      SVGMarkerElement: [Function],
      SVGMaskElement: [class SVGMaskElement extends SVGElement],
      SVGMetadataElement: [class SVGMetadataElement extends SVGElement],
      SVGMPathElement: [class SVGMPathElement extends SVGElement],
      SVGPathElement: [class SVGPathElement extends SVGGeometryElement],
      SVGPatternElement: [class SVGPatternElement extends SVGElement],
      SVGPolygonElement: [class SVGPolygonElement extends SVGGeometryElement],
      SVGPolylineElement: [class SVGPolylineElement extends SVGGeometryElement],
      SVGRadialGradientElement: [class SVGRadialGradientElement extends SVGGradientElement],
      SVGRectElement: [class SVGRectElement extends SVGGeometryElement],
      SVGScriptElement: [class SVGScriptElement extends SVGGraphicsElement],
      SVGSetElement: [class SVGSetElement extends SVGAnimationElement],
      SVGStopElement: [class SVGStopElement extends SVGElement],
      SVGStyleElement: [class SVGStyleElement extends SVGElement],
      SVGSwitchElement: [class SVGSwitchElement extends SVGGraphicsElement],
      SVGSymbolElement: [class SVGSymbolElement extends SVGGraphicsElement],
      SVGTextElement: [class SVGTextElement extends SVGTextPositioningElement],
      SVGTextPathElement: [Function],
      SVGTitleElement: [class SVGTitleElement extends SVGElement],
      SVGTSpanElement: [class SVGTSpanElement extends SVGTextPositioningElement],
      SVGUseElement: [class SVGUseElement extends SVGGraphicsElement],
      SVGViewElement: [class SVGViewElement extends SVGElement],
      SVGElement: [class SVGElement extends Element],
      SVGAnimationElement: [class SVGAnimationElement extends SVGElement],
      SVGComponentTransferFunctionElement: [Function],
      SVGGeometryElement: [class SVGGeometryElement extends SVGGraphicsElement],
      SVGGradientElement: [Function],
      SVGTextPositioningElement: [class SVGTextPositioningElement extends SVGTextContentElement],
      SVGGraphicsElement: [class SVGGraphicsElement extends SVGElement],
      Event: [Function],
      UIEvent: [Function],
      CustomEvent: [class CustomEvent extends Event],
      CloseEvent: [class CloseEvent extends Event],
      AnimationEvent: [class AnimationEvent extends Event],
      KeyboardEvent: [Function],
      MessageEvent: [class MessageEvent extends Event],
      MouseEvent: [class MouseEvent extends UIEvent],
      PointerEvent: [class PointerEvent extends MouseEvent],
      FocusEvent: [class FocusEvent extends UIEvent],
      WheelEvent: [Function],
      InputEvent: [class InputEvent extends UIEvent],
      ErrorEvent: [class ErrorEvent extends UIEvent],
      StorageEvent: [class StorageEvent extends Event],
      SubmitEvent: [class SubmitEvent extends Event],
      ProgressEvent: [class ProgressEvent extends Event],
      MediaQueryListEvent: [class MediaQueryListEvent extends Event],
      HashChangeEvent: [class HashChangeEvent extends Event],
      ClipboardEvent: [class ClipboardEvent extends Event],
      CookieChangeEvent: [class CookieChangeEvent extends Event],
      TouchEvent: [class TouchEvent extends UIEvent],
      PopStateEvent: [class PopStateEvent extends Event],
      Touch: [class Touch],
      AudioProcessingEvent: [Function],
      BeforeInputEvent: [Function],
      BeforeUnloadEvent: [Function],
      BlobEvent: [Function],
      CompositionEvent: [Function],
      CSSFontFaceLoadEvent: [Function],
      DeviceLightEvent: [Function],
      DeviceMotionEvent: [Function],
      DeviceOrientationEvent: [Function],
      DeviceProximityEvent: [Function],
      DOMTransactionEvent: [Function],
      DragEvent: [Function],
      EditingBeforeInputEvent: [Function],
      FetchEvent: [Function],
      GamepadEvent: [Function],
      IDBVersionChangeEvent: [Function],
      MediaStreamEvent: [Function],
      MutationEvent: [Function],
      OfflineAudioCompletionEvent: [Function],
      OverconstrainedError: [Function],
      PageTransitionEvent: [Function],
      PaymentRequestUpdateEvent: [Function],
      RelatedEvent: [Function],
      RTCDataChannelEvent: [Function],
      RTCIdentityErrorEvent: [Function],
      RTCIdentityEvent: [Function],
      RTCPeerConnectionIceEvent: [Function],
      SensorEvent: [Function],
      SVGEvent: [Function],
      SVGZoomEvent: [Function],
      TimeEvent: [Function],
      TrackEvent: [Function],
      TransitionEvent: [Function],
      UserProximityEvent: [Function],
      WebGLContextEvent: [Function],
      TextEvent: [Function],
      Permissions: [class Permissions],
      History: [class History],
      Navigator: [class Navigator],
      Clipboard: [class Clipboard],
      TimeRanges: [class TimeRanges],
      TextTrackCueList: [class TextTrackCueList extends Array],
      ValidityState: [class ValidityState],
      MutationRecord: [class MutationRecord],
      IntersectionObserver: [class IntersectionObserver],
      IntersectionObserverEntry: [class IntersectionObserverEntry],
      CSSStyleDeclaration: [class CSSStyleDeclaration],
      CSSRule: [Function],
      CSSContainerRule: [class CSSContainerRule extends CSSConditionRule],
      CSSFontFaceRule: [class CSSFontFaceRule extends CSSRule],
      CSSKeyframeRule: [class CSSKeyframeRule extends CSSRule],
      CSSKeyframesRule: [class CSSKeyframesRule extends CSSRule],
      CSSMediaRule: [class CSSMediaRule extends CSSConditionRule],
      CSSStyleRule: [class CSSStyleRule extends CSSGroupingRule],
      CSSSupportsRule: [class CSSSupportsRule extends CSSConditionRule],
      CSSConditionRule: [class CSSConditionRule extends CSSGroupingRule],
      CSSGroupingRule: [class CSSGroupingRule extends CSSRule],
      CSSScopeRule: [class CSSScopeRule extends CSSGroupingRule],
      DOMRect: [class DOMRect extends DOMRectReadOnly],
      DOMRectReadOnly: [class DOMRectReadOnly],
      Plugin: [class Plugin],
      PluginArray: [class PluginArray],
      Location: [class Location],
      CustomElementRegistry: [class CustomElementRegistry],
      ResizeObserver: [class ResizeObserver],
      Blob: [class Blob],
      File: [class File extends Blob],
      Storage: [class Storage],
      CookieStore: [class CookieStore extends EventTarget],
      MimeType: [class MimeType],
      MimeTypeArray: [class MimeTypeArray],
      NodeFilter: [Object],
      ImageBitmap: [class ImageBitmap],
      HTMLCollection: [class HTMLCollection],
      HTMLFormControlCollection: [class HTMLFormControlsCollection extends HTMLCollection],
      HTMLOptionsCollection: [class HTMLOptionsCollection extends HTMLCollection],
      NodeList: [class NodeList],
      RadioNodeList: [class RadioNodeList extends NodeList],
      FileList: [class FileList extends Array],
      Screen: [class Screen extends EventTarget],
      ScreenDetails: [class ScreenDetails extends EventTarget],
      ScreenDetailed: [class ScreenDetailed extends Screen],
      NamedNodeMap: [class NamedNodeMap],
      TreeWalker: [class TreeWalker],
      NodeIterator: [class NodeIterator],
      DataTransfer: [class DataTransfer],
      DataTransferItem: [class DataTransferItem],
      DataTransferItemList: [class DataTransferItemList extends Array],
      XMLSerializer: [class XMLSerializer],
      ClipboardItem: [class ClipboardItem],
      Selection: [class Selection],
      CSSUnitValue: [class CSSUnitValue],
      SVGAngle: [Function],
      SVGAnimatedAngle: [class SVGAnimatedAngle],
      SVGAnimatedBoolean: [class SVGAnimatedBoolean],
      SVGAnimatedEnumeration: [class SVGAnimatedEnumeration],
      SVGAnimatedInteger: [class SVGAnimatedInteger],
      SVGAnimatedLength: [class SVGAnimatedLength],
      SVGAnimatedNumber: [class SVGAnimatedNumber],
      SVGAnimatedNumberList: [class SVGAnimatedNumberList],
      SVGAnimatedPreserveAspectRatio: [class SVGAnimatedPreserveAspectRatio],
      SVGAnimatedRect: [class SVGAnimatedRect],
      SVGAnimatedString: [class SVGAnimatedString],
      SVGAnimatedTransformList: [class SVGAnimatedTransformList],
      SVGLength: [Function],
      SVGLengthList: [class SVGLengthList],
      SVGMatrix: [class SVGMatrix],
      SVGNumber: [class SVGNumber],
      SVGNumberList: [class SVGNumberList],
      SVGPoint: [class SVGPoint],
      SVGPointList: [class SVGPointList],
      SVGPreserveAspectRatio: [Function],
      SVGRect: [class SVGRect],
      SVGStringList: [class SVGStringList],
      SVGTransform: [Function],
      SVGTransformList: [class SVGTransformList],
      SVGAnimatedLengthList: [class SVGAnimatedLengthList],
      SVGUnitTypes: [Function],
      StylePropertyMap: [class StylePropertyMap extends StylePropertyMapReadOnly],
      StylePropertyMapReadOnly: [class StylePropertyMapReadOnly],
      MediaList: [class MediaList],
      CSSKeywordValue: [class CSSKeywordValue],
      CSSStyleValue: [class CSSStyleValue],
      Window: [class GlobalWindow extends Window],
      URLSearchParams: [class URLSearchParams],
      WritableStream: [Function],
      ReadableStream: [class ReadableStream],
      TransformStream: [Function: Transform],
      PerformanceObserver: [class PerformanceObserver],
      PerformanceEntry: [class PerformanceEntry],
      PerformanceObserverEntryList: [class PerformanceObserverEntryList],
      document: [HTMLDocument],
      customElements: [CustomElementRegistry],
      window: [Circular *5],
      globalThis: [Circular *5],
      performance: [Performance [EventTarget]],
      screenLeft: 0,
      screenTop: 0,
      screenX: 0,
      screenY: 0,
      crypto: Crypto {},
      TextEncoder: [class TextEncoder],
      TextDecoder: [class TextDecoder],
      closed: false,
      console: [Console [console]],
      name: '',
      Buffer: [Function],
      Document: [class Document extends Document],
      HTMLDocument: [class HTMLDocument extends HTMLDocument],
      XMLDocument: [class XMLDocument extends XMLDocument],
      DocumentFragment: [class DocumentFragment extends DocumentFragment],
      Text: [class Text extends Text],
      Comment: [class Comment extends Comment],
      Image: [class Image extends Image],
      Audio: [class Audio extends Audio],
      MutationObserver: [class MutationObserver extends MutationObserver],
      MessagePort: [class MessagePort extends MessagePort],
      CSSStyleSheet: [class CSSStyleSheet extends CSSStyleSheet],
      DOMException: [class DOMException extends DOMException],
      Headers: [class Headers extends Headers],
      Request: [class Request extends Request],
      Response: [Function],
      EventTarget: [class EventTarget extends EventTarget],
      XMLHttpRequestUpload: [class XMLHttpRequestUpload extends XMLHttpRequestUpload],
      XMLHttpRequestEventTarget: [class XMLHttpRequestEventTarget extends XMLHttpRequestEventTarget],
      AbortController: [class AbortController extends AbortController],
      AbortSignal: [Function],
      FormData: [class FormData extends FormData],
      PermissionStatus: [class PermissionStatus extends PermissionStatus],
      XMLHttpRequest: [class XMLHttpRequest extends XMLHttpRequest],
      DOMParser: [class DOMParser extends DOMParser],
      Range: [class Range extends Range],
      VTTCue: [class VTTCue extends VTTCue],
      TextTrack: [class TextTrack extends TextTrack],
      TextTrackList: [class TextTrackList extends TextTrackList],
      TextTrackCue: [class TextTrackCue extends TextTrackCue],
      RemotePlayback: [class RemotePlayback extends RemotePlayback],
      FileReader: [class FileReader extends FileReader],
      MediaStream: [class MediaStream extends MediaStream],
      MediaStreamTrack: [class MediaStreamTrack extends MediaStreamTrack],
      CanvasCaptureMediaStreamTrack: [class CanvasCaptureMediaStreamTrack extends CanvasCaptureMediaStreamTrack],
      URL: [class URL extends URL],
      WebSocket: [class WebSocket extends WebSocket],
      ImageData: [class ImageData extends ImageData],
      OffscreenCanvas: [class OffscreenCanvas extends OffscreenCanvas],
      DOMMatrixReadOnly: [class DOMMatrixReadOnly extends DOMMatrixReadOnly],
      DOMMatrix: [class DOMMatrix extends DOMMatrix],
      DOMPointReadOnly: [class DOMPointReadOnly extends DOMPointReadOnly],
      DOMPoint: [class DOMPoint extends DOMPoint],
      Animation: [class Animation extends Animation],
      KeyframeEffect: [class KeyframeEffect extends KeyframeEffect],
      happyDOM: DetachedWindowAPI {},
      Array: [Function: Array],
      ArrayBuffer: [Function: ArrayBuffer],
      Boolean: [Function: Boolean],
      DataView: [Function: DataView],
      Date: [Function: Date],
      Error: [Function],
      EvalError: [Function: EvalError],
      Float32Array: [Function: Float32Array],
      Float64Array: [Function: Float64Array],
      Function: [Function: Function],
      Infinity: Infinity,
      Int16Array: [Function: Int16Array],
      Int32Array: [Function: Int32Array],
      Int8Array: [Function: Int8Array],
      Intl: Object [Intl] {},
      JSON: Object [JSON] {},
      Map: [Function: Map],
      Math: Object [Math] {},
      NaN: NaN,
      Number: [Function: Number],
      Object: [Function: Object],
      Promise: [Function: Promise],
      RangeError: [Function: RangeError],
      ReferenceError: [Function: ReferenceError],
      RegExp: [Function: RegExp],
      Set: [Function: Set],
      String: [Function: String],
      Symbol: [Function],
      SyntaxError: [Function: SyntaxError],
      TypeError: [Function: TypeError],
      URIError: [Function: URIError],
      Uint16Array: [Function: Uint16Array],
      Uint32Array: [Function: Uint32Array],
      Uint8Array: [Function: Uint8Array],
      Uint8ClampedArray: [Function: Uint8ClampedArray],
      WeakMap: [Function: WeakMap],
      WeakSet: [Function: WeakSet],
      decodeURI: [Function: decodeURI],
      decodeURIComponent: [Function: decodeURIComponent],
      encodeURI: [Function: encodeURI],
      encodeURIComponent: [Function: encodeURIComponent],
      eval: [Function: eval],
      escape: [Function: escape],
      global: [Object [global]],
      isFinite: [Function: isFinite],
      isNaN: [Function: isNaN],
      parseFloat: [Function: parseFloat],
      parseInt: [Function: parseInt],
      undefined: undefined,
      unescape: [Function: unescape],
      [Symbol(listeners)]: [Object],
      [Symbol(listenerOptions)]: [Object],
      [Symbol(mutationObservers)]: [],
      [Symbol(readyStateManager)]: DocumentReadyStateManager {},
      [Symbol(location)]: [Location],
      [Symbol(history)]: History {},
      [Symbol(navigator)]: Navigator {},
      [Symbol(screen)]: [Screen [EventTarget]],
      [Symbol(sessionStorage)]: [Storage],
      [Symbol(localStorage)]: [Storage],
      [Symbol(cookieStore)]: [CookieStore [EventTarget]],
      [Symbol(self)]: [Circular *5],
      [Symbol(top)]: [Circular *5],
      [Symbol(parent)]: [Circular *5],
      [Symbol(window)]: [Circular *5],
      [Symbol(frames)]: [Circular *5],
      [Symbol(internalId)]: 0,
      [Symbol(customElementReactionStack)]: [CustomElementReactionStack],
      [Symbol(modules)]: [Object],
      [Symbol(moduleImportMap)]: null,
      [Symbol(openWebSockets)]: [],
      [Symbol(propertyEventListeners)]: Map(0) {},
      [Symbol(querySelectorCache)]: [Map]
    },
    [Symbol(classList)]: null,
    [Symbol(isValue)]: null,
    [Symbol(nodeType)]: 1,
    [Symbol(prefix)]: null,
    [Symbol(shadowRoot)]: null,
    [Symbol(scrollHeight)]: 0,
    [Symbol(scrollWidth)]: 0,
    [Symbol(scrollTop)]: 0,
    [Symbol(scrollLeft)]: 0,
    [Symbol(attributes)]: NamedNodeMap {
      [Symbol(itemsByNamespaceURI)]: Map(0) {},
      [Symbol(itemsByName)]: Map(0) {},
      [Symbol(items)]: Map(0) {},
      [Symbol(ownerElement)]: [Circular *3]
    },
    [Symbol(attributesProxy)]: null,
    [Symbol(children)]: null,
    [Symbol(computedStyle)]: null,
    [Symbol(pointerCaptures)]: Set(0) {},
    [Symbol(propertyEventListeners)]: Map(0) {},
    [Symbol(animations)]: [],
    [Symbol(tagName)]: 'DIV',
    [Symbol(localName)]: 'div',
    [Symbol(namespaceURI)]: 'http://www.w3.org/1999/xhtml',
    [Symbol(accessKey)]: '',
    [Symbol(offsetHeight)]: 0,
    [Symbol(offsetWidth)]: 0,
    [Symbol(offsetLeft)]: 0,
    [Symbol(offsetTop)]: 0,
    [Symbol(clientHeight)]: 0,
    [Symbol(clientWidth)]: 0,
    [Symbol(clientLeft)]: 0,
    [Symbol(clientTop)]: 0,
    [Symbol(style)]: null,
    [Symbol(dataset)]: null,
    [Symbol(customElementDefineCallback)]: null
  },
  [Symbol(rootNode)]: <ref *4> HTMLDocument {
    defaultView: [Getter],
    _reactListening7defm8ungkm: true,
    [Symbol(listeners)]: { bubbling: [Map], capturing: Map(0) {} },
    [Symbol(listenerOptions)]: { bubbling: [Map], capturing: Map(0) {} },
    [Symbol(isConnected)]: true,
    [Symbol(parentNode)]: null,
    [Symbol(rootNode)]: [Circular *4],
    [Symbol(styleNode)]: null,
    [Symbol(textAreaNode)]: null,
    [Symbol(formNode)]: null,
    [Symbol(selectNode)]: null,
    [Symbol(mutationListeners)]: [],
    [Symbol(nodeArray)]: [ [HTMLHtmlElement] ],
    [Symbol(elementArray)]: [ [HTMLHtmlElement] ],
    [Symbol(childNodes)]: null,
    [Symbol(assignedToSlot)]: null,
    [Symbol(cache)]: {
      querySelector: Map(0) {},
      querySelectorAll: Map(0) {},
      matches: Map(0) {},
      elementsByTagName: Map(0) {},
      elementsByTagNameNS: Map(0) {},
      elementByTagName: Map(0) {},
      elementById: Map(0) {},
      computedStyle: null
    },
    [Symbol(affectsCache)]: [ [Object], [Object], [Object], [Object], [Object] ],
    [Symbol(ownerDocument)]: null,
    [Symbol(children)]: null,
    [Symbol(activeElement)]: null,
    [Symbol(nextActiveElement)]: null,
    [Symbol(currentScript)]: null,
    [Symbol(isFirstWrite)]: true,
    [Symbol(isFirstWriteAfterOpen)]: false,
    [Symbol(nodeType)]: 9,
    [Symbol(adoptedStyleSheets)]: [],
    [Symbol(implementation)]: DOMImplementation {},
    [Symbol(readyState)]: 'complete',
    [Symbol(referrer)]: '',
    [Symbol(defaultView)]: <ref *5> GlobalWindow [EventTarget] {
      Node: [Function],
      Attr: [class Attr extends Node],
      ShadowRoot: [class ShadowRoot extends DocumentFragment],
      ProcessingInstruction: [class ProcessingInstruction extends CharacterData],
      Element: [Function],
      CharacterData: [class CharacterData extends Node],
      DocumentType: [class DocumentType extends Node],
      AnimationTimeline: [class AnimationTimeline],
      DocumentTimeline: [class DocumentTimeline extends AnimationTimeline],
      HTMLAnchorElement: [class HTMLAnchorElement extends HTMLElement],
      HTMLButtonElement: [class HTMLButtonElement extends HTMLElement],
      HTMLOptGroupElement: [class HTMLOptGroupElement extends HTMLElement],
      HTMLOptionElement: [class HTMLOptionElement extends HTMLElement],
      HTMLElement: [Function],
      HTMLUnknownElement: [class HTMLUnknownElement extends HTMLElement],
      HTMLTemplateElement: [class HTMLTemplateElement extends HTMLElement],
      HTMLInputElement: [class HTMLInputElement extends HTMLElement],
      HTMLSelectElement: [class HTMLSelectElement extends HTMLElement],
      HTMLTextAreaElement: [class HTMLTextAreaElement extends HTMLElement],
      HTMLImageElement: [class HTMLImageElement extends HTMLElement],
      HTMLStyleElement: [class HTMLStyleElement extends HTMLElement],
      HTMLLabelElement: [class HTMLLabelElement extends HTMLElement],
      HTMLSlotElement: [class HTMLSlotElement extends HTMLElement],
      HTMLMetaElement: [class HTMLMetaElement extends HTMLElement],
      HTMLMediaElement: [class HTMLMediaElement extends HTMLElement],
      HTMLAudioElement: [class HTMLAudioElement extends HTMLMediaElement],
      HTMLVideoElement: [class HTMLVideoElement extends HTMLMediaElement],
      HTMLBaseElement: [class HTMLBaseElement extends HTMLElement],
      HTMLDialogElement: [class HTMLDialogElement extends HTMLElement],
      HTMLScriptElement: [class HTMLScriptElement extends HTMLElement],
      HTMLLinkElement: [class HTMLLinkElement extends HTMLElement],
      HTMLIFrameElement: [class HTMLIFrameElement extends HTMLElement],
      HTMLFormElement: [class HTMLFormElement extends HTMLElement],
      HTMLUListElement: [class HTMLUListElement extends HTMLElement],
      HTMLTrackElement: [class HTMLTrackElement extends HTMLElement],
      HTMLTableRowElement: [class HTMLTableRowElement extends HTMLElement],
      HTMLTitleElement: [class HTMLTitleElement extends HTMLElement],
      HTMLTimeElement: [class HTMLTimeElement extends HTMLElement],
      HTMLTableSectionElement: [class HTMLTableSectionElement extends HTMLElement],
      HTMLTableCellElement: [class HTMLTableCellElement extends HTMLElement],
      HTMLTableElement: [class HTMLTableElement extends HTMLElement],
      HTMLSpanElement: [class HTMLSpanElement extends HTMLElement],
      HTMLSourceElement: [class HTMLSourceElement extends HTMLElement],
      HTMLQuoteElement: [class HTMLQuoteElement extends HTMLElement],
      HTMLProgressElement: [class HTMLProgressElement extends HTMLElement],
      HTMLPreElement: [class HTMLPreElement extends HTMLElement],
      HTMLPictureElement: [class HTMLPictureElement extends HTMLElement],
      HTMLParamElement: [class HTMLParamElement extends HTMLElement],
      HTMLParagraphElement: [class HTMLParagraphElement extends HTMLElement],
      HTMLOutputElement: [class HTMLOutputElement extends HTMLElement],
      HTMLOListElement: [class HTMLOListElement extends HTMLElement],
      HTMLObjectElement: [class HTMLObjectElement extends HTMLElement],
      HTMLMeterElement: [class HTMLMeterElement extends HTMLElement],
      HTMLMenuElement: [class HTMLMenuElement extends HTMLElement],
      HTMLMapElement: [class HTMLMapElement extends HTMLElement],
      HTMLLIElement: [class HTMLLIElement extends HTMLElement],
      HTMLLegendElement: [class HTMLLegendElement extends HTMLElement],
      HTMLModElement: [class HTMLModElement extends HTMLElement],
      HTMLHtmlElement: [class HTMLHtmlElement extends HTMLElement],
      HTMLHRElement: [class HTMLHRElement extends HTMLElement],
      HTMLHeadElement: [class HTMLHeadElement extends HTMLElement],
      HTMLHeadingElement: [class HTMLHeadingElement extends HTMLElement],
      HTMLFieldSetElement: [class HTMLFieldSetElement extends HTMLElement],
      HTMLEmbedElement: [class HTMLEmbedElement extends HTMLElement],
      HTMLDListElement: [class HTMLDListElement extends HTMLElement],
      HTMLDivElement: [class HTMLDivElement extends HTMLElement],
      HTMLDetailsElement: [class HTMLDetailsElement extends HTMLElement],
      HTMLDataListElement: [class HTMLDataListElement extends HTMLElement],
      HTMLDataElement: [class HTMLDataElement extends HTMLElement],
      HTMLTableColElement: [class HTMLTableColElement extends HTMLElement],
      HTMLTableCaptionElement: [class HTMLTableCaptionElement extends HTMLElement],
      HTMLCanvasElement: [class HTMLCanvasElement extends HTMLElement],
      HTMLBRElement: [class HTMLBRElement extends HTMLElement],
      HTMLBodyElement: [class HTMLBodyElement extends HTMLElement],
      HTMLAreaElement: [class HTMLAreaElement extends HTMLElement],
      SVGSVGElement: [class SVGSVGElement extends SVGGraphicsElement],
      SVGAnimateElement: [class SVGAnimateElement extends SVGAnimationElement],
      SVGAnimateMotionElement: [class SVGAnimateMotionElement extends SVGAnimationElement],
      SVGAnimateTransformElement: [class SVGAnimateTransformElement extends SVGAnimationElement],
      SVGCircleElement: [class SVGCircleElement extends SVGGeometryElement],
      SVGClipPathElement: [class SVGClipPathElement extends SVGElement],
      SVGDefsElement: [class SVGDefsElement extends SVGGraphicsElement],
      SVGDescElement: [class SVGDescElement extends SVGElement],
      SVGEllipseElement: [class SVGEllipseElement extends SVGGeometryElement],
      SVGFEBlendElement: [Function],
      SVGFEColorMatrixElement: [Function],
      SVGFEComponentTransferElement: [class SVGFEComponentTransferElement extends SVGElement],
      SVGFECompositeElement: [Function],
      SVGFEConvolveMatrixElement: [Function],
      SVGFEDiffuseLightingElement: [class SVGFEDiffuseLightingElement extends SVGElement],
      SVGFEDisplacementMapElement: [Function],
      SVGFEDistantLightElement: [class SVGFEDistantLightElement extends SVGElement],
      SVGFEDropShadowElement: [class SVGFEDropShadowElement extends SVGElement],
      SVGFEFloodElement: [class SVGFEFloodElement extends SVGElement],
      SVGFEFuncAElement: [class SVGFEFuncAElement extends SVGComponentTransferFunctionElement],
      SVGFEFuncBElement: [class SVGFEFuncBElement extends SVGComponentTransferFunctionElement],
      SVGFEFuncGElement: [class SVGFEFuncGElement extends SVGComponentTransferFunctionElement],
      SVGFEFuncRElement: [class SVGFEFuncRElement extends SVGComponentTransferFunctionElement],
      SVGFEGaussianBlurElement: [Function],
      SVGFEImageElement: [class SVGFEImageElement extends SVGElement],
      SVGFEMergeElement: [class SVGFEMergeElement extends SVGElement],
      SVGFEMergeNodeElement: [class SVGFEMergeNodeElement extends SVGElement],
      SVGFEMorphologyElement: [Function],
      SVGFEOffsetElement: [class SVGFEOffsetElement extends SVGElement],
      SVGFEPointLightElement: [class SVGFEPointLightElement extends SVGElement],
      SVGFESpecularLightingElement: [class SVGFESpecularLightingElement extends SVGElement],
      SVGFESpotLightElement: [class SVGFESpotLightElement extends SVGElement],
      SVGFETileElement: [class SVGFETileElement extends SVGElement],
      SVGFETurbulenceElement: [Function],
      SVGFilterElement: [class SVGFilterElement extends SVGElement],
      SVGForeignObjectElement: [class SVGForeignObjectElement extends SVGGraphicsElement],
      SVGGElement: [class SVGGElement extends SVGGraphicsElement],
      SVGImageElement: [class SVGImageElement extends SVGGraphicsElement],
      SVGLineElement: [class SVGLineElement extends SVGGeometryElement],
      SVGLinearGradientElement: [class SVGLinearGradientElement extends SVGGradientElement],
      SVGMarkerElement: [Function],
      SVGMaskElement: [class SVGMaskElement extends SVGElement],
      SVGMetadataElement: [class SVGMetadataElement extends SVGElement],
      SVGMPathElement: [class SVGMPathElement extends SVGElement],
      SVGPathElement: [class SVGPathElement extends SVGGeometryElement],
      SVGPatternElement: [class SVGPatternElement extends SVGElement],
      SVGPolygonElement: [class SVGPolygonElement extends SVGGeometryElement],
      SVGPolylineElement: [class SVGPolylineElement extends SVGGeometryElement],
      SVGRadialGradientElement: [class SVGRadialGradientElement extends SVGGradientElement],
      SVGRectElement: [class SVGRectElement extends SVGGeometryElement],
      SVGScriptElement: [class SVGScriptElement extends SVGGraphicsElement],
      SVGSetElement: [class SVGSetElement extends SVGAnimationElement],
      SVGStopElement: [class SVGStopElement extends SVGElement],
      SVGStyleElement: [class SVGStyleElement extends SVGElement],
      SVGSwitchElement: [class SVGSwitchElement extends SVGGraphicsElement],
      SVGSymbolElement: [class SVGSymbolElement extends SVGGraphicsElement],
      SVGTextElement: [class SVGTextElement extends SVGTextPositioningElement],
      SVGTextPathElement: [Function],
      SVGTitleElement: [class SVGTitleElement extends SVGElement],
      SVGTSpanElement: [class SVGTSpanElement extends SVGTextPositioningElement],
      SVGUseElement: [class SVGUseElement extends SVGGraphicsElement],
      SVGViewElement: [class SVGViewElement extends SVGElement],
      SVGElement: [class SVGElement extends Element],
      SVGAnimationElement: [class SVGAnimationElement extends SVGElement],
      SVGComponentTransferFunctionElement: [Function],
      SVGGeometryElement: [class SVGGeometryElement extends SVGGraphicsElement],
      SVGGradientElement: [Function],
      SVGTextPositioningElement: [class SVGTextPositioningElement extends SVGTextContentElement],
      SVGGraphicsElement: [class SVGGraphicsElement extends SVGElement],
      Event: [Function],
      UIEvent: [Function],
      CustomEvent: [class CustomEvent extends Event],
      CloseEvent: [class CloseEvent extends Event],
      AnimationEvent: [class AnimationEvent extends Event],
      KeyboardEvent: [Function],
      MessageEvent: [class MessageEvent extends Event],
      MouseEvent: [class MouseEvent extends UIEvent],
      PointerEvent: [class PointerEvent extends MouseEvent],
      FocusEvent: [class FocusEvent extends UIEvent],
      WheelEvent: [Function],
      InputEvent: [class InputEvent extends UIEvent],
      ErrorEvent: [class ErrorEvent extends UIEvent],
      StorageEvent: [class StorageEvent extends Event],
      SubmitEvent: [class SubmitEvent extends Event],
      ProgressEvent: [class ProgressEvent extends Event],
      MediaQueryListEvent: [class MediaQueryListEvent extends Event],
      HashChangeEvent: [class HashChangeEvent extends Event],
      ClipboardEvent: [class ClipboardEvent extends Event],
      CookieChangeEvent: [class CookieChangeEvent extends Event],
      TouchEvent: [class TouchEvent extends UIEvent],
      PopStateEvent: [class PopStateEvent extends Event],
      Touch: [class Touch],
      AudioProcessingEvent: [Function],
      BeforeInputEvent: [Function],
      BeforeUnloadEvent: [Function],
      BlobEvent: [Function],
      CompositionEvent: [Function],
      CSSFontFaceLoadEvent: [Function],
      DeviceLightEvent: [Function],
      DeviceMotionEvent: [Function],
      DeviceOrientationEvent: [Function],
      DeviceProximityEvent: [Function],
      DOMTransactionEvent: [Function],
      DragEvent: [Function],
      EditingBeforeInputEvent: [Function],
      FetchEvent: [Function],
      GamepadEvent: [Function],
      IDBVersionChangeEvent: [Function],
      MediaStreamEvent: [Function],
      MutationEvent: [Function],
      OfflineAudioCompletionEvent: [Function],
      OverconstrainedError: [Function],
      PageTransitionEvent: [Function],
      PaymentRequestUpdateEvent: [Function],
      RelatedEvent: [Function],
      RTCDataChannelEvent: [Function],
      RTCIdentityErrorEvent: [Function],
      RTCIdentityEvent: [Function],
      RTCPeerConnectionIceEvent: [Function],
      SensorEvent: [Function],
      SVGEvent: [Function],
      SVGZoomEvent: [Function],
      TimeEvent: [Function],
      TrackEvent: [Function],
      TransitionEvent: [Function],
      UserProximityEvent: [Function],
      WebGLContextEvent: [Function],
      TextEvent: [Function],
      Permissions: [class Permissions],
      History: [class History],
      Navigator: [class Navigator],
      Clipboard: [class Clipboard],
      TimeRanges: [class TimeRanges],
      TextTrackCueList: [class TextTrackCueList extends Array],
      ValidityState: [class ValidityState],
      MutationRecord: [class MutationRecord],
      IntersectionObserver: [class IntersectionObserver],
      IntersectionObserverEntry: [class IntersectionObserverEntry],
      CSSStyleDeclaration: [class CSSStyleDeclaration],
      CSSRule: [Function],
      CSSContainerRule: [class CSSContainerRule extends CSSConditionRule],
      CSSFontFaceRule: [class CSSFontFaceRule extends CSSRule],
      CSSKeyframeRule: [class CSSKeyframeRule extends CSSRule],
      CSSKeyframesRule: [class CSSKeyframesRule extends CSSRule],
      CSSMediaRule: [class CSSMediaRule extends CSSConditionRule],
      CSSStyleRule: [class CSSStyleRule extends CSSGroupingRule],
      CSSSupportsRule: [class CSSSupportsRule extends CSSConditionRule],
      CSSConditionRule: [class CSSConditionRule extends CSSGroupingRule],
      CSSGroupingRule: [class CSSGroupingRule extends CSSRule],
      CSSScopeRule: [class CSSScopeRule extends CSSGroupingRule],
      DOMRect: [class DOMRect extends DOMRectReadOnly],
      DOMRectReadOnly: [class DOMRectReadOnly],
      Plugin: [class Plugin],
      PluginArray: [class PluginArray],
      Location: [class Location],
      CustomElementRegistry: [class CustomElementRegistry],
      ResizeObserver: [class ResizeObserver],
      Blob: [class Blob],
      File: [class File extends Blob],
      Storage: [class Storage],
      CookieStore: [class CookieStore extends EventTarget],
      MimeType: [class MimeType],
      MimeTypeArray: [class MimeTypeArray],
      NodeFilter: [Object],
      ImageBitmap: [class ImageBitmap],
      HTMLCollection: [class HTMLCollection],
      HTMLFormControlCollection: [class HTMLFormControlsCollection extends HTMLCollection],
      HTMLOptionsCollection: [class HTMLOptionsCollection extends HTMLCollection],
      NodeList: [class NodeList],
      RadioNodeList: [class RadioNodeList extends NodeList],
      FileList: [class FileList extends Array],
      Screen: [class Screen extends EventTarget],
      ScreenDetails: [class ScreenDetails extends EventTarget],
      ScreenDetailed: [class ScreenDetailed extends Screen],
      NamedNodeMap: [class NamedNodeMap],
      TreeWalker: [class TreeWalker],
      NodeIterator: [class NodeIterator],
      DataTransfer: [class DataTransfer],
      DataTransferItem: [class DataTransferItem],
      DataTransferItemList: [class DataTransferItemList extends Array],
      XMLSerializer: [class XMLSerializer],
      ClipboardItem: [class ClipboardItem],
      Selection: [class Selection],
      CSSUnitValue: [class CSSUnitValue],
      SVGAngle: [Function],
      SVGAnimatedAngle: [class SVGAnimatedAngle],
      SVGAnimatedBoolean: [class SVGAnimatedBoolean],
      SVGAnimatedEnumeration: [class SVGAnimatedEnumeration],
      SVGAnimatedInteger: [class SVGAnimatedInteger],
      SVGAnimatedLength: [class SVGAnimatedLength],
      SVGAnimatedNumber: [class SVGAnimatedNumber],
      SVGAnimatedNumberList: [class SVGAnimatedNumberList],
      SVGAnimatedPreserveAspectRatio: [class SVGAnimatedPreserveAspectRatio],
      SVGAnimatedRect: [class SVGAnimatedRect],
      SVGAnimatedString: [class SVGAnimatedString],
      SVGAnimatedTransformList: [class SVGAnimatedTransformList],
      SVGLength: [Function],
      SVGLengthList: [class SVGLengthList],
      SVGMatrix: [class SVGMatrix],
      SVGNumber: [class SVGNumber],
      SVGNumberList: [class SVGNumberList],
      SVGPoint: [class SVGPoint],
      SVGPointList: [class SVGPointList],
      SVGPreserveAspectRatio: [Function],
      SVGRect: [class SVGRect],
      SVGStringList: [class SVGStringList],
      SVGTransform: [Function],
      SVGTransformList: [class SVGTransformList],
      SVGAnimatedLengthList: [class SVGAnimatedLengthList],
      SVGUnitTypes: [Function],
      StylePropertyMap: [class StylePropertyMap extends StylePropertyMapReadOnly],
      StylePropertyMapReadOnly: [class StylePropertyMapReadOnly],
      MediaList: [class MediaList],
      CSSKeywordValue: [class CSSKeywordValue],
      CSSStyleValue: [class CSSStyleValue],
      Window: [class GlobalWindow extends Window],
      URLSearchParams: [class URLSearchParams],
      WritableStream: [Function],
      ReadableStream: [class ReadableStream],
      TransformStream: [Function: Transform],
      PerformanceObserver: [class PerformanceObserver],
      PerformanceEntry: [class PerformanceEntry],
      PerformanceObserverEntryList: [class PerformanceObserverEntryList],
      document: [Circular *4],
      customElements: [CustomElementRegistry],
      window: [Circular *5],
      globalThis: [Circular *5],
      performance: [Performance [EventTarget]],
      screenLeft: 0,
      screenTop: 0,
      screenX: 0,
      screenY: 0,
      crypto: Crypto {},
      TextEncoder: [class TextEncoder],
      TextDecoder: [class TextDecoder],
      closed: false,
      console: [Console [console]],
      name: '',
      Buffer: [Function],
      Document: [class Document extends Document],
      HTMLDocument: [class HTMLDocument extends HTMLDocument],
      XMLDocument: [class XMLDocument extends XMLDocument],
      DocumentFragment: [class DocumentFragment extends DocumentFragment],
      Text: [class Text extends Text],
      Comment: [class Comment extends Comment],
      Image: [class Image extends Image],
      Audio: [class Audio extends Audio],
      MutationObserver: [class MutationObserver extends MutationObserver],
      MessagePort: [class MessagePort extends MessagePort],
      CSSStyleSheet: [class CSSStyleSheet extends CSSStyleSheet],
      DOMException: [class DOMException extends DOMException],
      Headers: [class Headers extends Headers],
      Request: [class Request extends Request],
      Response: [Function],
      EventTarget: [class EventTarget extends EventTarget],
      XMLHttpRequestUpload: [class XMLHttpRequestUpload extends XMLHttpRequestUpload],
      XMLHttpRequestEventTarget: [class XMLHttpRequestEventTarget extends XMLHttpRequestEventTarget],
      AbortController: [class AbortController extends AbortController],
      AbortSignal: [Function],
      FormData: [class FormData extends FormData],
      PermissionStatus: [class PermissionStatus extends PermissionStatus],
      XMLHttpRequest: [class XMLHttpRequest extends XMLHttpRequest],
      DOMParser: [class DOMParser extends DOMParser],
      Range: [class Range extends Range],
      VTTCue: [class VTTCue extends VTTCue],
      TextTrack: [class TextTrack extends TextTrack],
      TextTrackList: [class TextTrackList extends TextTrackList],
      TextTrackCue: [class TextTrackCue extends TextTrackCue],
      RemotePlayback: [class RemotePlayback extends RemotePlayback],
      FileReader: [class FileReader extends FileReader],
      MediaStream: [class MediaStream extends MediaStream],
      MediaStreamTrack: [class MediaStreamTrack extends MediaStreamTrack],
      CanvasCaptureMediaStreamTrack: [class CanvasCaptureMediaStreamTrack extends CanvasCaptureMediaStreamTrack],
      URL: [class URL extends URL],
      WebSocket: [class WebSocket extends WebSocket],
      ImageData: [class ImageData extends ImageData],
      OffscreenCanvas: [class OffscreenCanvas extends OffscreenCanvas],
      DOMMatrixReadOnly: [class DOMMatrixReadOnly extends DOMMatrixReadOnly],
      DOMMatrix: [class DOMMatrix extends DOMMatrix],
      DOMPointReadOnly: [class DOMPointReadOnly extends DOMPointReadOnly],
      DOMPoint: [class DOMPoint extends DOMPoint],
      Animation: [class Animation extends Animation],
      KeyframeEffect: [class KeyframeEffect extends KeyframeEffect],
      happyDOM: DetachedWindowAPI {},
      Array: [Function: Array],
      ArrayBuffer: [Function: ArrayBuffer],
      Boolean: [Function: Boolean],
      DataView: [Function: DataView],
      Date: [Function: Date],
      Error: [Function],
      EvalError: [Function: EvalError],
      Float32Array: [Function: Float32Array],
      Float64Array: [Function: Float64Array],
      Function: [Function: Function],
      Infinity: Infinity,
      Int16Array: [Function: Int16Array],
      Int32Array: [Function: Int32Array],
      Int8Array: [Function: Int8Array],
      Intl: Object [Intl] {},
      JSON: Object [JSON] {},
      Map: [Function: Map],
      Math: Object [Math] {},
      NaN: NaN,
      Number: [Function: Number],
      Object: [Function: Object],
      Promise: [Function: Promise],
      RangeError: [Function: RangeError],
      ReferenceError: [Function: ReferenceError],
      RegExp: [Function: RegExp],
      Set: [Function: Set],
      String: [Function: String],
      Symbol: [Function],
      SyntaxError: [Function: SyntaxError],
      TypeError: [Function: TypeError],
      URIError: [Function: URIError],
      Uint16Array: [Function: Uint16Array],
      Uint32Array: [Function: Uint32Array],
      Uint8Array: [Function: Uint8Array],
      Uint8ClampedArray: [Function: Uint8ClampedArray],
      WeakMap: [Function: WeakMap],
      WeakSet: [Function: WeakSet],
      decodeURI: [Function: decodeURI],
      decodeURIComponent: [Function: decodeURIComponent],
      encodeURI: [Function: encodeURI],
      encodeURIComponent: [Function: encodeURIComponent],
      eval: [Function: eval],
      escape: [Function: escape],
      global: [Object [global]],
      isFinite: [Function: isFinite],
      isNaN: [Function: isNaN],
      parseFloat: [Function: parseFloat],
      parseInt: [Function: parseInt],
      undefined: undefined,
      unescape: [Function: unescape],
      [Symbol(listeners)]: [Object],
      [Symbol(listenerOptions)]: [Object],
      [Symbol(mutationObservers)]: [],
      [Symbol(readyStateManager)]: DocumentReadyStateManager {},
      [Symbol(location)]: [Location],
      [Symbol(history)]: History {},
      [Symbol(navigator)]: Navigator {},
      [Symbol(screen)]: [Screen [EventTarget]],
      [Symbol(sessionStorage)]: [Storage],
      [Symbol(localStorage)]: [Storage],
      [Symbol(cookieStore)]: [CookieStore [EventTarget]],
      [Symbol(self)]: [Circular *5],
      [Symbol(top)]: [Circular *5],
      [Symbol(parent)]: [Circular *5],
      [Symbol(window)]: [Circular *5],
      [Symbol(frames)]: [Circular *5],
      [Symbol(internalId)]: 0,
      [Symbol(customElementReactionStack)]: [CustomElementReactionStack],
      [Symbol(modules)]: [Object],
      [Symbol(moduleImportMap)]: null,
      [Symbol(openWebSockets)]: [],
      [Symbol(propertyEventListeners)]: Map(0) {},
      [Symbol(querySelectorCache)]: [Map]
    },
    [Symbol(forms)]: null,
    [Symbol(links)]: null,
    [Symbol(affectsComputedStyleCache)]: [],
    [Symbol(elementIdMap)]: Map(0) {},
    [Symbol(contentType)]: 'text/html',
    [Symbol(xmlProcessingInstruction)]: null,
    [Symbol(preloads)]: Map(0) {},
    [Symbol(propertyEventListeners)]: Map(0) {},
    [Symbol(selection)]: null,
    [Symbol(timeline)]: DocumentTimeline {}
  },
  [Symbol(styleNode)]: null,
  [Symbol(textAreaNode)]: null,
  [Symbol(formNode)]: null,
  [Symbol(selectNode)]: null,
  [Symbol(mutationListeners)]: [],
  [Symbol(nodeArray)]: [],
  [Symbol(elementArray)]: [],
  [Symbol(childNodes)]: null,
  [Symbol(assignedToSlot)]: null,
  [Symbol(cache)]: {
    querySelector: Map(0) {},
    querySelectorAll: Map(0) {},
    matches: Map(0) {},
    elementsByTagName: Map(0) {},
    elementsByTagNameNS: Map(0) {},
    elementByTagName: Map(0) {},
    elementById: Map(0) {},
    computedStyle: null
  },
  [Symbol(affectsCache)]: [],
  [Symbol(ownerDocument)]: <ref *4> HTMLDocument {
    defaultView: [Getter],
    _reactListening7defm8ungkm: true,
    [Symbol(listeners)]: { bubbling: [Map], capturing: Map(0) {} },
    [Symbol(listenerOptions)]: { bubbling: [Map], capturing: Map(0) {} },
    [Symbol(isConnected)]: true,
    [Symbol(parentNode)]: null,
    [Symbol(rootNode)]: [Circular *4],
    [Symbol(styleNode)]: null,
    [Symbol(textAreaNode)]: null,
    [Symbol(formNode)]: null,
    [Symbol(selectNode)]: null,
    [Symbol(mutationListeners)]: [],
    [Symbol(nodeArray)]: [ [HTMLHtmlElement] ],
    [Symbol(elementArray)]: [ [HTMLHtmlElement] ],
    [Symbol(childNodes)]: null,
    [Symbol(assignedToSlot)]: null,
    [Symbol(cache)]: {
      querySelector: Map(0) {},
      querySelectorAll: Map(0) {},
      matches: Map(0) {},
      elementsByTagName: Map(0) {},
      elementsByTagNameNS: Map(0) {},
      elementByTagName: Map(0) {},
      elementById: Map(0) {},
      computedStyle: null
    },
    [Symbol(affectsCache)]: [ [Object], [Object], [Object], [Object], [Object] ],
    [Symbol(ownerDocument)]: null,
    [Symbol(children)]: null,
    [Symbol(activeElement)]: null,
    [Symbol(nextActiveElement)]: null,
    [Symbol(currentScript)]: null,
    [Symbol(isFirstWrite)]: true,
    [Symbol(isFirstWriteAfterOpen)]: false,
    [Symbol(nodeType)]: 9,
    [Symbol(adoptedStyleSheets)]: [],
    [Symbol(implementation)]: DOMImplementation {},
    [Symbol(readyState)]: 'complete',
    [Symbol(referrer)]: '',
    [Symbol(defaultView)]: <ref *5> GlobalWindow [EventTarget] {
      Node: [Function],
      Attr: [class Attr extends Node],
      ShadowRoot: [class ShadowRoot extends DocumentFragment],
      ProcessingInstruction: [class ProcessingInstruction extends CharacterData],
      Element: [Function],
      CharacterData: [class CharacterData extends Node],
      DocumentType: [class DocumentType extends Node],
      AnimationTimeline: [class AnimationTimeline],
      DocumentTimeline: [class DocumentTimeline extends AnimationTimeline],
      HTMLAnchorElement: [class HTMLAnchorElement extends HTMLElement],
      HTMLButtonElement: [class HTMLButtonElement extends HTMLElement],
      HTMLOptGroupElement: [class HTMLOptGroupElement extends HTMLElement],
      HTMLOptionElement: [class HTMLOptionElement extends HTMLElement],
      HTMLElement: [Function],
      HTMLUnknownElement: [class HTMLUnknownElement extends HTMLElement],
      HTMLTemplateElement: [class HTMLTemplateElement extends HTMLElement],
      HTMLInputElement: [class HTMLInputElement extends HTMLElement],
      HTMLSelectElement: [class HTMLSelectElement extends HTMLElement],
      HTMLTextAreaElement: [class HTMLTextAreaElement extends HTMLElement],
      HTMLImageElement: [class HTMLImageElement extends HTMLElement],
      HTMLStyleElement: [class HTMLStyleElement extends HTMLElement],
      HTMLLabelElement: [class HTMLLabelElement extends HTMLElement],
      HTMLSlotElement: [class HTMLSlotElement extends HTMLElement],
      HTMLMetaElement: [class HTMLMetaElement extends HTMLElement],
      HTMLMediaElement: [class HTMLMediaElement extends HTMLElement],
      HTMLAudioElement: [class HTMLAudioElement extends HTMLMediaElement],
      HTMLVideoElement: [class HTMLVideoElement extends HTMLMediaElement],
      HTMLBaseElement: [class HTMLBaseElement extends HTMLElement],
      HTMLDialogElement: [class HTMLDialogElement extends HTMLElement],
      HTMLScriptElement: [class HTMLScriptElement extends HTMLElement],
      HTMLLinkElement: [class HTMLLinkElement extends HTMLElement],
      HTMLIFrameElement: [class HTMLIFrameElement extends HTMLElement],
      HTMLFormElement: [class HTMLFormElement extends HTMLElement],
      HTMLUListElement: [class HTMLUListElement extends HTMLElement],
      HTMLTrackElement: [class HTMLTrackElement extends HTMLElement],
      HTMLTableRowElement: [class HTMLTableRowElement extends HTMLElement],
      HTMLTitleElement: [class HTMLTitleElement extends HTMLElement],
      HTMLTimeElement: [class HTMLTimeElement extends HTMLElement],
      HTMLTableSectionElement: [class HTMLTableSectionElement extends HTMLElement],
      HTMLTableCellElement: [class HTMLTableCellElement extends HTMLElement],
      HTMLTableElement: [class HTMLTableElement extends HTMLElement],
      HTMLSpanElement: [class HTMLSpanElement extends HTMLElement],
      HTMLSourceElement: [class HTMLSourceElement extends HTMLElement],
      HTMLQuoteElement: [class HTMLQuoteElement extends HTMLElement],
      HTMLProgressElement: [class HTMLProgressElement extends HTMLElement],
      HTMLPreElement: [class HTMLPreElement extends HTMLElement],
      HTMLPictureElement: [class HTMLPictureElement extends HTMLElement],
      HTMLParamElement: [class HTMLParamElement extends HTMLElement],
      HTMLParagraphElement: [class HTMLParagraphElement extends HTMLElement],
      HTMLOutputElement: [class HTMLOutputElement extends HTMLElement],
      HTMLOListElement: [class HTMLOListElement extends HTMLElement],
      HTMLObjectElement: [class HTMLObjectElement extends HTMLElement],
      HTMLMeterElement: [class HTMLMeterElement extends HTMLElement],
      HTMLMenuElement: [class HTMLMenuElement extends HTMLElement],
      HTMLMapElement: [class HTMLMapElement extends HTMLElement],
      HTMLLIElement: [class HTMLLIElement extends HTMLElement],
      HTMLLegendElement: [class HTMLLegendElement extends HTMLElement],
      HTMLModElement: [class HTMLModElement extends HTMLElement],
      HTMLHtmlElement: [class HTMLHtmlElement extends HTMLElement],
      HTMLHRElement: [class HTMLHRElement extends HTMLElement],
      HTMLHeadElement: [class HTMLHeadElement extends HTMLElement],
      HTMLHeadingElement: [class HTMLHeadingElement extends HTMLElement],
      HTMLFieldSetElement: [class HTMLFieldSetElement extends HTMLElement],
      HTMLEmbedElement: [class HTMLEmbedElement extends HTMLElement],
      HTMLDListElement: [class HTMLDListElement extends HTMLElement],
      HTMLDivElement: [class HTMLDivElement extends HTMLElement],
      HTMLDetailsElement: [class HTMLDetailsElement extends HTMLElement],
      HTMLDataListElement: [class HTMLDataListElement extends HTMLElement],
      HTMLDataElement: [class HTMLDataElement extends HTMLElement],
      HTMLTableColElement: [class HTMLTableColElement extends HTMLElement],
      HTMLTableCaptionElement: [class HTMLTableCaptionElement extends HTMLElement],
      HTMLCanvasElement: [class HTMLCanvasElement extends HTMLElement],
      HTMLBRElement: [class HTMLBRElement extends HTMLElement],
      HTMLBodyElement: [class HTMLBodyElement extends HTMLElement],
      HTMLAreaElement: [class HTMLAreaElement extends HTMLElement],
      SVGSVGElement: [class SVGSVGElement extends SVGGraphicsElement],
      SVGAnimateElement: [class SVGAnimateElement extends SVGAnimationElement],
      SVGAnimateMotionElement: [class SVGAnimateMotionElement extends SVGAnimationElement],
      SVGAnimateTransformElement: [class SVGAnimateTransformElement extends SVGAnimationElement],
      SVGCircleElement: [class SVGCircleElement extends SVGGeometryElement],
      SVGClipPathElement: [class SVGClipPathElement extends SVGElement],
      SVGDefsElement: [class SVGDefsElement extends SVGGraphicsElement],
      SVGDescElement: [class SVGDescElement extends SVGElement],
      SVGEllipseElement: [class SVGEllipseElement extends SVGGeometryElement],
      SVGFEBlendElement: [Function],
      SVGFEColorMatrixElement: [Function],
      SVGFEComponentTransferElement: [class SVGFEComponentTransferElement extends SVGElement],
      SVGFECompositeElement: [Function],
      SVGFEConvolveMatrixElement: [Function],
      SVGFEDiffuseLightingElement: [class SVGFEDiffuseLightingElement extends SVGElement],
      SVGFEDisplacementMapElement: [Function],
      SVGFEDistantLightElement: [class SVGFEDistantLightElement extends SVGElement],
      SVGFEDropShadowElement: [class SVGFEDropShadowElement extends SVGElement],
      SVGFEFloodElement: [class SVGFEFloodElement extends SVGElement],
      SVGFEFuncAElement: [class SVGFEFuncAElement extends SVGComponentTransferFunctionElement],
      SVGFEFuncBElement: [class SVGFEFuncBElement extends SVGComponentTransferFunctionElement],
      SVGFEFuncGElement: [class SVGFEFuncGElement extends SVGComponentTransferFunctionElement],
      SVGFEFuncRElement: [class SVGFEFuncRElement extends SVGComponentTransferFunctionElement],
      SVGFEGaussianBlurElement: [Function],
      SVGFEImageElement: [class SVGFEImageElement extends SVGElement],
      SVGFEMergeElement: [class SVGFEMergeElement extends SVGElement],
      SVGFEMergeNodeElement: [class SVGFEMergeNodeElement extends SVGElement],
      SVGFEMorphologyElement: [Function],
      SVGFEOffsetElement: [class SVGFEOffsetElement extends SVGElement],
      SVGFEPointLightElement: [class SVGFEPointLightElement extends SVGElement],
      SVGFESpecularLightingElement: [class SVGFESpecularLightingElement extends SVGElement],
      SVGFESpotLightElement: [class SVGFESpotLightElement extends SVGElement],
      SVGFETileElement: [class SVGFETileElement extends SVGElement],
      SVGFETurbulenceElement: [Function],
      SVGFilterElement: [class SVGFilterElement extends SVGElement],
      SVGForeignObjectElement: [class SVGForeignObjectElement extends SVGGraphicsElement],
      SVGGElement: [class SVGGElement extends SVGGraphicsElement],
      SVGImageElement: [class SVGImageElement extends SVGGraphicsElement],
      SVGLineElement: [class SVGLineElement extends SVGGeometryElement],
      SVGLinearGradientElement: [class SVGLinearGradientElement extends SVGGradientElement],
      SVGMarkerElement: [Function],
      SVGMaskElement: [class SVGMaskElement extends SVGElement],
      SVGMetadataElement: [class SVGMetadataElement extends SVGElement],
      SVGMPathElement: [class SVGMPathElement extends SVGElement],
      SVGPathElement: [class SVGPathElement extends SVGGeometryElement],
      SVGPatternElement: [class SVGPatternElement extends SVGElement],
      SVGPolygonElement: [class SVGPolygonElement extends SVGGeometryElement],
      SVGPolylineElement: [class SVGPolylineElement extends SVGGeometryElement],
      SVGRadialGradientElement: [class SVGRadialGradientElement extends SVGGradientElement],
      SVGRectElement: [class SVGRectElement extends SVGGeometryElement],
      SVGScriptElement: [class SVGScriptElement extends SVGGraphicsElement],
      SVGSetElement: [class SVGSetElement extends SVGAnimationElement],
      SVGStopElement: [class SVGStopElement extends SVGElement],
      SVGStyleElement: [class SVGStyleElement extends SVGElement],
      SVGSwitchElement: [class SVGSwitchElement extends SVGGraphicsElement],
      SVGSymbolElement: [class SVGSymbolElement extends SVGGraphicsElement],
      SVGTextElement: [class SVGTextElement extends SVGTextPositioningElement],
      SVGTextPathElement: [Function],
      SVGTitleElement: [class SVGTitleElement extends SVGElement],
      SVGTSpanElement: [class SVGTSpanElement extends SVGTextPositioningElement],
      SVGUseElement: [class SVGUseElement extends SVGGraphicsElement],
      SVGViewElement: [class SVGViewElement extends SVGElement],
      SVGElement: [class SVGElement extends Element],
      SVGAnimationElement: [class SVGAnimationElement extends SVGElement],
      SVGComponentTransferFunctionElement: [Function],
      SVGGeometryElement: [class SVGGeometryElement extends SVGGraphicsElement],
      SVGGradientElement: [Function],
      SVGTextPositioningElement: [class SVGTextPositioningElement extends SVGTextContentElement],
      SVGGraphicsElement: [class SVGGraphicsElement extends SVGElement],
      Event: [Function],
      UIEvent: [Function],
      CustomEvent: [class CustomEvent extends Event],
      CloseEvent: [class CloseEvent extends Event],
      AnimationEvent: [class AnimationEvent extends Event],
      KeyboardEvent: [Function],
      MessageEvent: [class MessageEvent extends Event],
      MouseEvent: [class MouseEvent extends UIEvent],
      PointerEvent: [class PointerEvent extends MouseEvent],
      FocusEvent: [class FocusEvent extends UIEvent],
      WheelEvent: [Function],
      InputEvent: [class InputEvent extends UIEvent],
      ErrorEvent: [class ErrorEvent extends UIEvent],
      StorageEvent: [class StorageEvent extends Event],
      SubmitEvent: [class SubmitEvent extends Event],
      ProgressEvent: [class ProgressEvent extends Event],
      MediaQueryListEvent: [class MediaQueryListEvent extends Event],
      HashChangeEvent: [class HashChangeEvent extends Event],
      ClipboardEvent: [class ClipboardEvent extends Event],
      CookieChangeEvent: [class CookieChangeEvent extends Event],
      TouchEvent: [class TouchEvent extends UIEvent],
      PopStateEvent: [class PopStateEvent extends Event],
      Touch: [class Touch],
      AudioProcessingEvent: [Function],
      BeforeInputEvent: [Function],
      BeforeUnloadEvent: [Function],
      BlobEvent: [Function],
      CompositionEvent: [Function],
      CSSFontFaceLoadEvent: [Function],
      DeviceLightEvent: [Function],
      DeviceMotionEvent: [Function],
      DeviceOrientationEvent: [Function],
      DeviceProximityEvent: [Function],
      DOMTransactionEvent: [Function],
      DragEvent: [Function],
      EditingBeforeInputEvent: [Function],
      FetchEvent: [Function],
      GamepadEvent: [Function],
      IDBVersionChangeEvent: [Function],
      MediaStreamEvent: [Function],
      MutationEvent: [Function],
      OfflineAudioCompletionEvent: [Function],
      OverconstrainedError: [Function],
      PageTransitionEvent: [Function],
      PaymentRequestUpdateEvent: [Function],
      RelatedEvent: [Function],
      RTCDataChannelEvent: [Function],
      RTCIdentityErrorEvent: [Function],
      RTCIdentityEvent: [Function],
      RTCPeerConnectionIceEvent: [Function],
      SensorEvent: [Function],
      SVGEvent: [Function],
      SVGZoomEvent: [Function],
      TimeEvent: [Function],
      TrackEvent: [Function],
      TransitionEvent: [Function],
      UserProximityEvent: [Function],
      WebGLContextEvent: [Function],
      TextEvent: [Function],
      Permissions: [class Permissions],
      History: [class History],
      Navigator: [class Navigator],
      Clipboard: [class Clipboard],
      TimeRanges: [class TimeRanges],
      TextTrackCueList: [class TextTrackCueList extends Array],
      ValidityState: [class ValidityState],
      MutationRecord: [class MutationRecord],
      IntersectionObserver: [class IntersectionObserver],
      IntersectionObserverEntry: [class IntersectionObserverEntry],
      CSSStyleDeclaration: [class CSSStyleDeclaration],
      CSSRule: [Function],
      CSSContainerRule: [class CSSContainerRule extends CSSConditionRule],
      CSSFontFaceRule: [class CSSFontFaceRule extends CSSRule],
      CSSKeyframeRule: [class CSSKeyframeRule extends CSSRule],
      CSSKeyframesRule: [class CSSKeyframesRule extends CSSRule],
      CSSMediaRule: [class CSSMediaRule extends CSSConditionRule],
      CSSStyleRule: [class CSSStyleRule extends CSSGroupingRule],
      CSSSupportsRule: [class CSSSupportsRule extends CSSConditionRule],
      CSSConditionRule: [class CSSConditionRule extends CSSGroupingRule],
      CSSGroupingRule: [class CSSGroupingRule extends CSSRule],
      CSSScopeRule: [class CSSScopeRule extends CSSGroupingRule],
      DOMRect: [class DOMRect extends DOMRectReadOnly],
      DOMRectReadOnly: [class DOMRectReadOnly],
      Plugin: [class Plugin],
      PluginArray: [class PluginArray],
      Location: [class Location],
      CustomElementRegistry: [class CustomElementRegistry],
      ResizeObserver: [class ResizeObserver],
      Blob: [class Blob],
      File: [class File extends Blob],
      Storage: [class Storage],
      CookieStore: [class CookieStore extends EventTarget],
      MimeType: [class MimeType],
      MimeTypeArray: [class MimeTypeArray],
      NodeFilter: [Object],
      ImageBitmap: [class ImageBitmap],
      HTMLCollection: [class HTMLCollection],
      HTMLFormControlCollection: [class HTMLFormControlsCollection extends HTMLCollection],
      HTMLOptionsCollection: [class HTMLOptionsCollection extends HTMLCollection],
      NodeList: [class NodeList],
      RadioNodeList: [class RadioNodeList extends NodeList],
      FileList: [class FileList extends Array],
      Screen: [class Screen extends EventTarget],
      ScreenDetails: [class ScreenDetails extends EventTarget],
      ScreenDetailed: [class ScreenDetailed extends Screen],
      NamedNodeMap: [class NamedNodeMap],
      TreeWalker: [class TreeWalker],
      NodeIterator: [class NodeIterator],
      DataTransfer: [class DataTransfer],
      DataTransferItem: [class DataTransferItem],
      DataTransferItemList: [class DataTransferItemList extends Array],
      XMLSerializer: [class XMLSerializer],
      ClipboardItem: [class ClipboardItem],
      Selection: [class Selection],
      CSSUnitValue: [class CSSUnitValue],
      SVGAngle: [Function],
      SVGAnimatedAngle: [class SVGAnimatedAngle],
      SVGAnimatedBoolean: [class SVGAnimatedBoolean],
      SVGAnimatedEnumeration: [class SVGAnimatedEnumeration],
      SVGAnimatedInteger: [class SVGAnimatedInteger],
      SVGAnimatedLength: [class SVGAnimatedLength],
      SVGAnimatedNumber: [class SVGAnimatedNumber],
      SVGAnimatedNumberList: [class SVGAnimatedNumberList],
      SVGAnimatedPreserveAspectRatio: [class SVGAnimatedPreserveAspectRatio],
      SVGAnimatedRect: [class SVGAnimatedRect],
      SVGAnimatedString: [class SVGAnimatedString],
      SVGAnimatedTransformList: [class SVGAnimatedTransformList],
      SVGLength: [Function],
      SVGLengthList: [class SVGLengthList],
      SVGMatrix: [class SVGMatrix],
      SVGNumber: [class SVGNumber],
      SVGNumberList: [class SVGNumberList],
      SVGPoint: [class SVGPoint],
      SVGPointList: [class SVGPointList],
      SVGPreserveAspectRatio: [Function],
      SVGRect: [class SVGRect],
      SVGStringList: [class SVGStringList],
      SVGTransform: [Function],
      SVGTransformList: [class SVGTransformList],
      SVGAnimatedLengthList: [class SVGAnimatedLengthList],
      SVGUnitTypes: [Function],
      StylePropertyMap: [class StylePropertyMap extends StylePropertyMapReadOnly],
      StylePropertyMapReadOnly: [class StylePropertyMapReadOnly],
      MediaList: [class MediaList],
      CSSKeywordValue: [class CSSKeywordValue],
      CSSStyleValue: [class CSSStyleValue],
      Window: [class GlobalWindow extends Window],
      URLSearchParams: [class URLSearchParams],
      WritableStream: [Function],
      ReadableStream: [class ReadableStream],
      TransformStream: [Function: Transform],
      PerformanceObserver: [class PerformanceObserver],
      PerformanceEntry: [class PerformanceEntry],
      PerformanceObserverEntryList: [class PerformanceObserverEntryList],
      document: [Circular *4],
      customElements: [CustomElementRegistry],
      window: [Circular *5],
      globalThis: [Circular *5],
      performance: [Performance [EventTarget]],
      screenLeft: 0,
      screenTop: 0,
      screenX: 0,
      screenY: 0,
      crypto: Crypto {},
      TextEncoder: [class TextEncoder],
      TextDecoder: [class TextDecoder],
      closed: false,
      console: [Console [console]],
      name: '',
      Buffer: [Function],
      Document: [class Document extends Document],
      HTMLDocument: [class HTMLDocument extends HTMLDocument],
      XMLDocument: [class XMLDocument extends XMLDocument],
      DocumentFragment: [class DocumentFragment extends DocumentFragment],
      Text: [class Text extends Text],
      Comment: [class Comment extends Comment],
      Image: [class Image extends Image],
      Audio: [class Audio extends Audio],
      MutationObserver: [class MutationObserver extends MutationObserver],
      MessagePort: [class MessagePort extends MessagePort],
      CSSStyleSheet: [class CSSStyleSheet extends CSSStyleSheet],
      DOMException: [class DOMException extends DOMException],
      Headers: [class Headers extends Headers],
      Request: [class Request extends Request],
      Response: [Function],
      EventTarget: [class EventTarget extends EventTarget],
      XMLHttpRequestUpload: [class XMLHttpRequestUpload extends XMLHttpRequestUpload],
      XMLHttpRequestEventTarget: [class XMLHttpRequestEventTarget extends XMLHttpRequestEventTarget],
      AbortController: [class AbortController extends AbortController],
      AbortSignal: [Function],
      FormData: [class FormData extends FormData],
      PermissionStatus: [class PermissionStatus extends PermissionStatus],
      XMLHttpRequest: [class XMLHttpRequest extends XMLHttpRequest],
      DOMParser: [class DOMParser extends DOMParser],
      Range: [class Range extends Range],
      VTTCue: [class VTTCue extends VTTCue],
      TextTrack: [class TextTrack extends TextTrack],
      TextTrackList: [class TextTrackList extends TextTrackList],
      TextTrackCue: [class TextTrackCue extends TextTrackCue],
      RemotePlayback: [class RemotePlayback extends RemotePlayback],
      FileReader: [class FileReader extends FileReader],
      MediaStream: [class MediaStream extends MediaStream],
      MediaStreamTrack: [class MediaStreamTrack extends MediaStreamTrack],
      CanvasCaptureMediaStreamTrack: [class CanvasCaptureMediaStreamTrack extends CanvasCaptureMediaStreamTrack],
      URL: [class URL extends URL],
      WebSocket: [class WebSocket extends WebSocket],
      ImageData: [class ImageData extends ImageData],
      OffscreenCanvas: [class OffscreenCanvas extends OffscreenCanvas],
      DOMMatrixReadOnly: [class DOMMatrixReadOnly extends DOMMatrixReadOnly],
      DOMMatrix: [class DOMMatrix extends DOMMatrix],
      DOMPointReadOnly: [class DOMPointReadOnly extends DOMPointReadOnly],
      DOMPoint: [class DOMPoint extends DOMPoint],
      Animation: [class Animation extends Animation],
      KeyframeEffect: [class KeyframeEffect extends KeyframeEffect],
      happyDOM: DetachedWindowAPI {},
      Array: [Function: Array],
      ArrayBuffer: [Function: ArrayBuffer],
      Boolean: [Function: Boolean],
      DataView: [Function: DataView],
      Date: [Function: Date],
      Error: [Function],
      EvalError: [Function: EvalError],
      Float32Array: [Function: Float32Array],
      Float64Array: [Function: Float64Array],
      Function: [Function: Function],
      Infinity: Infinity,
      Int16Array: [Function: Int16Array],
      Int32Array: [Function: Int32Array],
      Int8Array: [Function: Int8Array],
      Intl: Object [Intl] {},
      JSON: Object [JSON] {},
      Map: [Function: Map],
      Math: Object [Math] {},
      NaN: NaN,
      Number: [Function: Number],
      Object: [Function: Object],
      Promise: [Function: Promise],
      RangeError: [Function: RangeError],
      ReferenceError: [Function: ReferenceError],
      RegExp: [Function: RegExp],
      Set: [Function: Set],
      String: [Function: String],
      Symbol: [Function],
      SyntaxError: [Function: SyntaxError],
      TypeError: [Function: TypeError],
      URIError: [Function: URIError],
      Uint16Array: [Function: Uint16Array],
      Uint32Array: [Function: Uint32Array],
      Uint8Array: [Function: Uint8Array],
      Uint8ClampedArray: [Function: Uint8ClampedArray],
      WeakMap: [Function: WeakMap],
      WeakSet: [Function: WeakSet],
      decodeURI: [Function: decodeURI],
      decodeURIComponent: [Function: decodeURIComponent],
      encodeURI: [Function: encodeURI],
      encodeURIComponent: [Function: encodeURIComponent],
      eval: [Function: eval],
      escape: [Function: escape],
      global: [Object [global]],
      isFinite: [Function: isFinite],
      isNaN: [Function: isNaN],
      parseFloat: [Function: parseFloat],
      parseInt: [Function: parseInt],
      undefined: undefined,
      unescape: [Function: unescape],
      [Symbol(listeners)]: [Object],
      [Symbol(listenerOptions)]: [Object],
      [Symbol(mutationObservers)]: [],
      [Symbol(readyStateManager)]: DocumentReadyStateManager {},
      [Symbol(location)]: [Location],
      [Symbol(history)]: History {},
      [Symbol(navigator)]: Navigator {},
      [Symbol(screen)]: [Screen [EventTarget]],
      [Symbol(sessionStorage)]: [Storage],
      [Symbol(localStorage)]: [Storage],
      [Symbol(cookieStore)]: [CookieStore [EventTarget]],
      [Symbol(self)]: [Circular *5],
      [Symbol(top)]: [Circular *5],
      [Symbol(parent)]: [Circular *5],
      [Symbol(window)]: [Circular *5],
      [Symbol(frames)]: [Circular *5],
      [Symbol(internalId)]: 0,
      [Symbol(customElementReactionStack)]: [CustomElementReactionStack],
      [Symbol(modules)]: [Object],
      [Symbol(moduleImportMap)]: null,
      [Symbol(openWebSockets)]: [],
      [Symbol(propertyEventListeners)]: Map(0) {},
      [Symbol(querySelectorCache)]: [Map]
    },
    [Symbol(forms)]: null,
    [Symbol(links)]: null,
    [Symbol(affectsComputedStyleCache)]: [],
    [Symbol(elementIdMap)]: Map(0) {},
    [Symbol(contentType)]: 'text/html',
    [Symbol(xmlProcessingInstruction)]: null,
    [Symbol(preloads)]: Map(0) {},
    [Symbol(propertyEventListeners)]: Map(0) {},
    [Symbol(selection)]: null,
    [Symbol(timeline)]: DocumentTimeline {}
  },
  [Symbol(window)]: <ref *5> GlobalWindow [EventTarget] {
    Node: [class Node extends EventTarget] {
      ELEMENT_NODE: 1,
      ATTRIBUTE_NODE: 2,
      TEXT_NODE: 3,
      CDATA_SECTION_NODE: 4,
      COMMENT_NODE: 8,
      DOCUMENT_NODE: 9,
      DOCUMENT_TYPE_NODE: 10,
      DOCUMENT_FRAGMENT_NODE: 11,
      PROCESSING_INSTRUCTION_NODE: 7,
      DOCUMENT_POSITION_CONTAINED_BY: 16,
      DOCUMENT_POSITION_CONTAINS: 8,
      DOCUMENT_POSITION_DISCONNECTED: 1,
      DOCUMENT_POSITION_FOLLOWING: 4,
      DOCUMENT_POSITION_IMPLEMENTATION_SPECIFIC: 32,
      DOCUMENT_POSITION_PRECEDING: 2
    },
    Attr: [class Attr extends Node],
    ShadowRoot: [class ShadowRoot extends DocumentFragment],
    ProcessingInstruction: [class ProcessingInstruction extends CharacterData],
    Element: [class Element extends Node] {
      [Symbol(tagName)]: null,
      [Symbol(localName)]: null,
      [Symbol(namespaceURI)]: null
    },
    CharacterData: [class CharacterData extends Node],
    DocumentType: [class DocumentType extends Node],
    AnimationTimeline: [class AnimationTimeline],
    DocumentTimeline: [class DocumentTimeline extends AnimationTimeline],
    HTMLAnchorElement: [class HTMLAnchorElement extends HTMLElement],
    HTMLButtonElement: [class HTMLButtonElement extends HTMLElement],
    HTMLOptGroupElement: [class HTMLOptGroupElement extends HTMLElement],
    HTMLOptionElement: [class HTMLOptionElement extends HTMLElement],
    HTMLElement: [class HTMLElement extends Element] {
      observedAttributes: undefined
    },
    HTMLUnknownElement: [class HTMLUnknownElement extends HTMLElement],
    HTMLTemplateElement: [class HTMLTemplateElement extends HTMLElement],
    HTMLInputElement: [class HTMLInputElement extends HTMLElement],
    HTMLSelectElement: [class HTMLSelectElement extends HTMLElement],
    HTMLTextAreaElement: [class HTMLTextAreaElement extends HTMLElement],
    HTMLImageElement: [class HTMLImageElement extends HTMLElement],
    HTMLStyleElement: [class HTMLStyleElement extends HTMLElement],
    HTMLLabelElement: [class HTMLLabelElement extends HTMLElement],
    HTMLSlotElement: [class HTMLSlotElement extends HTMLElement],
    HTMLMetaElement: [class HTMLMetaElement extends HTMLElement],
    HTMLMediaElement: [class HTMLMediaElement extends HTMLElement],
    HTMLAudioElement: [class HTMLAudioElement extends HTMLMediaElement],
    HTMLVideoElement: [class HTMLVideoElement extends HTMLMediaElement],
    HTMLBaseElement: [class HTMLBaseElement extends HTMLElement],
    HTMLDialogElement: [class HTMLDialogElement extends HTMLElement],
    HTMLScriptElement: [class HTMLScriptElement extends HTMLElement],
    HTMLLinkElement: [class HTMLLinkElement extends HTMLElement],
    HTMLIFrameElement: [class HTMLIFrameElement extends HTMLElement],
    HTMLFormElement: [class HTMLFormElement extends HTMLElement],
    HTMLUListElement: [class HTMLUListElement extends HTMLElement],
    HTMLTrackElement: [class HTMLTrackElement extends HTMLElement],
    HTMLTableRowElement: [class HTMLTableRowElement extends HTMLElement],
    HTMLTitleElement: [class HTMLTitleElement extends HTMLElement],
    HTMLTimeElement: [class HTMLTimeElement extends HTMLElement],
    HTMLTableSectionElement: [class HTMLTableSectionElement extends HTMLElement],
    HTMLTableCellElement: [class HTMLTableCellElement extends HTMLElement],
    HTMLTableElement: [class HTMLTableElement extends HTMLElement],
    HTMLSpanElement: [class HTMLSpanElement extends HTMLElement],
    HTMLSourceElement: [class HTMLSourceElement extends HTMLElement],
    HTMLQuoteElement: [class HTMLQuoteElement extends HTMLElement],
    HTMLProgressElement: [class HTMLProgressElement extends HTMLElement],
    HTMLPreElement: [class HTMLPreElement extends HTMLElement],
    HTMLPictureElement: [class HTMLPictureElement extends HTMLElement],
    HTMLParamElement: [class HTMLParamElement extends HTMLElement],
    HTMLParagraphElement: [class HTMLParagraphElement extends HTMLElement],
    HTMLOutputElement: [class HTMLOutputElement extends HTMLElement],
    HTMLOListElement: [class HTMLOListElement extends HTMLElement],
    HTMLObjectElement: [class HTMLObjectElement extends HTMLElement],
    HTMLMeterElement: [class HTMLMeterElement extends HTMLElement],
    HTMLMenuElement: [class HTMLMenuElement extends HTMLElement],
    HTMLMapElement: [class HTMLMapElement extends HTMLElement],
    HTMLLIElement: [class HTMLLIElement extends HTMLElement],
    HTMLLegendElement: [class HTMLLegendElement extends HTMLElement],
    HTMLModElement: [class HTMLModElement extends HTMLElement],
    HTMLHtmlElement: [class HTMLHtmlElement extends HTMLElement],
    HTMLHRElement: [class HTMLHRElement extends HTMLElement],
    HTMLHeadElement: [class HTMLHeadElement extends HTMLElement],
    HTMLHeadingElement: [class HTMLHeadingElement extends HTMLElement],
    HTMLFieldSetElement: [class HTMLFieldSetElement extends HTMLElement],
    HTMLEmbedElement: [class HTMLEmbedElement extends HTMLElement],
    HTMLDListElement: [class HTMLDListElement extends HTMLElement],
    HTMLDivElement: [class HTMLDivElement extends HTMLElement],
    HTMLDetailsElement: [class HTMLDetailsElement extends HTMLElement],
    HTMLDataListElement: [class HTMLDataListElement extends HTMLElement],
    HTMLDataElement: [class HTMLDataElement extends HTMLElement],
    HTMLTableColElement: [class HTMLTableColElement extends HTMLElement],
    HTMLTableCaptionElement: [class HTMLTableCaptionElement extends HTMLElement],
    HTMLCanvasElement: [class HTMLCanvasElement extends HTMLElement],
    HTMLBRElement: [class HTMLBRElement extends HTMLElement],
    HTMLBodyElement: [class HTMLBodyElement extends HTMLElement],
    HTMLAreaElement: [class HTMLAreaElement extends HTMLElement],
    SVGSVGElement: [class SVGSVGElement extends SVGGraphicsElement],
    SVGAnimateElement: [class SVGAnimateElement extends SVGAnimationElement],
    SVGAnimateMotionElement: [class SVGAnimateMotionElement extends SVGAnimationElement],
    SVGAnimateTransformElement: [class SVGAnimateTransformElement extends SVGAnimationElement],
    SVGCircleElement: [class SVGCircleElement extends SVGGeometryElement],
    SVGClipPathElement: [class SVGClipPathElement extends SVGElement],
    SVGDefsElement: [class SVGDefsElement extends SVGGraphicsElement],
    SVGDescElement: [class SVGDescElement extends SVGElement],
    SVGEllipseElement: [class SVGEllipseElement extends SVGGeometryElement],
    SVGFEBlendElement: [class SVGFEBlendElement extends SVGElement] {
      SVG_FEBLEND_MODE_UNKNOWN: 0,
      SVG_FEBLEND_MODE_NORMAL: 1,
      SVG_FEBLEND_MODE_MULTIPLY: 2,
      SVG_FEBLEND_MODE_SCREEN: 3,
      SVG_FEBLEND_MODE_DARKEN: 4,
      SVG_FEBLEND_MODE_LIGHTEN: 5,
      SVG_FEBLEND_MODE_OVERLAY: 6,
      SVG_FEBLEND_MODE_COLOR_DODGE: 7,
      SVG_FEBLEND_MODE_COLOR_BURN: 8,
      SVG_FEBLEND_MODE_HARD_LIGHT: 9,
      SVG_FEBLEND_MODE_SOFT_LIGHT: 10,
      SVG_FEBLEND_MODE_DIFFERENCE: 11,
      SVG_FEBLEND_MODE_EXCLUSION: 12,
      SVG_FEBLEND_MODE_HUE: 13,
      SVG_FEBLEND_MODE_SATURATION: 14,
      SVG_FEBLEND_MODE_COLOR: 15,
      SVG_FEBLEND_MODE_LUMINOSITY: 16
    },
    SVGFEColorMatrixElement: [class SVGFEColorMatrixElement extends SVGElement] {
      SVG_FEBLEND_TYPE_UNKNOWN: 0,
      SVG_FEBLEND_TYPE_MATRIX: 1,
      SVG_FEBLEND_TYPE_SATURATE: 2,
      SVG_FEBLEND_TYPE_HUEROTATE: 3,
      SVG_FEBLEND_TYPE_LUMINANCETOALPHA: 4
    },
    SVGFEComponentTransferElement: [class SVGFEComponentTransferElement extends SVGElement],
    SVGFECompositeElement: [class SVGFECompositeElement extends SVGElement] {
      SVG_FECOMPOSITE_OPERATOR_UNKNOWN: 0,
      SVG_FECOMPOSITE_OPERATOR_OVER: 1,
      SVG_FECOMPOSITE_OPERATOR_IN: 2,
      SVG_FECOMPOSITE_OPERATOR_OUT: 3,
      SVG_FECOMPOSITE_OPERATOR_ATOP: 4,
      SVG_FECOMPOSITE_OPERATOR_XOR: 5,
      SVG_FECOMPOSITE_OPERATOR_ARITHMETIC: 6
    },
    SVGFEConvolveMatrixElement: [class SVGFEConvolveMatrixElement extends SVGElement] {
      SVG_EDGEMODE_UNKNOWN: 0,
      SVG_EDGEMODE_DUPLICATE: 1,
      SVG_EDGEMODE_WRAP: 2,
      SVG_EDGEMODE_NONE: 3
    },
    SVGFEDiffuseLightingElement: [class SVGFEDiffuseLightingElement extends SVGElement],
    SVGFEDisplacementMapElement: [class SVGFEDisplacementMapElement extends SVGElement] {
      SVG_CHANNEL_UNKNOWN: 0,
      SVG_CHANNEL_R: 1,
      SVG_CHANNEL_G: 2,
      SVG_CHANNEL_B: 3,
      SVG_CHANNEL_A: 4
    },
    SVGFEDistantLightElement: [class SVGFEDistantLightElement extends SVGElement],
    SVGFEDropShadowElement: [class SVGFEDropShadowElement extends SVGElement],
    SVGFEFloodElement: [class SVGFEFloodElement extends SVGElement],
    SVGFEFuncAElement: [class SVGFEFuncAElement extends SVGComponentTransferFunctionElement],
    SVGFEFuncBElement: [class SVGFEFuncBElement extends SVGComponentTransferFunctionElement],
    SVGFEFuncGElement: [class SVGFEFuncGElement extends SVGComponentTransferFunctionElement],
    SVGFEFuncRElement: [class SVGFEFuncRElement extends SVGComponentTransferFunctionElement],
    SVGFEGaussianBlurElement: [class SVGFEGaussianBlurElement extends SVGElement] {
      SVG_EDGEMODE_UNKNOWN: 0,
      SVG_EDGEMODE_DUPLICATE: 1,
      SVG_EDGEMODE_WRAP: 2,
      SVG_EDGEMODE_NONE: 3
    },
    SVGFEImageElement: [class SVGFEImageElement extends SVGElement],
    SVGFEMergeElement: [class SVGFEMergeElement extends SVGElement],
    SVGFEMergeNodeElement: [class SVGFEMergeNodeElement extends SVGElement],
    SVGFEMorphologyElement: [class SVGFEMorphologyElement extends SVGElement] {
      SVG_MORPHOLOGY_OPERATOR_UNKNOWN: 0,
      SVG_MORPHOLOGY_OPERATOR_ERODE: 1,
      SVG_MORPHOLOGY_OPERATOR_DILATE: 2
    },
    SVGFEOffsetElement: [class SVGFEOffsetElement extends SVGElement],
    SVGFEPointLightElement: [class SVGFEPointLightElement extends SVGElement],
    SVGFESpecularLightingElement: [class SVGFESpecularLightingElement extends SVGElement],
    SVGFESpotLightElement: [class SVGFESpotLightElement extends SVGElement],
    SVGFETileElement: [class SVGFETileElement extends SVGElement],
    SVGFETurbulenceElement: [class SVGFETurbulenceElement extends SVGElement] {
      SVG_TURBULENCE_TYPE_UNKNOWN: 0,
      SVG_TURBULENCE_TYPE_FRACTALNOISE: 1,
      SVG_TURBULENCE_TYPE_TURBULENCE: 2,
      SVG_STITCHTYPE_UNKNOWN: 0,
      SVG_STITCHTYPE_STITCH: 1,
      SVG_STITCHTYPE_NOSTITCH: 2
    },
    SVGFilterElement: [class SVGFilterElement extends SVGElement],
    SVGForeignObjectElement: [class SVGForeignObjectElement extends SVGGraphicsElement],
    SVGGElement: [class SVGGElement extends SVGGraphicsElement],
    SVGImageElement: [class SVGImageElement extends SVGGraphicsElement],
    SVGLineElement: [class SVGLineElement extends SVGGeometryElement],
    SVGLinearGradientElement: [class SVGLinearGradientElement extends SVGGradientElement],
    SVGMarkerElement: [class SVGMarkerElement extends SVGElement] {
      SVG_MARKER_ORIENT_UNKNOWN: 0,
      SVG_MARKER_ORIENT_AUTO: 1,
      SVG_MARKER_ORIENT_ANGLE: 2,
      SVG_MARKERUNITS_UNKNOWN: 0,
      SVG_MARKERUNITS_USERSPACEONUSE: 1,
      SVG_MARKERUNITS_STROKEWIDTH: 2
    },
    SVGMaskElement: [class SVGMaskElement extends SVGElement],
    SVGMetadataElement: [class SVGMetadataElement extends SVGElement],
    SVGMPathElement: [class SVGMPathElement extends SVGElement],
    SVGPathElement: [class SVGPathElement extends SVGGeometryElement],
    SVGPatternElement: [class SVGPatternElement extends SVGElement],
    SVGPolygonElement: [class SVGPolygonElement extends SVGGeometryElement],
    SVGPolylineElement: [class SVGPolylineElement extends SVGGeometryElement],
    SVGRadialGradientElement: [class SVGRadialGradientElement extends SVGGradientElement],
    SVGRectElement: [class SVGRectElement extends SVGGeometryElement],
    SVGScriptElement: [class SVGScriptElement extends SVGGraphicsElement],
    SVGSetElement: [class SVGSetElement extends SVGAnimationElement],
    SVGStopElement: [class SVGStopElement extends SVGElement],
    SVGStyleElement: [class SVGStyleElement extends SVGElement],
    SVGSwitchElement: [class SVGSwitchElement extends SVGGraphicsElement],
    SVGSymbolElement: [class SVGSymbolElement extends SVGGraphicsElement],
    SVGTextElement: [class SVGTextElement extends SVGTextPositioningElement],
    SVGTextPathElement: [class SVGTextPathElement extends SVGTextContentElement] {
      TEXTPATH_METHODTYPE_UNKNOWN: 0,
      TEXTPATH_METHODTYPE_ALIGN: 1,
      TEXTPATH_METHODTYPE_STRETCH: 2,
      TEXTPATH_SPACINGTYPE_UNKNOWN: 0,
      TEXTPATH_SPACINGTYPE_AUTO: 1,
      TEXTPATH_SPACINGTYPE_EXACT: 2
    },
    SVGTitleElement: [class SVGTitleElement extends SVGElement],
    SVGTSpanElement: [class SVGTSpanElement extends SVGTextPositioningElement],
    SVGUseElement: [class SVGUseElement extends SVGGraphicsElement],
    SVGViewElement: [class SVGViewElement extends SVGElement],
    SVGElement: [class SVGElement extends Element],
    SVGAnimationElement: [class SVGAnimationElement extends SVGElement],
    SVGComponentTransferFunctionElement: [class SVGComponentTransferFunctionElement extends SVGElement] {
      SVG_FECOMPONENTTRANSFER_TYPE_UNKNOWN: 0,
      SVG_FECOMPONENTTRANSFER_TYPE_IDENTITY: 1,
      SVG_FECOMPONENTTRANSFER_TYPE_TABLE: 2,
      SVG_FECOMPONENTTRANSFER_TYPE_DISCRETE: 3,
      SVG_FECOMPONENTTRANSFER_TYPE_LINEAR: 4,
      SVG_FECOMPONENTTRANSFER_TYPE_GAMMA: 5
    },
    SVGGeometryElement: [class SVGGeometryElement extends SVGGraphicsElement],
    SVGGradientElement: [class SVGGradientElement extends SVGGraphicsElement] {
      SVG_SPREADMETHOD_UNKNOWN: 0,
      SVG_SPREADMETHOD_PAD: 1,
      SVG_SPREADMETHOD_REFLECT: 2,
      SVG_SPREADMETHOD_REPEAT: 3
    },
    SVGTextPositioningElement: [class SVGTextPositioningElement extends SVGTextContentElement],
    SVGGraphicsElement: [class SVGGraphicsElement extends SVGElement],
    Event: [class Event] {
      NONE: 0,
      CAPTURING_PHASE: 1,
      AT_TARGET: 2,
      BUBBLING_PHASE: 3
    },
    UIEvent: [class UIEvent extends Event] {
      NONE: 0,
      CAPTURING_PHASE: 1,
      AT_TARGET: 2,
      BUBBLING_PHASE: 3
    },
    CustomEvent: [class CustomEvent extends Event],
    CloseEvent: [class CloseEvent extends Event],
    AnimationEvent: [class AnimationEvent extends Event],
    KeyboardEvent: [class KeyboardEvent extends UIEvent] {
      DOM_KEY_LOCATION_STANDARD: 0,
      DOM_KEY_LOCATION_LEFT: 1,
      DOM_KEY_LOCATION_RIGHT: 2,
      DOM_KEY_LOCATION_NUMPAD: 3
    },
    MessageEvent: [class MessageEvent extends Event],
    MouseEvent: [class MouseEvent extends UIEvent],
    PointerEvent: [class PointerEvent extends MouseEvent],
    FocusEvent: [class FocusEvent extends UIEvent],
    WheelEvent: [class WheelEvent extends UIEvent] {
      DOM_DELTA_PIXEL: 0,
      DOM_DELTA_LINE: 1,
      DOM_DELTA_PAGE: 2
    },
    InputEvent: [class InputEvent extends UIEvent],
    ErrorEvent: [class ErrorEvent extends UIEvent],
    StorageEvent: [class StorageEvent extends Event],
    SubmitEvent: [class SubmitEvent extends Event],
    ProgressEvent: [class ProgressEvent extends Event],
    MediaQueryListEvent: [class MediaQueryListEvent extends Event],
    HashChangeEvent: [class HashChangeEvent extends Event],
    ClipboardEvent: [class ClipboardEvent extends Event],
    CookieChangeEvent: [class CookieChangeEvent extends Event],
    TouchEvent: [class TouchEvent extends UIEvent],
    PopStateEvent: [class PopStateEvent extends Event],
    Touch: [class Touch],
    AudioProcessingEvent: [class Event] {
      NONE: 0,
      CAPTURING_PHASE: 1,
      AT_TARGET: 2,
      BUBBLING_PHASE: 3
    },
    BeforeInputEvent: [class Event] {
      NONE: 0,
      CAPTURING_PHASE: 1,
      AT_TARGET: 2,
      BUBBLING_PHASE: 3
    },
    BeforeUnloadEvent: [class Event] {
      NONE: 0,
      CAPTURING_PHASE: 1,
      AT_TARGET: 2,
      BUBBLING_PHASE: 3
    },
    BlobEvent: [class Event] {
      NONE: 0,
      CAPTURING_PHASE: 1,
      AT_TARGET: 2,
      BUBBLING_PHASE: 3
    },
    CompositionEvent: [class Event] {
      NONE: 0,
      CAPTURING_PHASE: 1,
      AT_TARGET: 2,
      BUBBLING_PHASE: 3
    },
    CSSFontFaceLoadEvent: [class Event] {
      NONE: 0,
      CAPTURING_PHASE: 1,
      AT_TARGET: 2,
      BUBBLING_PHASE: 3
    },
    DeviceLightEvent: [class Event] {
      NONE: 0,
      CAPTURING_PHASE: 1,
      AT_TARGET: 2,
      BUBBLING_PHASE: 3
    },
    DeviceMotionEvent: [class Event] {
      NONE: 0,
      CAPTURING_PHASE: 1,
      AT_TARGET: 2,
      BUBBLING_PHASE: 3
    },
    DeviceOrientationEvent: [class Event] {
      NONE: 0,
      CAPTURING_PHASE: 1,
      AT_TARGET: 2,
      BUBBLING_PHASE: 3
    },
    DeviceProximityEvent: [class Event] {
      NONE: 0,
      CAPTURING_PHASE: 1,
      AT_TARGET: 2,
      BUBBLING_PHASE: 3
    },
    DOMTransactionEvent: [class Event] {
      NONE: 0,
      CAPTURING_PHASE: 1,
      AT_TARGET: 2,
      BUBBLING_PHASE: 3
    },
    DragEvent: [class Event] {
      NONE: 0,
      CAPTURING_PHASE: 1,
      AT_TARGET: 2,
      BUBBLING_PHASE: 3
    },
    EditingBeforeInputEvent: [class Event] {
      NONE: 0,
      CAPTURING_PHASE: 1,
      AT_TARGET: 2,
      BUBBLING_PHASE: 3
    },
    FetchEvent: [class Event] {
      NONE: 0,
      CAPTURING_PHASE: 1,
      AT_TARGET: 2,
      BUBBLING_PHASE: 3
    },
    GamepadEvent: [class Event] {
      NONE: 0,
      CAPTURING_PHASE: 1,
      AT_TARGET: 2,
      BUBBLING_PHASE: 3
    },
    IDBVersionChangeEvent: [class Event] {
      NONE: 0,
      CAPTURING_PHASE: 1,
      AT_TARGET: 2,
      BUBBLING_PHASE: 3
    },
    MediaStreamEvent: [class Event] {
      NONE: 0,
      CAPTURING_PHASE: 1,
      AT_TARGET: 2,
      BUBBLING_PHASE: 3
    },
    MutationEvent: [class Event] {
      NONE: 0,
      CAPTURING_PHASE: 1,
      AT_TARGET: 2,
      BUBBLING_PHASE: 3
    },
    OfflineAudioCompletionEvent: [class Event] {
      NONE: 0,
      CAPTURING_PHASE: 1,
      AT_TARGET: 2,
      BUBBLING_PHASE: 3
    },
    OverconstrainedError: [class Event] {
      NONE: 0,
      CAPTURING_PHASE: 1,
      AT_TARGET: 2,
      BUBBLING_PHASE: 3
    },
    PageTransitionEvent: [class Event] {
      NONE: 0,
      CAPTURING_PHASE: 1,
      AT_TARGET: 2,
      BUBBLING_PHASE: 3
    },
    PaymentRequestUpdateEvent: [class Event] {
      NONE: 0,
      CAPTURING_PHASE: 1,
      AT_TARGET: 2,
      BUBBLING_PHASE: 3
    },
    RelatedEvent: [class Event] {
      NONE: 0,
      CAPTURING_PHASE: 1,
      AT_TARGET: 2,
      BUBBLING_PHASE: 3
    },
    RTCDataChannelEvent: [class Event] {
      NONE: 0,
      CAPTURING_PHASE: 1,
      AT_TARGET: 2,
      BUBBLING_PHASE: 3
    },
    RTCIdentityErrorEvent: [class Event] {
      NONE: 0,
      CAPTURING_PHASE: 1,
      AT_TARGET: 2,
      BUBBLING_PHASE: 3
    },
    RTCIdentityEvent: [class Event] {
      NONE: 0,
      CAPTURING_PHASE: 1,
      AT_TARGET: 2,
      BUBBLING_PHASE: 3
    },
    RTCPeerConnectionIceEvent: [class Event] {
      NONE: 0,
      CAPTURING_PHASE: 1,
      AT_TARGET: 2,
      BUBBLING_PHASE: 3
    },
    SensorEvent: [class Event] {
      NONE: 0,
      CAPTURING_PHASE: 1,
      AT_TARGET: 2,
      BUBBLING_PHASE: 3
    },
    SVGEvent: [class Event] {
      NONE: 0,
      CAPTURING_PHASE: 1,
      AT_TARGET: 2,
      BUBBLING_PHASE: 3
    },
    SVGZoomEvent: [class Event] {
      NONE: 0,
      CAPTURING_PHASE: 1,
      AT_TARGET: 2,
      BUBBLING_PHASE: 3
    },
    TimeEvent: [class Event] {
      NONE: 0,
      CAPTURING_PHASE: 1,
      AT_TARGET: 2,
      BUBBLING_PHASE: 3
    },
    TrackEvent: [class Event] {
      NONE: 0,
      CAPTURING_PHASE: 1,
      AT_TARGET: 2,
      BUBBLING_PHASE: 3
    },
    TransitionEvent: [class Event] {
      NONE: 0,
      CAPTURING_PHASE: 1,
      AT_TARGET: 2,
      BUBBLING_PHASE: 3
    },
    UserProximityEvent: [class Event] {
      NONE: 0,
      CAPTURING_PHASE: 1,
      AT_TARGET: 2,
      BUBBLING_PHASE: 3
    },
    WebGLContextEvent: [class Event] {
      NONE: 0,
      CAPTURING_PHASE: 1,
      AT_TARGET: 2,
      BUBBLING_PHASE: 3
    },
    TextEvent: [class Event] {
      NONE: 0,
      CAPTURING_PHASE: 1,
      AT_TARGET: 2,
      BUBBLING_PHASE: 3
    },
    Permissions: [class Permissions],
    History: [class History],
    Navigator: [class Navigator],
    Clipboard: [class Clipboard],
    TimeRanges: [class TimeRanges],
    TextTrackCueList: [class TextTrackCueList extends Array],
    ValidityState: [class ValidityState],
    MutationRecord: [class MutationRecord],
    IntersectionObserver: [class IntersectionObserver],
    IntersectionObserverEntry: [class IntersectionObserverEntry],
    CSSStyleDeclaration: [class CSSStyleDeclaration],
    CSSRule: [class CSSRule] {
      CONTAINER_RULE: 0,
      STYLE_RULE: 1,
      IMPORT_RULE: 3,
      MEDIA_RULE: 4,
      FONT_FACE_RULE: 5,
      PAGE_RULE: 6,
      KEYFRAMES_RULE: 7,
      KEYFRAME_RULE: 8,
      NAMESPACE_RULE: 10,
      COUNTER_STYLE_RULE: 11,
      SUPPORTS_RULE: 12,
      DOCUMENT_RULE: 13,
      FONT_FEATURE_VALUES_RULE: 14,
      REGION_STYLE_RULE: 16
    },
    CSSContainerRule: [class CSSContainerRule extends CSSConditionRule],
    CSSFontFaceRule: [class CSSFontFaceRule extends CSSRule],
    CSSKeyframeRule: [class CSSKeyframeRule extends CSSRule],
    CSSKeyframesRule: [class CSSKeyframesRule extends CSSRule],
    CSSMediaRule: [class CSSMediaRule extends CSSConditionRule],
    CSSStyleRule: [class CSSStyleRule extends CSSGroupingRule],
    CSSSupportsRule: [class CSSSupportsRule extends CSSConditionRule],
    CSSConditionRule: [class CSSConditionRule extends CSSGroupingRule],
    CSSGroupingRule: [class CSSGroupingRule extends CSSRule],
    CSSScopeRule: [class CSSScopeRule extends CSSGroupingRule],
    DOMRect: [class DOMRect extends DOMRectReadOnly],
    DOMRectReadOnly: [class DOMRectReadOnly],
    Plugin: [class Plugin],
    PluginArray: [class PluginArray],
    Location: [class Location],
    CustomElementRegistry: [class CustomElementRegistry],
    ResizeObserver: [class ResizeObserver],
    Blob: [class Blob],
    File: [class File extends Blob],
    Storage: [class Storage],
    CookieStore: [class CookieStore extends EventTarget],
    MimeType: [class MimeType],
    MimeTypeArray: [class MimeTypeArray],
    NodeFilter: {
      FILTER_ACCEPT: 1,
      FILTER_REJECT: 2,
      FILTER_SKIP: 3,
      SHOW_ALL: -1,
      SHOW_ELEMENT: 1,
      SHOW_ATTRIBUTE: 2,
      SHOW_TEXT: 4,
      SHOW_CDATA_SECTION: 8,
      SHOW_ENTITY_REFERENCE: 16,
      SHOW_ENTITY: 32,
      SHOW_PROCESSING_INSTRUCTION: 64,
      SHOW_COMMENT: 128,
      SHOW_DOCUMENT: 256,
      SHOW_DOCUMENT_TYPE: 512,
      SHOW_DOCUMENT_FRAGMENT: 1024,
      SHOW_NOTATION: 2048
    },
    ImageBitmap: [class ImageBitmap],
    HTMLCollection: [class HTMLCollection],
    HTMLFormControlCollection: [class HTMLFormControlsCollection extends HTMLCollection],
    HTMLOptionsCollection: [class HTMLOptionsCollection extends HTMLCollection],
    NodeList: [class NodeList],
    RadioNodeList: [class RadioNodeList extends NodeList],
    FileList: [class FileList extends Array],
    Screen: [class Screen extends EventTarget],
    ScreenDetails: [class ScreenDetails extends EventTarget],
    ScreenDetailed: [class ScreenDetailed extends Screen],
    NamedNodeMap: [class NamedNodeMap],
    TreeWalker: [class TreeWalker],
    NodeIterator: [class NodeIterator],
    DataTransfer: [class DataTransfer],
    DataTransferItem: [class DataTransferItem],
    DataTransferItemList: [class DataTransferItemList extends Array],
    XMLSerializer: [class XMLSerializer],
    ClipboardItem: [class ClipboardItem],
    Selection: [class Selection],
    CSSUnitValue: [class CSSUnitValue],
    SVGAngle: [class SVGAngle] {
      SVG_ANGLETYPE_UNKNOWN: 0,
      SVG_ANGLETYPE_UNSPECIFIED: 1,
      SVG_ANGLETYPE_DEG: 2,
      SVG_ANGLETYPE_RAD: 3,
      SVG_ANGLETYPE_GRAD: 4
    },
    SVGAnimatedAngle: [class SVGAnimatedAngle],
    SVGAnimatedBoolean: [class SVGAnimatedBoolean],
    SVGAnimatedEnumeration: [class SVGAnimatedEnumeration],
    SVGAnimatedInteger: [class SVGAnimatedInteger],
    SVGAnimatedLength: [class SVGAnimatedLength],
    SVGAnimatedNumber: [class SVGAnimatedNumber],
    SVGAnimatedNumberList: [class SVGAnimatedNumberList],
    SVGAnimatedPreserveAspectRatio: [class SVGAnimatedPreserveAspectRatio],
    SVGAnimatedRect: [class SVGAnimatedRect],
    SVGAnimatedString: [class SVGAnimatedString],
    SVGAnimatedTransformList: [class SVGAnimatedTransformList],
    SVGLength: [class SVGLength] {
      SVG_LENGTHTYPE_UNKNOWN: 0,
      SVG_LENGTHTYPE_NUMBER: 1,
      SVG_LENGTHTYPE_PERCENTAGE: 2,
      SVG_LENGTHTYPE_EMS: 3,
      SVG_LENGTHTYPE_EXS: 4,
      SVG_LENGTHTYPE_PX: 5,
      SVG_LENGTHTYPE_CM: 6,
      SVG_LENGTHTYPE_MM: 7,
      SVG_LENGTHTYPE_IN: 8,
      SVG_LENGTHTYPE_PT: 9,
      SVG_LENGTHTYPE_PC: 10
    },
    SVGLengthList: [class SVGLengthList],
    SVGMatrix: [class SVGMatrix],
    SVGNumber: [class SVGNumber],
    SVGNumberList: [class SVGNumberList],
    SVGPoint: [class SVGPoint],
    SVGPointList: [class SVGPointList],
    SVGPreserveAspectRatio: [class SVGPreserveAspectRatio] {
      SVG_MEETORSLICE_UNKNOWN: 0,
      SVG_MEETORSLICE_MEET: 1,
      SVG_MEETORSLICE_SLICE: 2,
      SVG_PRESERVEASPECTRATIO_UNKNOWN: 0,
      SVG_PRESERVEASPECTRATIO_NONE: 1,
      SVG_PRESERVEASPECTRATIO_XMINYMIN: 2,
      SVG_PRESERVEASPECTRATIO_XMIDYMIN: 3,
      SVG_PRESERVEASPECTRATIO_XMAXYMIN: 4,
      SVG_PRESERVEASPECTRATIO_XMINYMID: 5,
      SVG_PRESERVEASPECTRATIO_XMIDYMID: 6,
      SVG_PRESERVEASPECTRATIO_XMAXYMID: 7,
      SVG_PRESERVEASPECTRATIO_XMINYMAX: 8,
      SVG_PRESERVEASPECTRATIO_XMIDYMAX: 9,
      SVG_PRESERVEASPECTRATIO_XMAXYMAX: 10
    },
    SVGRect: [class SVGRect],
    SVGStringList: [class SVGStringList],
    SVGTransform: [class SVGTransform] {
      SVG_TRANSFORM_UNKNOWN: 0,
      SVG_TRANSFORM_MATRIX: 1,
      SVG_TRANSFORM_TRANSLATE: 2,
      SVG_TRANSFORM_SCALE: 3,
      SVG_TRANSFORM_ROTATE: 4,
      SVG_TRANSFORM_SKEWX: 5,
      SVG_TRANSFORM_SKEWY: 6
    },
    SVGTransformList: [class SVGTransformList],
    SVGAnimatedLengthList: [class SVGAnimatedLengthList],
    SVGUnitTypes: [class SVGUnitTypes] {
      SVG_UNIT_TYPE_UNKNOWN: 0,
      SVG_UNIT_TYPE_USERSPACEONUSE: 1,
      SVG_UNIT_TYPE_OBJECTBOUNDINGBOX: 2
    },
    StylePropertyMap: [class StylePropertyMap extends StylePropertyMapReadOnly],
    StylePropertyMapReadOnly: [class StylePropertyMapReadOnly],
    MediaList: [class MediaList],
    CSSKeywordValue: [class CSSKeywordValue],
    CSSStyleValue: [class CSSStyleValue],
    Window: [class GlobalWindow extends Window],
    URLSearchParams: [class URLSearchParams],
    WritableStream: [Function: Writable] {
      WritableState: [Function: WritableState],
      fromWeb: [Function (anonymous)],
      toWeb: [Function (anonymous)]
    },
    ReadableStream: [class ReadableStream],
    TransformStream: [Function: Transform],
    PerformanceObserver: [class PerformanceObserver],
    PerformanceEntry: [class PerformanceEntry],
    PerformanceObserverEntryList: [class PerformanceObserverEntryList],
    document: <ref *4> HTMLDocument {
      defaultView: [Getter],
      _reactListening7defm8ungkm: true,
      [Symbol(listeners)]: [Object],
      [Symbol(listenerOptions)]: [Object],
      [Symbol(isConnected)]: true,
      [Symbol(parentNode)]: null,
      [Symbol(rootNode)]: [Circular *4],
      [Symbol(styleNode)]: null,
      [Symbol(textAreaNode)]: null,
      [Symbol(formNode)]: null,
      [Symbol(selectNode)]: null,
      [Symbol(mutationListeners)]: [],
      [Symbol(nodeArray)]: [Array],
      [Symbol(elementArray)]: [Array],
      [Symbol(childNodes)]: null,
      [Symbol(assignedToSlot)]: null,
      [Symbol(cache)]: [Object],
      [Symbol(affectsCache)]: [Array],
      [Symbol(ownerDocument)]: null,
      [Symbol(children)]: null,
      [Symbol(activeElement)]: null,
      [Symbol(nextActiveElement)]: null,
      [Symbol(currentScript)]: null,
      [Symbol(isFirstWrite)]: true,
      [Symbol(isFirstWriteAfterOpen)]: false,
      [Symbol(nodeType)]: 9,
      [Symbol(adoptedStyleSheets)]: [],
      [Symbol(implementation)]: DOMImplementation {},
      [Symbol(readyState)]: 'complete',
      [Symbol(referrer)]: '',
      [Symbol(defaultView)]: [Circular *5],
      [Symbol(forms)]: null,
      [Symbol(links)]: null,
      [Symbol(affectsComputedStyleCache)]: [],
      [Symbol(elementIdMap)]: Map(0) {},
      [Symbol(contentType)]: 'text/html',
      [Symbol(xmlProcessingInstruction)]: null,
      [Symbol(preloads)]: Map(0) {},
      [Symbol(propertyEventListeners)]: Map(0) {},
      [Symbol(selection)]: null,
      [Symbol(timeline)]: DocumentTimeline {}
    },
    customElements: CustomElementRegistry {
      [Symbol(registry)]: Map(0) {},
      [Symbol(classRegistry)]: Map(0) {},
      [Symbol(callbacks)]: Map(0) {},
      [Symbol(destroyed)]: false
    },
    window: [Circular *5],
    globalThis: [Circular *5],
    performance: Performance {
      nodeTiming: PerformanceNodeTiming {
        name: 'node',
        entryType: 'node',
        startTime: 0,
        duration: 3423.8558329343796,
        nodeStart: 3.738124966621399,
        v8Start: 15.210291981697083,
        bootstrapComplete: 48.53162491321564,
        environment: 25.43879199028015,
        loopStart: 55.90637493133545,
        loopExit: -1,
        idleTime: 404.456123
      },
      timeOrigin: 1788639034068.654
    },
    screenLeft: 0,
    screenTop: 0,
    screenX: 0,
    screenY: 0,
    crypto: Crypto {},
    TextEncoder: [class TextEncoder],
    TextDecoder: [class TextDecoder],
    closed: false,
    console: Console [console] {
      log: [Function: log],
      warn: [Function: warn],
      dir: [Function: dir],
      time: [Function: time],
      timeEnd: [Function: timeEnd],
      timeLog: [Function: timeLog],
      trace: [Function: trace],
      assert: [Function: assert],
      clear: [Function: clear],
      count: [Function: count],
      countReset: [Function: countReset],
      group: [Function: group],
      groupEnd: [Function: groupEnd],
      table: [Function: table],
      debug: [Function: debug],
      info: [Function: info],
      dirxml: [Function: dirxml],
      error: [Function: error],
      groupCollapsed: [Function: groupCollapsed]
    },
    name: '',
    Buffer: [Function: Buffer] {
      poolSize: 8192,
      from: [Function: from],
      copyBytesFrom: [Function: copyBytesFrom],
      of: [Function: of],
      alloc: [Function: alloc],
      allocUnsafe: [Function: allocUnsafe],
      allocUnsafeSlow: [Function: allocUnsafeSlow],
      isBuffer: [Function: isBuffer],
      compare: [Function: compare],
      isEncoding: [Function: isEncoding],
      concat: [Function: concat],
      byteLength: [Function: byteLength],
      [Symbol(kIsEncodingSymbol)]: [Function: isEncoding]
    },
    Document: [class Document extends Document],
    HTMLDocument: [class HTMLDocument extends HTMLDocument],
    XMLDocument: [class XMLDocument extends XMLDocument],
    DocumentFragment: [class DocumentFragment extends DocumentFragment],
    Text: [class Text extends Text],
    Comment: [class Comment extends Comment],
    Image: [class Image extends Image],
    Audio: [class Audio extends Audio],
    MutationObserver: [class MutationObserver extends MutationObserver],
    MessagePort: [class MessagePort extends MessagePort],
    CSSStyleSheet: [class CSSStyleSheet extends CSSStyleSheet],
    DOMException: [class DOMException extends DOMException],
    Headers: [class Headers extends Headers],
    Request: [class Request extends Request],
    Response: [class Response extends Response] {
      [Symbol(window)]: [Circular *5]
    },
    EventTarget: [class EventTarget extends EventTarget],
    XMLHttpRequestUpload: [class XMLHttpRequestUpload extends XMLHttpRequestUpload],
    XMLHttpRequestEventTarget: [class XMLHttpRequestEventTarget extends XMLHttpRequestEventTarget],
    AbortController: [class AbortController extends AbortController],
    AbortSignal: [class AbortSignal extends AbortSignal] {
      [Symbol(window)]: [Circular *5]
    },
    FormData: [class FormData extends FormData],
    PermissionStatus: [class PermissionStatus extends PermissionStatus],
    XMLHttpRequest: [class XMLHttpRequest extends XMLHttpRequest],
    DOMParser: [class DOMParser extends DOMParser],
    Range: [class Range extends Range],
    VTTCue: [class VTTCue extends VTTCue],
    TextTrack: [class TextTrack extends TextTrack],
    TextTrackList: [class TextTrackList extends TextTrackList],
    TextTrackCue: [class TextTrackCue extends TextTrackCue],
    RemotePlayback: [class RemotePlayback extends RemotePlayback],
    FileReader: [class FileReader extends FileReader],
    MediaStream: [class MediaStream extends MediaStream],
    MediaStreamTrack: [class MediaStreamTrack extends MediaStreamTrack],
    CanvasCaptureMediaStreamTrack: [class CanvasCaptureMediaStreamTrack extends CanvasCaptureMediaStreamTrack],
    URL: [class URL extends URL],
    WebSocket: [class WebSocket extends WebSocket],
    ImageData: [class ImageData extends ImageData],
    OffscreenCanvas: [class OffscreenCanvas extends OffscreenCanvas],
    DOMMatrixReadOnly: [class DOMMatrixReadOnly extends DOMMatrixReadOnly],
    DOMMatrix: [class DOMMatrix extends DOMMatrix],
    DOMPointReadOnly: [class DOMPointReadOnly extends DOMPointReadOnly],
    DOMPoint: [class DOMPoint extends DOMPoint],
    Animation: [class Animation extends Animation],
    KeyframeEffect: [class KeyframeEffect extends KeyframeEffect],
    happyDOM: DetachedWindowAPI {},
    Array: [Function: Array],
    ArrayBuffer: [Function: ArrayBuffer],
    Boolean: [Function: Boolean],
    DataView: [Function: DataView],
    Date: [Function: Date],
    Error: [Function: Error] {
      stackTraceLimit: 10,
      prepareStackTrace: [Function: prepareStackTrace]
    },
    EvalError: [Function: EvalError],
    Float32Array: [Function: Float32Array],
    Float64Array: [Function: Float64Array],
    Function: [Function: Function],
    Infinity: Infinity,
    Int16Array: [Function: Int16Array],
    Int32Array: [Function: Int32Array],
    Int8Array: [Function: Int8Array],
    Intl: Object [Intl] {},
    JSON: Object [JSON] {},
    Map: [Function: Map],
    Math: Object [Math] {},
    NaN: NaN,
    Number: [Function: Number],
    Object: [Function: Object],
    Promise: [Function: Promise],
    RangeError: [Function: RangeError],
    ReferenceError: [Function: ReferenceError],
    RegExp: [Function: RegExp],
    Set: [Function: Set],
    String: [Function: String],
    Symbol: [Function: Symbol] {
      dispose: Symbol(nodejs.dispose),
      asyncDispose: Symbol(nodejs.asyncDispose)
    },
    SyntaxError: [Function: SyntaxError],
    TypeError: [Function: TypeError],
    URIError: [Function: URIError],
    Uint16Array: [Function: Uint16Array],
    Uint32Array: [Function: Uint32Array],
    Uint8Array: [Function: Uint8Array],
    Uint8ClampedArray: [Function: Uint8ClampedArray],
    WeakMap: [Function: WeakMap],
    WeakSet: [Function: WeakSet],
    decodeURI: [Function: decodeURI],
    decodeURIComponent: [Function: decodeURIComponent],
    encodeURI: [Function: encodeURI],
    encodeURIComponent: [Function: encodeURIComponent],
    eval: [Function: eval],
    escape: [Function: escape],
    global: <ref *6> Object [global] {
      global: [Circular *6],
      queueMicrotask: [Function: queueMicrotask],
      clearImmediate: [Function: clearImmediate],
      setImmediate: [Function],
      structuredClone: [Function: structuredClone],
      clearInterval: [Function: clearInterval],
      clearTimeout: [Function: clearTimeout],
      setInterval: [Function: setInterval],
      setTimeout: [Function],
      atob: [Function: atob],
      btoa: [Function: btoa],
      performance: [Performance [EventTarget]],
      fetch: [Getter/Setter],
      suite: [Function],
      test: [Function],
      describe: [Function],
      it: [Function],
      chai: [Object: null prototype] [Module],
      expect: [Function],
      assert: [Function],
      expectTypeOf: [Function: expectTypeOf],
      assertType: [Function: assertType],
      vitest: [Object],
      vi: [Object],
      beforeAll: [Function: beforeAll],
      afterAll: [Function: afterAll],
      beforeEach: [Function: beforeEach],
      afterEach: [Function: afterEach],
      onTestFinished: [Function (anonymous)],
      onTestFailed: [Function (anonymous)],
      __vitest_required__: [Object],
      __vitest_environment__: 'happy-dom',
      window: [Circular *6],
      self: [Circular *6],
      top: [Circular *6],
      parent: [Circular *6],
      IS_REACT_ACT_ENVIRONMENT: true,
      [Symbol(vitest:SAFE_TIMERS)]: [Object]
    },
    isFinite: [Function: isFinite],
    isNaN: [Function: isNaN],
    parseFloat: [Function: parseFloat],
    parseInt: [Function: parseInt],
    undefined: undefined,
    unescape: [Function: unescape],
    [Symbol(listeners)]: { bubbling: [Map], capturing: Map(0) {} },
    [Symbol(listenerOptions)]: { bubbling: [Map], capturing: Map(0) {} },
    [Symbol(mutationObservers)]: [],
    [Symbol(readyStateManager)]: DocumentReadyStateManager {},
    [Symbol(location)]: Location { [Symbol(Symbol.toStringTag)]: 'Location' },
    [Symbol(history)]: History {},
    [Symbol(navigator)]: Navigator {},
    [Symbol(screen)]: Screen [EventTarget] {
      width: 1024,
      height: 768,
      availWidth: 1024,
      availHeight: 768,
      colorDepth: 24,
      pixelDepth: 24,
      onchange: null,
      [Symbol(listeners)]: [Object],
      [Symbol(listenerOptions)]: [Object]
    },
    [Symbol(sessionStorage)]: Storage { [Symbol(data)]: {} },
    [Symbol(localStorage)]: Storage { [Symbol(data)]: {} },
    [Symbol(cookieStore)]: CookieStore [EventTarget] {
      [Symbol(listeners)]: [Object],
      [Symbol(listenerOptions)]: [Object]
    },
    [Symbol(self)]: [Circular *5],
    [Symbol(top)]: [Circular *5],
    [Symbol(parent)]: [Circular *5],
    [Symbol(window)]: [Circular *5],
    [Symbol(frames)]: [Circular *5],
    [Symbol(internalId)]: 0,
    [Symbol(customElementReactionStack)]: CustomElementReactionStack { window: [Circular *5] },
    [Symbol(modules)]: { json: Map(0) {}, css: Map(0) {}, esm: Map(0) {} },
    [Symbol(moduleImportMap)]: null,
    [Symbol(openWebSockets)]: [],
    [Symbol(propertyEventListeners)]: Map(0) {},
    [Symbol(querySelectorCache)]: Map(1) { '[data-testid]' => [Array] }
  },
  [Symbol(classList)]: null,
  [Symbol(isValue)]: null,
  [Symbol(nodeType)]: 1,
  [Symbol(prefix)]: null,
  [Symbol(shadowRoot)]: null,
  [Symbol(scrollHeight)]: 0,
  [Symbol(scrollWidth)]: 0,
  [Symbol(scrollTop)]: 0,
  [Symbol(scrollLeft)]: 0,
  [Symbol(attributes)]: NamedNodeMap {
    [Symbol(itemsByNamespaceURI)]: Map(8) {
      ':data-testid' => [Attr],
      ':alt' => [Attr],
      ':width' => [Attr],
      ':height' => [Attr],
      ':decoding' => [Attr],
      ':data-nimg' => [Attr],
      ':style' => [Attr],
      ':src' => [Attr]
    },
    [Symbol(itemsByName)]: Map(8) {
      'data-testid' => [Array],
      'alt' => [Array],
      'width' => [Array],
      'height' => [Array],
      'decoding' => [Array],
      'data-nimg' => [Array],
      'style' => [Array],
      'src' => [Array]
    },
    [Symbol(items)]: Map(8) {
      ':data-testid' => [Attr],
      ':alt' => [Attr],
      ':width' => [Attr],
      ':height' => [Attr],
      ':decoding' => [Attr],
      ':data-nimg' => [Attr],
      ':style' => [Attr],
      ':src' => [Attr]
    },
    [Symbol(ownerElement)]: [Circular *1]
  },
  [Symbol(attributesProxy)]: null,
  [Symbol(children)]: null,
  [Symbol(computedStyle)]: null,
  [Symbol(pointerCaptures)]: Set(0) {},
  [Symbol(propertyEventListeners)]: Map(0) {},
  [Symbol(animations)]: [],
  [Symbol(tagName)]: 'IMG',
  [Symbol(localName)]: 'img',
  [Symbol(namespaceURI)]: 'http://www.w3.org/1999/xhtml',
  [Symbol(accessKey)]: '',
  [Symbol(offsetHeight)]: 0,
  [Symbol(offsetWidth)]: 0,
  [Symbol(offsetLeft)]: 0,
  [Symbol(offsetTop)]: 0,
  [Symbol(clientHeight)]: 0,
  [Symbol(clientWidth)]: 0,
  [Symbol(clientLeft)]: 0,
  [Symbol(clientTop)]: 0,
  [Symbol(style)]: CSSStyleDeclaration {
    parentRule: null,
    [Symbol(window)]: <ref *5> GlobalWindow [EventTarget] {
      Node: [Function],
      Attr: [class Attr extends Node],
      ShadowRoot: [class ShadowRoot extends DocumentFragment],
      ProcessingInstruction: [class ProcessingInstruction extends CharacterData],
      Element: [Function],
      CharacterData: [class CharacterData extends Node],
      DocumentType: [class DocumentType extends Node],
      AnimationTimeline: [class AnimationTimeline],
      DocumentTimeline: [class DocumentTimeline extends AnimationTimeline],
      HTMLAnchorElement: [class HTMLAnchorElement extends HTMLElement],
      HTMLButtonElement: [class HTMLButtonElement extends HTMLElement],
      HTMLOptGroupElement: [class HTMLOptGroupElement extends HTMLElement],
      HTMLOptionElement: [class HTMLOptionElement extends HTMLElement],
      HTMLElement: [Function],
      HTMLUnknownElement: [class HTMLUnknownElement extends HTMLElement],
      HTMLTemplateElement: [class HTMLTemplateElement extends HTMLElement],
      HTMLInputElement: [class HTMLInputElement extends HTMLElement],
      HTMLSelectElement: [class HTMLSelectElement extends HTMLElement],
      HTMLTextAreaElement: [class HTMLTextAreaElement extends HTMLElement],
      HTMLImageElement: [class HTMLImageElement extends HTMLElement],
      HTMLStyleElement: [class HTMLStyleElement extends HTMLElement],
      HTMLLabelElement: [class HTMLLabelElement extends HTMLElement],
      HTMLSlotElement: [class HTMLSlotElement extends HTMLElement],
      HTMLMetaElement: [class HTMLMetaElement extends HTMLElement],
      HTMLMediaElement: [class HTMLMediaElement extends HTMLElement],
      HTMLAudioElement: [class HTMLAudioElement extends HTMLMediaElement],
      HTMLVideoElement: [class HTMLVideoElement extends HTMLMediaElement],
      HTMLBaseElement: [class HTMLBaseElement extends HTMLElement],
      HTMLDialogElement: [class HTMLDialogElement extends HTMLElement],
      HTMLScriptElement: [class HTMLScriptElement extends HTMLElement],
      HTMLLinkElement: [class HTMLLinkElement extends HTMLElement],
      HTMLIFrameElement: [class HTMLIFrameElement extends HTMLElement],
      HTMLFormElement: [class HTMLFormElement extends HTMLElement],
      HTMLUListElement: [class HTMLUListElement extends HTMLElement],
      HTMLTrackElement: [class HTMLTrackElement extends HTMLElement],
      HTMLTableRowElement: [class HTMLTableRowElement extends HTMLElement],
      HTMLTitleElement: [class HTMLTitleElement extends HTMLElement],
      HTMLTimeElement: [class HTMLTimeElement extends HTMLElement],
      HTMLTableSectionElement: [class HTMLTableSectionElement extends HTMLElement],
      HTMLTableCellElement: [class HTMLTableCellElement extends HTMLElement],
      HTMLTableElement: [class HTMLTableElement extends HTMLElement],
      HTMLSpanElement: [class HTMLSpanElement extends HTMLElement],
      HTMLSourceElement: [class HTMLSourceElement extends HTMLElement],
      HTMLQuoteElement: [class HTMLQuoteElement extends HTMLElement],
      HTMLProgressElement: [class HTMLProgressElement extends HTMLElement],
      HTMLPreElement: [class HTMLPreElement extends HTMLElement],
      HTMLPictureElement: [class HTMLPictureElement extends HTMLElement],
      HTMLParamElement: [class HTMLParamElement extends HTMLElement],
      HTMLParagraphElement: [class HTMLParagraphElement extends HTMLElement],
      HTMLOutputElement: [class HTMLOutputElement extends HTMLElement],
      HTMLOListElement: [class HTMLOListElement extends HTMLElement],
      HTMLObjectElement: [class HTMLObjectElement extends HTMLElement],
      HTMLMeterElement: [class HTMLMeterElement extends HTMLElement],
      HTMLMenuElement: [class HTMLMenuElement extends HTMLElement],
      HTMLMapElement: [class HTMLMapElement extends HTMLElement],
      HTMLLIElement: [class HTMLLIElement extends HTMLElement],
      HTMLLegendElement: [class HTMLLegendElement extends HTMLElement],
      HTMLModElement: [class HTMLModElement extends HTMLElement],
      HTMLHtmlElement: [class HTMLHtmlElement extends HTMLElement],
      HTMLHRElement: [class HTMLHRElement extends HTMLElement],
      HTMLHeadElement: [class HTMLHeadElement extends HTMLElement],
      HTMLHeadingElement: [class HTMLHeadingElement extends HTMLElement],
      HTMLFieldSetElement: [class HTMLFieldSetElement extends HTMLElement],
      HTMLEmbedElement: [class HTMLEmbedElement extends HTMLElement],
      HTMLDListElement: [class HTMLDListElement extends HTMLElement],
      HTMLDivElement: [class HTMLDivElement extends HTMLElement],
      HTMLDetailsElement: [class HTMLDetailsElement extends HTMLElement],
      HTMLDataListElement: [class HTMLDataListElement extends HTMLElement],
      HTMLDataElement: [class HTMLDataElement extends HTMLElement],
      HTMLTableColElement: [class HTMLTableColElement extends HTMLElement],
      HTMLTableCaptionElement: [class HTMLTableCaptionElement extends HTMLElement],
      HTMLCanvasElement: [class HTMLCanvasElement extends HTMLElement],
      HTMLBRElement: [class HTMLBRElement extends HTMLElement],
      HTMLBodyElement: [class HTMLBodyElement extends HTMLElement],
      HTMLAreaElement: [class HTMLAreaElement extends HTMLElement],
      SVGSVGElement: [class SVGSVGElement extends SVGGraphicsElement],
      SVGAnimateElement: [class SVGAnimateElement extends SVGAnimationElement],
      SVGAnimateMotionElement: [class SVGAnimateMotionElement extends SVGAnimationElement],
      SVGAnimateTransformElement: [class SVGAnimateTransformElement extends SVGAnimationElement],
      SVGCircleElement: [class SVGCircleElement extends SVGGeometryElement],
      SVGClipPathElement: [class SVGClipPathElement extends SVGElement],
      SVGDefsElement: [class SVGDefsElement extends SVGGraphicsElement],
      SVGDescElement: [class SVGDescElement extends SVGElement],
      SVGEllipseElement: [class SVGEllipseElement extends SVGGeometryElement],
      SVGFEBlendElement: [Function],
      SVGFEColorMatrixElement: [Function],
      SVGFEComponentTransferElement: [class SVGFEComponentTransferElement extends SVGElement],
      SVGFECompositeElement: [Function],
      SVGFEConvolveMatrixElement: [Function],
      SVGFEDiffuseLightingElement: [class SVGFEDiffuseLightingElement extends SVGElement],
      SVGFEDisplacementMapElement: [Function],
      SVGFEDistantLightElement: [class SVGFEDistantLightElement extends SVGElement],
      SVGFEDropShadowElement: [class SVGFEDropShadowElement extends SVGElement],
      SVGFEFloodElement: [class SVGFEFloodElement extends SVGElement],
      SVGFEFuncAElement: [class SVGFEFuncAElement extends SVGComponentTransferFunctionElement],
      SVGFEFuncBElement: [class SVGFEFuncBElement extends SVGComponentTransferFunctionElement],
      SVGFEFuncGElement: [class SVGFEFuncGElement extends SVGComponentTransferFunctionElement],
      SVGFEFuncRElement: [class SVGFEFuncRElement extends SVGComponentTransferFunctionElement],
      SVGFEGaussianBlurElement: [Function],
      SVGFEImageElement: [class SVGFEImageElement extends SVGElement],
      SVGFEMergeElement: [class SVGFEMergeElement extends SVGElement],
      SVGFEMergeNodeElement: [class SVGFEMergeNodeElement extends SVGElement],
      SVGFEMorphologyElement: [Function],
      SVGFEOffsetElement: [class SVGFEOffsetElement extends SVGElement],
      SVGFEPointLightElement: [class SVGFEPointLightElement extends SVGElement],
      SVGFESpecularLightingElement: [class SVGFESpecularLightingElement extends SVGElement],
      SVGFESpotLightElement: [class SVGFESpotLightElement extends SVGElement],
      SVGFETileElement: [class SVGFETileElement extends SVGElement],
      SVGFETurbulenceElement: [Function],
      SVGFilterElement: [class SVGFilterElement extends SVGElement],
      SVGForeignObjectElement: [class SVGForeignObjectElement extends SVGGraphicsElement],
      SVGGElement: [class SVGGElement extends SVGGraphicsElement],
      SVGImageElement: [class SVGImageElement extends SVGGraphicsElement],
      SVGLineElement: [class SVGLineElement extends SVGGeometryElement],
      SVGLinearGradientElement: [class SVGLinearGradientElement extends SVGGradientElement],
      SVGMarkerElement: [Function],
      SVGMaskElement: [class SVGMaskElement extends SVGElement],
      SVGMetadataElement: [class SVGMetadataElement extends SVGElement],
      SVGMPathElement: [class SVGMPathElement extends SVGElement],
      SVGPathElement: [class SVGPathElement extends SVGGeometryElement],
      SVGPatternElement: [class SVGPatternElement extends SVGElement],
      SVGPolygonElement: [class SVGPolygonElement extends SVGGeometryElement],
      SVGPolylineElement: [class SVGPolylineElement extends SVGGeometryElement],
      SVGRadialGradientElement: [class SVGRadialGradientElement extends SVGGradientElement],
      SVGRectElement: [class SVGRectElement extends SVGGeometryElement],
      SVGScriptElement: [class SVGScriptElement extends SVGGraphicsElement],
      SVGSetElement: [class SVGSetElement extends SVGAnimationElement],
      SVGStopElement: [class SVGStopElement extends SVGElement],
      SVGStyleElement: [class SVGStyleElement extends SVGElement],
      SVGSwitchElement: [class SVGSwitchElement extends SVGGraphicsElement],
      SVGSymbolElement: [class SVGSymbolElement extends SVGGraphicsElement],
      SVGTextElement: [class SVGTextElement extends SVGTextPositioningElement],
      SVGTextPathElement: [Function],
      SVGTitleElement: [class SVGTitleElement extends SVGElement],
      SVGTSpanElement: [class SVGTSpanElement extends SVGTextPositioningElement],
      SVGUseElement: [class SVGUseElement extends SVGGraphicsElement],
      SVGViewElement: [class SVGViewElement extends SVGElement],
      SVGElement: [class SVGElement extends Element],
      SVGAnimationElement: [class SVGAnimationElement extends SVGElement],
      SVGComponentTransferFunctionElement: [Function],
      SVGGeometryElement: [class SVGGeometryElement extends SVGGraphicsElement],
      SVGGradientElement: [Function],
      SVGTextPositioningElement: [class SVGTextPositioningElement extends SVGTextContentElement],
      SVGGraphicsElement: [class SVGGraphicsElement extends SVGElement],
      Event: [Function],
      UIEvent: [Function],
      CustomEvent: [class CustomEvent extends Event],
      CloseEvent: [class CloseEvent extends Event],
      AnimationEvent: [class AnimationEvent extends Event],
      KeyboardEvent: [Function],
      MessageEvent: [class MessageEvent extends Event],
      MouseEvent: [class MouseEvent extends UIEvent],
      PointerEvent: [class PointerEvent extends MouseEvent],
      FocusEvent: [class FocusEvent extends UIEvent],
      WheelEvent: [Function],
      InputEvent: [class InputEvent extends UIEvent],
      ErrorEvent: [class ErrorEvent extends UIEvent],
      StorageEvent: [class StorageEvent extends Event],
      SubmitEvent: [class SubmitEvent extends Event],
      ProgressEvent: [class ProgressEvent extends Event],
      MediaQueryListEvent: [class MediaQueryListEvent extends Event],
      HashChangeEvent: [class HashChangeEvent extends Event],
      ClipboardEvent: [class ClipboardEvent extends Event],
      CookieChangeEvent: [class CookieChangeEvent extends Event],
      TouchEvent: [class TouchEvent extends UIEvent],
      PopStateEvent: [class PopStateEvent extends Event],
      Touch: [class Touch],
      AudioProcessingEvent: [Function],
      BeforeInputEvent: [Function],
      BeforeUnloadEvent: [Function],
      BlobEvent: [Function],
      CompositionEvent: [Function],
      CSSFontFaceLoadEvent: [Function],
      DeviceLightEvent: [Function],
      DeviceMotionEvent: [Function],
      DeviceOrientationEvent: [Function],
      DeviceProximityEvent: [Function],
      DOMTransactionEvent: [Function],
      DragEvent: [Function],
      EditingBeforeInputEvent: [Function],
      FetchEvent: [Function],
      GamepadEvent: [Function],
      IDBVersionChangeEvent: [Function],
      MediaStreamEvent: [Function],
      MutationEvent: [Function],
      OfflineAudioCompletionEvent: [Function],
      OverconstrainedError: [Function],
      PageTransitionEvent: [Function],
      PaymentRequestUpdateEvent: [Function],
      RelatedEvent: [Function],
      RTCDataChannelEvent: [Function],
      RTCIdentityErrorEvent: [Function],
      RTCIdentityEvent: [Function],
      RTCPeerConnectionIceEvent: [Function],
      SensorEvent: [Function],
      SVGEvent: [Function],
      SVGZoomEvent: [Function],
      TimeEvent: [Function],
      TrackEvent: [Function],
      TransitionEvent: [Function],
      UserProximityEvent: [Function],
      WebGLContextEvent: [Function],
      TextEvent: [Function],
      Permissions: [class Permissions],
      History: [class History],
      Navigator: [class Navigator],
      Clipboard: [class Clipboard],
      TimeRanges: [class TimeRanges],
      TextTrackCueList: [class TextTrackCueList extends Array],
      ValidityState: [class ValidityState],
      MutationRecord: [class MutationRecord],
      IntersectionObserver: [class IntersectionObserver],
      IntersectionObserverEntry: [class IntersectionObserverEntry],
      CSSStyleDeclaration: [class CSSStyleDeclaration],
      CSSRule: [Function],
      CSSContainerRule: [class CSSContainerRule extends CSSConditionRule],
      CSSFontFaceRule: [class CSSFontFaceRule extends CSSRule],
      CSSKeyframeRule: [class CSSKeyframeRule extends CSSRule],
      CSSKeyframesRule: [class CSSKeyframesRule extends CSSRule],
      CSSMediaRule: [class CSSMediaRule extends CSSConditionRule],
      CSSStyleRule: [class CSSStyleRule extends CSSGroupingRule],
      CSSSupportsRule: [class CSSSupportsRule extends CSSConditionRule],
      CSSConditionRule: [class CSSConditionRule extends CSSGroupingRule],
      CSSGroupingRule: [class CSSGroupingRule extends CSSRule],
      CSSScopeRule: [class CSSScopeRule extends CSSGroupingRule],
      DOMRect: [class DOMRect extends DOMRectReadOnly],
      DOMRectReadOnly: [class DOMRectReadOnly],
      Plugin: [class Plugin],
      PluginArray: [class PluginArray],
      Location: [class Location],
      CustomElementRegistry: [class CustomElementRegistry],
      ResizeObserver: [class ResizeObserver],
      Blob: [class Blob],
      File: [class File extends Blob],
      Storage: [class Storage],
      CookieStore: [class CookieStore extends EventTarget],
      MimeType: [class MimeType],
      MimeTypeArray: [class MimeTypeArray],
      NodeFilter: [Object],
      ImageBitmap: [class ImageBitmap],
      HTMLCollection: [class HTMLCollection],
      HTMLFormControlCollection: [class HTMLFormControlsCollection extends HTMLCollection],
      HTMLOptionsCollection: [class HTMLOptionsCollection extends HTMLCollection],
      NodeList: [class NodeList],
      RadioNodeList: [class RadioNodeList extends NodeList],
      FileList: [class FileList extends Array],
      Screen: [class Screen extends EventTarget],
      ScreenDetails: [class ScreenDetails extends EventTarget],
      ScreenDetailed: [class ScreenDetailed extends Screen],
      NamedNodeMap: [class NamedNodeMap],
      TreeWalker: [class TreeWalker],
      NodeIterator: [class NodeIterator],
      DataTransfer: [class DataTransfer],
      DataTransferItem: [class DataTransferItem],
      DataTransferItemList: [class DataTransferItemList extends Array],
      XMLSerializer: [class XMLSerializer],
      ClipboardItem: [class ClipboardItem],
      Selection: [class Selection],
      CSSUnitValue: [class CSSUnitValue],
      SVGAngle: [Function],
      SVGAnimatedAngle: [class SVGAnimatedAngle],
      SVGAnimatedBoolean: [class SVGAnimatedBoolean],
      SVGAnimatedEnumeration: [class SVGAnimatedEnumeration],
      SVGAnimatedInteger: [class SVGAnimatedInteger],
      SVGAnimatedLength: [class SVGAnimatedLength],
      SVGAnimatedNumber: [class SVGAnimatedNumber],
      SVGAnimatedNumberList: [class SVGAnimatedNumberList],
      SVGAnimatedPreserveAspectRatio: [class SVGAnimatedPreserveAspectRatio],
      SVGAnimatedRect: [class SVGAnimatedRect],
      SVGAnimatedString: [class SVGAnimatedString],
      SVGAnimatedTransformList: [class SVGAnimatedTransformList],
      SVGLength: [Function],
      SVGLengthList: [class SVGLengthList],
      SVGMatrix: [class SVGMatrix],
      SVGNumber: [class SVGNumber],
      SVGNumberList: [class SVGNumberList],
      SVGPoint: [class SVGPoint],
      SVGPointList: [class SVGPointList],
      SVGPreserveAspectRatio: [Function],
      SVGRect: [class SVGRect],
      SVGStringList: [class SVGStringList],
      SVGTransform: [Function],
      SVGTransformList: [class SVGTransformList],
      SVGAnimatedLengthList: [class SVGAnimatedLengthList],
      SVGUnitTypes: [Function],
      StylePropertyMap: [class StylePropertyMap extends StylePropertyMapReadOnly],
      StylePropertyMapReadOnly: [class StylePropertyMapReadOnly],
      MediaList: [class MediaList],
      CSSKeywordValue: [class CSSKeywordValue],
      CSSStyleValue: [class CSSStyleValue],
      Window: [class GlobalWindow extends Window],
      URLSearchParams: [class URLSearchParams],
      WritableStream: [Function],
      ReadableStream: [class ReadableStream],
      TransformStream: [Function: Transform],
      PerformanceObserver: [class PerformanceObserver],
      PerformanceEntry: [class PerformanceEntry],
      PerformanceObserverEntryList: [class PerformanceObserverEntryList],
      document: [HTMLDocument],
      customElements: [CustomElementRegistry],
      window: [Circular *5],
      globalThis: [Circular *5],
      performance: [Performance [EventTarget]],
      screenLeft: 0,
      screenTop: 0,
      screenX: 0,
      screenY: 0,
      crypto: Crypto {},
      TextEncoder: [class TextEncoder],
      TextDecoder: [class TextDecoder],
      closed: false,
      console: [Console [console]],
      name: '',
      Buffer: [Function],
      Document: [class Document extends Document],
      HTMLDocument: [class HTMLDocument extends HTMLDocument],
      XMLDocument: [class XMLDocument extends XMLDocument],
      DocumentFragment: [class DocumentFragment extends DocumentFragment],
      Text: [class Text extends Text],
      Comment: [class Comment extends Comment],
      Image: [class Image extends Image],
      Audio: [class Audio extends Audio],
      MutationObserver: [class MutationObserver extends MutationObserver],
      MessagePort: [class MessagePort extends MessagePort],
      CSSStyleSheet: [class CSSStyleSheet extends CSSStyleSheet],
      DOMException: [class DOMException extends DOMException],
      Headers: [class Headers extends Headers],
      Request: [class Request extends Request],
      Response: [Function],
      EventTarget: [class EventTarget extends EventTarget],
      XMLHttpRequestUpload: [class XMLHttpRequestUpload extends XMLHttpRequestUpload],
      XMLHttpRequestEventTarget: [class XMLHttpRequestEventTarget extends XMLHttpRequestEventTarget],
      AbortController: [class AbortController extends AbortController],
      AbortSignal: [Function],
      FormData: [class FormData extends FormData],
      PermissionStatus: [class PermissionStatus extends PermissionStatus],
      XMLHttpRequest: [class XMLHttpRequest extends XMLHttpRequest],
      DOMParser: [class DOMParser extends DOMParser],
      Range: [class Range extends Range],
      VTTCue: [class VTTCue extends VTTCue],
      TextTrack: [class TextTrack extends TextTrack],
      TextTrackList: [class TextTrackList extends TextTrackList],
      TextTrackCue: [class TextTrackCue extends TextTrackCue],
      RemotePlayback: [class RemotePlayback extends RemotePlayback],
      FileReader: [class FileReader extends FileReader],
      MediaStream: [class MediaStream extends MediaStream],
      MediaStreamTrack: [class MediaStreamTrack extends MediaStreamTrack],
      CanvasCaptureMediaStreamTrack: [class CanvasCaptureMediaStreamTrack extends CanvasCaptureMediaStreamTrack],
      URL: [class URL extends URL],
      WebSocket: [class WebSocket extends WebSocket],
      ImageData: [class ImageData extends ImageData],
      OffscreenCanvas: [class OffscreenCanvas extends OffscreenCanvas],
      DOMMatrixReadOnly: [class DOMMatrixReadOnly extends DOMMatrixReadOnly],
      DOMMatrix: [class DOMMatrix extends DOMMatrix],
      DOMPointReadOnly: [class DOMPointReadOnly extends DOMPointReadOnly],
      DOMPoint: [class DOMPoint extends DOMPoint],
      Animation: [class Animation extends Animation],
      KeyframeEffect: [class KeyframeEffect extends KeyframeEffect],
      happyDOM: DetachedWindowAPI {},
      Array: [Function: Array],
      ArrayBuffer: [Function: ArrayBuffer],
      Boolean: [Function: Boolean],
      DataView: [Function: DataView],
      Date: [Function: Date],
      Error: [Function],
      EvalError: [Function: EvalError],
      Float32Array: [Function: Float32Array],
      Float64Array: [Function: Float64Array],
      Function: [Function: Function],
      Infinity: Infinity,
      Int16Array: [Function: Int16Array],
      Int32Array: [Function: Int32Array],
      Int8Array: [Function: Int8Array],
      Intl: Object [Intl] {},
      JSON: Object [JSON] {},
      Map: [Function: Map],
      Math: Object [Math] {},
      NaN: NaN,
      Number: [Function: Number],
      Object: [Function: Object],
      Promise: [Function: Promise],
      RangeError: [Function: RangeError],
      ReferenceError: [Function: ReferenceError],
      RegExp: [Function: RegExp],
      Set: [Function: Set],
      String: [Function: String],
      Symbol: [Function],
      SyntaxError: [Function: SyntaxError],
      TypeError: [Function: TypeError],
      URIError: [Function: URIError],
      Uint16Array: [Function: Uint16Array],
      Uint32Array: [Function: Uint32Array],
      Uint8Array: [Function: Uint8Array],
      Uint8ClampedArray: [Function: Uint8ClampedArray],
      WeakMap: [Function: WeakMap],
      WeakSet: [Function: WeakSet],
      decodeURI: [Function: decodeURI],
      decodeURIComponent: [Function: decodeURIComponent],
      encodeURI: [Function: encodeURI],
      encodeURIComponent: [Function: encodeURIComponent],
      eval: [Function: eval],
      escape: [Function: escape],
      global: [Object [global]],
      isFinite: [Function: isFinite],
      isNaN: [Function: isNaN],
      parseFloat: [Function: parseFloat],
      parseInt: [Function: parseInt],
      undefined: undefined,
      unescape: [Function: unescape],
      [Symbol(listeners)]: [Object],
      [Symbol(listenerOptions)]: [Object],
      [Symbol(mutationObservers)]: [],
      [Symbol(readyStateManager)]: DocumentReadyStateManager {},
      [Symbol(location)]: [Location],
      [Symbol(history)]: History {},
      [Symbol(navigator)]: Navigator {},
      [Symbol(screen)]: [Screen [EventTarget]],
      [Symbol(sessionStorage)]: [Storage],
      [Symbol(localStorage)]: [Storage],
      [Symbol(cookieStore)]: [CookieStore [EventTarget]],
      [Symbol(self)]: [Circular *5],
      [Symbol(top)]: [Circular *5],
      [Symbol(parent)]: [Circular *5],
      [Symbol(window)]: [Circular *5],
      [Symbol(frames)]: [Circular *5],
      [Symbol(internalId)]: 0,
      [Symbol(customElementReactionStack)]: [CustomElementReactionStack],
      [Symbol(modules)]: [Object],
      [Symbol(moduleImportMap)]: null,
      [Symbol(openWebSockets)]: [],
      [Symbol(propertyEventListeners)]: Map(0) {},
      [Symbol(querySelectorCache)]: [Map]
    },
    [Symbol(element)]: [Circular *1],
    [Symbol(computed)]: false,
    [Symbol(cache)]: {
      attributeValue: 'color: transparent;',
      propertyManager: [CSSPropertyManager]
    }
  },
  [Symbol(dataset)]: null,
  [Symbol(customElementDefineCallback)]: null,
  [Symbol(complete)]: true,
  [Symbol(naturalHeight)]: 0,
  [Symbol(naturalWidth)]: 0,
  [Symbol(loading)]: 'auto',
  [Symbol(x)]: 0,
  [Symbol(y)]: 0,
  [Symbol(buffer)]: null
}

stderr | __tests__/MetadataParser.test.tsx > parseMetadata > handles malformed JSON as legacy string
Image is missing required "src" property: <ref *1> HTMLImageElement {
  '__reactFiber$2ljhqegbpg4': <ref *2> FiberNode {
    tag: 5,
    key: null,
    elementType: 'img',
    type: 'img',
    stateNode: [Circular *1],
    return: FiberNode {
      tag: 11,
      key: null,
      elementType: [Object],
      type: [Object],
      stateNode: null,
      return: [FiberNode],
      child: [Circular *2],
      sibling: null,
      index: 0,
      ref: null,
      pendingProps: [Object],
      memoizedProps: [Object],
      updateQueue: null,
      memoizedState: [Object],
      dependencies: null,
      mode: 1,
      flags: 1048577,
      subtreeFlags: 2097668,
      deletions: null,
      lanes: 0,
      childLanes: 0,
      alternate: null,
      actualDuration: 0,
      actualStartTime: -1,
      selfBaseDuration: 0,
      treeBaseDuration: 0,
      _debugSource: undefined,
      _debugOwner: [FiberNode],
      _debugNeedsRemount: false,
      _debugHookTypes: [Array]
    },
    child: null,
    sibling: null,
    index: 0,
    ref: [Function (anonymous)],
    pendingProps: {
      'data-testid': 'image',
      alt: '',
      fetchpriority: undefined,
      loading: undefined,
      width: 100,
      height: 100,
      decoding: 'async',
      'data-nimg': '1',
      className: undefined,
      style: [Object],
      sizes: undefined,
      srcSet: undefined,
      src: '',
      onLoad: [Function: onLoad],
      onError: [Function: onError]
    },
    memoizedProps: {
      'data-testid': 'image',
      alt: '',
      fetchpriority: undefined,
      loading: undefined,
      width: 100,
      height: 100,
      decoding: 'async',
      'data-nimg': '1',
      className: undefined,
      style: [Object],
      sizes: undefined,
      srcSet: undefined,
      src: '',
      onLoad: [Function: onLoad],
      onError: [Function: onError]
    },
    updateQueue: null,
    memoizedState: null,
    dependencies: null,
    mode: 1,
    flags: 2097668,
    subtreeFlags: 0,
    deletions: null,
    lanes: 0,
    childLanes: 0,
    alternate: null,
    actualDuration: 0,
    actualStartTime: -1,
    selfBaseDuration: 0,
    treeBaseDuration: 0,
    _debugSource: undefined,
    _debugOwner: FiberNode {
      tag: 11,
      key: null,
      elementType: [Object],
      type: [Object],
      stateNode: null,
      return: [FiberNode],
      child: [Circular *2],
      sibling: null,
      index: 0,
      ref: null,
      pendingProps: [Object],
      memoizedProps: [Object],
      updateQueue: null,
      memoizedState: [Object],
      dependencies: null,
      mode: 1,
      flags: 1048577,
      subtreeFlags: 2097668,
      deletions: null,
      lanes: 0,
      childLanes: 0,
      alternate: null,
      actualDuration: 0,
      actualStartTime: -1,
      selfBaseDuration: 0,
      treeBaseDuration: 0,
      _debugSource: undefined,
      _debugOwner: [FiberNode],
      _debugNeedsRemount: false,
      _debugHookTypes: [Array]
    },
    _debugNeedsRemount: false,
    _debugHookTypes: null
  },
  '__reactProps$2ljhqegbpg4': {
    'data-testid': 'image',
    alt: '',
    fetchpriority: undefined,
    loading: undefined,
    width: 100,
    height: 100,
    decoding: 'async',
    'data-nimg': '1',
    className: undefined,
    style: { color: 'transparent' },
    sizes: undefined,
    srcSet: undefined,
    src: '',
    onLoad: [Function: onLoad],
    onError: [Function: onError]
  },
  '__reactEvents$2ljhqegbpg4': Set(2) { 'error__bubble', 'load__bubble' },
  [Symbol(listeners)]: {
    bubbling: Map(2) { 'error' => [Array], 'load' => [Array] },
    capturing: Map(0) {}
  },
  [Symbol(listenerOptions)]: {
    bubbling: Map(2) { 'error' => [Array], 'load' => [Array] },
    capturing: Map(0) {}
  },
  [Symbol(isConnected)]: true,
  [Symbol(parentNode)]: <ref *3> HTMLDivElement {
    '__reactFiber$2ljhqegbpg4': FiberNode {
      tag: 5,
      key: null,
      elementType: 'div',
      type: 'div',
      stateNode: [Circular *3],
      return: [FiberNode],
      child: [FiberNode],
      sibling: null,
      index: 0,
      ref: null,
      pendingProps: [Object],
      memoizedProps: [Object],
      updateQueue: null,
      memoizedState: null,
      dependencies: null,
      mode: 1,
      flags: 0,
      subtreeFlags: 11536901,
      deletions: null,
      lanes: 0,
      childLanes: 0,
      alternate: null,
      actualDuration: 0,
      actualStartTime: -1,
      selfBaseDuration: 0,
      treeBaseDuration: 0,
      _debugSource: [Object],
      _debugOwner: [FiberNode],
      _debugNeedsRemount: false,
      _debugHookTypes: null
    },
    '__reactProps$2ljhqegbpg4': { children: [Array] },
    [Symbol(listeners)]: { bubbling: Map(0) {}, capturing: Map(0) {} },
    [Symbol(listenerOptions)]: { bubbling: Map(0) {}, capturing: Map(0) {} },
    [Symbol(isConnected)]: true,
    [Symbol(parentNode)]: HTMLDivElement {
      '__reactContainer$2ljhqegbpg4': [FiberNode],
      _reactListening7defm8ungkm: true,
      [Symbol(listeners)]: [Object],
      [Symbol(listenerOptions)]: [Object],
      [Symbol(isConnected)]: true,
      [Symbol(parentNode)]: [HTMLBodyElement],
      [Symbol(rootNode)]: [HTMLDocument],
      [Symbol(styleNode)]: null,
      [Symbol(textAreaNode)]: null,
      [Symbol(formNode)]: null,
      [Symbol(selectNode)]: null,
      [Symbol(mutationListeners)]: [],
      [Symbol(nodeArray)]: [Array],
      [Symbol(elementArray)]: [Array],
      [Symbol(childNodes)]: null,
      [Symbol(assignedToSlot)]: null,
      [Symbol(cache)]: [Object],
      [Symbol(affectsCache)]: [],
      [Symbol(ownerDocument)]: [HTMLDocument],
      [Symbol(window)]: [GlobalWindow [EventTarget]],
      [Symbol(classList)]: null,
      [Symbol(isValue)]: null,
      [Symbol(nodeType)]: 1,
      [Symbol(prefix)]: null,
      [Symbol(shadowRoot)]: null,
      [Symbol(scrollHeight)]: 0,
      [Symbol(scrollWidth)]: 0,
      [Symbol(scrollTop)]: 0,
      [Symbol(scrollLeft)]: 0,
      [Symbol(attributes)]: [NamedNodeMap],
      [Symbol(attributesProxy)]: null,
      [Symbol(children)]: null,
      [Symbol(computedStyle)]: null,
      [Symbol(pointerCaptures)]: Set(0) {},
      [Symbol(propertyEventListeners)]: [Map],
      [Symbol(animations)]: [],
      [Symbol(tagName)]: 'DIV',
      [Symbol(localName)]: 'div',
      [Symbol(namespaceURI)]: 'http://www.w3.org/1999/xhtml',
      [Symbol(accessKey)]: '',
      [Symbol(offsetHeight)]: 0,
      [Symbol(offsetWidth)]: 0,
      [Symbol(offsetLeft)]: 0,
      [Symbol(offsetTop)]: 0,
      [Symbol(clientHeight)]: 0,
      [Symbol(clientWidth)]: 0,
      [Symbol(clientLeft)]: 0,
      [Symbol(clientTop)]: 0,
      [Symbol(style)]: null,
      [Symbol(dataset)]: null,
      [Symbol(customElementDefineCallback)]: null
    },
    [Symbol(rootNode)]: <ref *4> HTMLDocument {
      defaultView: [Getter],
      _reactListening7defm8ungkm: true,
      [Symbol(listeners)]: [Object],
      [Symbol(listenerOptions)]: [Object],
      [Symbol(isConnected)]: true,
      [Symbol(parentNode)]: null,
      [Symbol(rootNode)]: [Circular *4],
      [Symbol(styleNode)]: null,
      [Symbol(textAreaNode)]: null,
      [Symbol(formNode)]: null,
      [Symbol(selectNode)]: null,
      [Symbol(mutationListeners)]: [],
      [Symbol(nodeArray)]: [Array],
      [Symbol(elementArray)]: [Array],
      [Symbol(childNodes)]: null,
      [Symbol(assignedToSlot)]: null,
      [Symbol(cache)]: [Object],
      [Symbol(affectsCache)]: [Array],
      [Symbol(ownerDocument)]: null,
      [Symbol(children)]: null,
      [Symbol(activeElement)]: null,
      [Symbol(nextActiveElement)]: null,
      [Symbol(currentScript)]: null,
      [Symbol(isFirstWrite)]: true,
      [Symbol(isFirstWriteAfterOpen)]: false,
      [Symbol(nodeType)]: 9,
      [Symbol(adoptedStyleSheets)]: [],
      [Symbol(implementation)]: DOMImplementation {},
      [Symbol(readyState)]: 'complete',
      [Symbol(referrer)]: '',
      [Symbol(defaultView)]: [GlobalWindow [EventTarget]],
      [Symbol(forms)]: null,
      [Symbol(links)]: null,
      [Symbol(affectsComputedStyleCache)]: [],
      [Symbol(elementIdMap)]: Map(0) {},
      [Symbol(contentType)]: 'text/html',
      [Symbol(xmlProcessingInstruction)]: null,
      [Symbol(preloads)]: Map(0) {},
      [Symbol(propertyEventListeners)]: Map(0) {},
      [Symbol(selection)]: null,
      [Symbol(timeline)]: DocumentTimeline {}
    },
    [Symbol(styleNode)]: null,
    [Symbol(textAreaNode)]: null,
    [Symbol(formNode)]: null,
    [Symbol(selectNode)]: null,
    [Symbol(mutationListeners)]: [],
    [Symbol(nodeArray)]: [
      [HTMLHeadingElement],
      [HTMLParagraphElement],
      [Circular *1],
      [HTMLAnchorElement]
    ],
    [Symbol(elementArray)]: [
      [HTMLHeadingElement],
      [HTMLParagraphElement],
      [Circular *1],
      [HTMLAnchorElement]
    ],
    [Symbol(childNodes)]: null,
    [Symbol(assignedToSlot)]: null,
    [Symbol(cache)]: {
      querySelector: Map(0) {},
      querySelectorAll: Map(0) {},
      matches: Map(0) {},
      elementsByTagName: Map(0) {},
      elementsByTagNameNS: Map(0) {},
      elementByTagName: Map(0) {},
      elementById: Map(0) {},
      computedStyle: null
    },
    [Symbol(affectsCache)]: [],
    [Symbol(ownerDocument)]: <ref *4> HTMLDocument {
      defaultView: [Getter],
      _reactListening7defm8ungkm: true,
      [Symbol(listeners)]: [Object],
      [Symbol(listenerOptions)]: [Object],
      [Symbol(isConnected)]: true,
      [Symbol(parentNode)]: null,
      [Symbol(rootNode)]: [Circular *4],
      [Symbol(styleNode)]: null,
      [Symbol(textAreaNode)]: null,
      [Symbol(formNode)]: null,
      [Symbol(selectNode)]: null,
      [Symbol(mutationListeners)]: [],
      [Symbol(nodeArray)]: [Array],
      [Symbol(elementArray)]: [Array],
      [Symbol(childNodes)]: null,
      [Symbol(assignedToSlot)]: null,
      [Symbol(cache)]: [Object],
      [Symbol(affectsCache)]: [Array],
      [Symbol(ownerDocument)]: null,
      [Symbol(children)]: null,
      [Symbol(activeElement)]: null,
      [Symbol(nextActiveElement)]: null,
      [Symbol(currentScript)]: null,
      [Symbol(isFirstWrite)]: true,
      [Symbol(isFirstWriteAfterOpen)]: false,
      [Symbol(nodeType)]: 9,
      [Symbol(adoptedStyleSheets)]: [],
      [Symbol(implementation)]: DOMImplementation {},
      [Symbol(readyState)]: 'complete',
      [Symbol(referrer)]: '',
      [Symbol(defaultView)]: [GlobalWindow [EventTarget]],
      [Symbol(forms)]: null,
      [Symbol(links)]: null,
      [Symbol(affectsComputedStyleCache)]: [],
      [Symbol(elementIdMap)]: Map(0) {},
      [Symbol(contentType)]: 'text/html',
      [Symbol(xmlProcessingInstruction)]: null,
      [Symbol(preloads)]: Map(0) {},
      [Symbol(propertyEventListeners)]: Map(0) {},
      [Symbol(selection)]: null,
      [Symbol(timeline)]: DocumentTimeline {}
    },
    [Symbol(window)]: <ref *5> GlobalWindow [EventTarget] {
      Node: [Function],
      Attr: [class Attr extends Node],
      ShadowRoot: [class ShadowRoot extends DocumentFragment],
      ProcessingInstruction: [class ProcessingInstruction extends CharacterData],
      Element: [Function],
      CharacterData: [class CharacterData extends Node],
      DocumentType: [class DocumentType extends Node],
      AnimationTimeline: [class AnimationTimeline],
      DocumentTimeline: [class DocumentTimeline extends AnimationTimeline],
      HTMLAnchorElement: [class HTMLAnchorElement extends HTMLElement],
      HTMLButtonElement: [class HTMLButtonElement extends HTMLElement],
      HTMLOptGroupElement: [class HTMLOptGroupElement extends HTMLElement],
      HTMLOptionElement: [class HTMLOptionElement extends HTMLElement],
      HTMLElement: [Function],
      HTMLUnknownElement: [class HTMLUnknownElement extends HTMLElement],
      HTMLTemplateElement: [class HTMLTemplateElement extends HTMLElement],
      HTMLInputElement: [class HTMLInputElement extends HTMLElement],
      HTMLSelectElement: [class HTMLSelectElement extends HTMLElement],
      HTMLTextAreaElement: [class HTMLTextAreaElement extends HTMLElement],
      HTMLImageElement: [class HTMLImageElement extends HTMLElement],
      HTMLStyleElement: [class HTMLStyleElement extends HTMLElement],
      HTMLLabelElement: [class HTMLLabelElement extends HTMLElement],
      HTMLSlotElement: [class HTMLSlotElement extends HTMLElement],
      HTMLMetaElement: [class HTMLMetaElement extends HTMLElement],
      HTMLMediaElement: [class HTMLMediaElement extends HTMLElement],
      HTMLAudioElement: [class HTMLAudioElement extends HTMLMediaElement],
      HTMLVideoElement: [class HTMLVideoElement extends HTMLMediaElement],
      HTMLBaseElement: [class HTMLBaseElement extends HTMLElement],
      HTMLDialogElement: [class HTMLDialogElement extends HTMLElement],
      HTMLScriptElement: [class HTMLScriptElement extends HTMLElement],
      HTMLLinkElement: [class HTMLLinkElement extends HTMLElement],
      HTMLIFrameElement: [class HTMLIFrameElement extends HTMLElement],
      HTMLFormElement: [class HTMLFormElement extends HTMLElement],
      HTMLUListElement: [class HTMLUListElement extends HTMLElement],
      HTMLTrackElement: [class HTMLTrackElement extends HTMLElement],
      HTMLTableRowElement: [class HTMLTableRowElement extends HTMLElement],
      HTMLTitleElement: [class HTMLTitleElement extends HTMLElement],
      HTMLTimeElement: [class HTMLTimeElement extends HTMLElement],
      HTMLTableSectionElement: [class HTMLTableSectionElement extends HTMLElement],
      HTMLTableCellElement: [class HTMLTableCellElement extends HTMLElement],
      HTMLTableElement: [class HTMLTableElement extends HTMLElement],
      HTMLSpanElement: [class HTMLSpanElement extends HTMLElement],
      HTMLSourceElement: [class HTMLSourceElement extends HTMLElement],
      HTMLQuoteElement: [class HTMLQuoteElement extends HTMLElement],
      HTMLProgressElement: [class HTMLProgressElement extends HTMLElement],
      HTMLPreElement: [class HTMLPreElement extends HTMLElement],
      HTMLPictureElement: [class HTMLPictureElement extends HTMLElement],
      HTMLParamElement: [class HTMLParamElement extends HTMLElement],
      HTMLParagraphElement: [class HTMLParagraphElement extends HTMLElement],
      HTMLOutputElement: [class HTMLOutputElement extends HTMLElement],
      HTMLOListElement: [class HTMLOListElement extends HTMLElement],
      HTMLObjectElement: [class HTMLObjectElement extends HTMLElement],
      HTMLMeterElement: [class HTMLMeterElement extends HTMLElement],
      HTMLMenuElement: [class HTMLMenuElement extends HTMLElement],
      HTMLMapElement: [class HTMLMapElement extends HTMLElement],
      HTMLLIElement: [class HTMLLIElement extends HTMLElement],
      HTMLLegendElement: [class HTMLLegendElement extends HTMLElement],
      HTMLModElement: [class HTMLModElement extends HTMLElement],
      HTMLHtmlElement: [class HTMLHtmlElement extends HTMLElement],
      HTMLHRElement: [class HTMLHRElement extends HTMLElement],
      HTMLHeadElement: [class HTMLHeadElement extends HTMLElement],
      HTMLHeadingElement: [class HTMLHeadingElement extends HTMLElement],
      HTMLFieldSetElement: [class HTMLFieldSetElement extends HTMLElement],
      HTMLEmbedElement: [class HTMLEmbedElement extends HTMLElement],
      HTMLDListElement: [class HTMLDListElement extends HTMLElement],
      HTMLDivElement: [class HTMLDivElement extends HTMLElement],
      HTMLDetailsElement: [class HTMLDetailsElement extends HTMLElement],
      HTMLDataListElement: [class HTMLDataListElement extends HTMLElement],
      HTMLDataElement: [class HTMLDataElement extends HTMLElement],
      HTMLTableColElement: [class HTMLTableColElement extends HTMLElement],
      HTMLTableCaptionElement: [class HTMLTableCaptionElement extends HTMLElement],
      HTMLCanvasElement: [class HTMLCanvasElement extends HTMLElement],
      HTMLBRElement: [class HTMLBRElement extends HTMLElement],
      HTMLBodyElement: [class HTMLBodyElement extends HTMLElement],
      HTMLAreaElement: [class HTMLAreaElement extends HTMLElement],
      SVGSVGElement: [class SVGSVGElement extends SVGGraphicsElement],
      SVGAnimateElement: [class SVGAnimateElement extends SVGAnimationElement],
      SVGAnimateMotionElement: [class SVGAnimateMotionElement extends SVGAnimationElement],
      SVGAnimateTransformElement: [class SVGAnimateTransformElement extends SVGAnimationElement],
      SVGCircleElement: [class SVGCircleElement extends SVGGeometryElement],
      SVGClipPathElement: [class SVGClipPathElement extends SVGElement],
      SVGDefsElement: [class SVGDefsElement extends SVGGraphicsElement],
      SVGDescElement: [class SVGDescElement extends SVGElement],
      SVGEllipseElement: [class SVGEllipseElement extends SVGGeometryElement],
      SVGFEBlendElement: [Function],
      SVGFEColorMatrixElement: [Function],
      SVGFEComponentTransferElement: [class SVGFEComponentTransferElement extends SVGElement],
      SVGFECompositeElement: [Function],
      SVGFEConvolveMatrixElement: [Function],
      SVGFEDiffuseLightingElement: [class SVGFEDiffuseLightingElement extends SVGElement],
      SVGFEDisplacementMapElement: [Function],
      SVGFEDistantLightElement: [class SVGFEDistantLightElement extends SVGElement],
      SVGFEDropShadowElement: [class SVGFEDropShadowElement extends SVGElement],
      SVGFEFloodElement: [class SVGFEFloodElement extends SVGElement],
      SVGFEFuncAElement: [class SVGFEFuncAElement extends SVGComponentTransferFunctionElement],
      SVGFEFuncBElement: [class SVGFEFuncBElement extends SVGComponentTransferFunctionElement],
      SVGFEFuncGElement: [class SVGFEFuncGElement extends SVGComponentTransferFunctionElement],
      SVGFEFuncRElement: [class SVGFEFuncRElement extends SVGComponentTransferFunctionElement],
      SVGFEGaussianBlurElement: [Function],
      SVGFEImageElement: [class SVGFEImageElement extends SVGElement],
      SVGFEMergeElement: [class SVGFEMergeElement extends SVGElement],
      SVGFEMergeNodeElement: [class SVGFEMergeNodeElement extends SVGElement],
      SVGFEMorphologyElement: [Function],
      SVGFEOffsetElement: [class SVGFEOffsetElement extends SVGElement],
      SVGFEPointLightElement: [class SVGFEPointLightElement extends SVGElement],
      SVGFESpecularLightingElement: [class SVGFESpecularLightingElement extends SVGElement],
      SVGFESpotLightElement: [class SVGFESpotLightElement extends SVGElement],
      SVGFETileElement: [class SVGFETileElement extends SVGElement],
      SVGFETurbulenceElement: [Function],
      SVGFilterElement: [class SVGFilterElement extends SVGElement],
      SVGForeignObjectElement: [class SVGForeignObjectElement extends SVGGraphicsElement],
      SVGGElement: [class SVGGElement extends SVGGraphicsElement],
      SVGImageElement: [class SVGImageElement extends SVGGraphicsElement],
      SVGLineElement: [class SVGLineElement extends SVGGeometryElement],
      SVGLinearGradientElement: [class SVGLinearGradientElement extends SVGGradientElement],
      SVGMarkerElement: [Function],
      SVGMaskElement: [class SVGMaskElement extends SVGElement],
      SVGMetadataElement: [class SVGMetadataElement extends SVGElement],
      SVGMPathElement: [class SVGMPathElement extends SVGElement],
      SVGPathElement: [class SVGPathElement extends SVGGeometryElement],
      SVGPatternElement: [class SVGPatternElement extends SVGElement],
      SVGPolygonElement: [class SVGPolygonElement extends SVGGeometryElement],
      SVGPolylineElement: [class SVGPolylineElement extends SVGGeometryElement],
      SVGRadialGradientElement: [class SVGRadialGradientElement extends SVGGradientElement],
      SVGRectElement: [class SVGRectElement extends SVGGeometryElement],
      SVGScriptElement: [class SVGScriptElement extends SVGGraphicsElement],
      SVGSetElement: [class SVGSetElement extends SVGAnimationElement],
      SVGStopElement: [class SVGStopElement extends SVGElement],
      SVGStyleElement: [class SVGStyleElement extends SVGElement],
      SVGSwitchElement: [class SVGSwitchElement extends SVGGraphicsElement],
      SVGSymbolElement: [class SVGSymbolElement extends SVGGraphicsElement],
      SVGTextElement: [class SVGTextElement extends SVGTextPositioningElement],
      SVGTextPathElement: [Function],
      SVGTitleElement: [class SVGTitleElement extends SVGElement],
      SVGTSpanElement: [class SVGTSpanElement extends SVGTextPositioningElement],
      SVGUseElement: [class SVGUseElement extends SVGGraphicsElement],
      SVGViewElement: [class SVGViewElement extends SVGElement],
      SVGElement: [class SVGElement extends Element],
      SVGAnimationElement: [class SVGAnimationElement extends SVGElement],
      SVGComponentTransferFunctionElement: [Function],
      SVGGeometryElement: [class SVGGeometryElement extends SVGGraphicsElement],
      SVGGradientElement: [Function],
      SVGTextPositioningElement: [class SVGTextPositioningElement extends SVGTextContentElement],
      SVGGraphicsElement: [class SVGGraphicsElement extends SVGElement],
      Event: [Function],
      UIEvent: [Function],
      CustomEvent: [class CustomEvent extends Event],
      CloseEvent: [class CloseEvent extends Event],
      AnimationEvent: [class AnimationEvent extends Event],
      KeyboardEvent: [Function],
      MessageEvent: [class MessageEvent extends Event],
      MouseEvent: [class MouseEvent extends UIEvent],
      PointerEvent: [class PointerEvent extends MouseEvent],
      FocusEvent: [class FocusEvent extends UIEvent],
      WheelEvent: [Function],
      InputEvent: [class InputEvent extends UIEvent],
      ErrorEvent: [class ErrorEvent extends UIEvent],
      StorageEvent: [class StorageEvent extends Event],
      SubmitEvent: [class SubmitEvent extends Event],
      ProgressEvent: [class ProgressEvent extends Event],
      MediaQueryListEvent: [class MediaQueryListEvent extends Event],
      HashChangeEvent: [class HashChangeEvent extends Event],
      ClipboardEvent: [class ClipboardEvent extends Event],
      CookieChangeEvent: [class CookieChangeEvent extends Event],
      TouchEvent: [class TouchEvent extends UIEvent],
      PopStateEvent: [class PopStateEvent extends Event],
      Touch: [class Touch],
      AudioProcessingEvent: [Function],
      BeforeInputEvent: [Function],
      BeforeUnloadEvent: [Function],
      BlobEvent: [Function],
      CompositionEvent: [Function],
      CSSFontFaceLoadEvent: [Function],
      DeviceLightEvent: [Function],
      DeviceMotionEvent: [Function],
      DeviceOrientationEvent: [Function],
      DeviceProximityEvent: [Function],
      DOMTransactionEvent: [Function],
      DragEvent: [Function],
      EditingBeforeInputEvent: [Function],
      FetchEvent: [Function],
      GamepadEvent: [Function],
      IDBVersionChangeEvent: [Function],
      MediaStreamEvent: [Function],
      MutationEvent: [Function],
      OfflineAudioCompletionEvent: [Function],
      OverconstrainedError: [Function],
      PageTransitionEvent: [Function],
      PaymentRequestUpdateEvent: [Function],
      RelatedEvent: [Function],
      RTCDataChannelEvent: [Function],
      RTCIdentityErrorEvent: [Function],
      RTCIdentityEvent: [Function],
      RTCPeerConnectionIceEvent: [Function],
      SensorEvent: [Function],
      SVGEvent: [Function],
      SVGZoomEvent: [Function],
      TimeEvent: [Function],
      TrackEvent: [Function],
      TransitionEvent: [Function],
      UserProximityEvent: [Function],
      WebGLContextEvent: [Function],
      TextEvent: [Function],
      Permissions: [class Permissions],
      History: [class History],
      Navigator: [class Navigator],
      Clipboard: [class Clipboard],
      TimeRanges: [class TimeRanges],
      TextTrackCueList: [class TextTrackCueList extends Array],
      ValidityState: [class ValidityState],
      MutationRecord: [class MutationRecord],
      IntersectionObserver: [class IntersectionObserver],
      IntersectionObserverEntry: [class IntersectionObserverEntry],
      CSSStyleDeclaration: [class CSSStyleDeclaration],
      CSSRule: [Function],
      CSSContainerRule: [class CSSContainerRule extends CSSConditionRule],
      CSSFontFaceRule: [class CSSFontFaceRule extends CSSRule],
      CSSKeyframeRule: [class CSSKeyframeRule extends CSSRule],
      CSSKeyframesRule: [class CSSKeyframesRule extends CSSRule],
      CSSMediaRule: [class CSSMediaRule extends CSSConditionRule],
      CSSStyleRule: [class CSSStyleRule extends CSSGroupingRule],
      CSSSupportsRule: [class CSSSupportsRule extends CSSConditionRule],
      CSSConditionRule: [class CSSConditionRule extends CSSGroupingRule],
      CSSGroupingRule: [class CSSGroupingRule extends CSSRule],
      CSSScopeRule: [class CSSScopeRule extends CSSGroupingRule],
      DOMRect: [class DOMRect extends DOMRectReadOnly],
      DOMRectReadOnly: [class DOMRectReadOnly],
      Plugin: [class Plugin],
      PluginArray: [class PluginArray],
      Location: [class Location],
      CustomElementRegistry: [class CustomElementRegistry],
      ResizeObserver: [class ResizeObserver],
      Blob: [class Blob],
      File: [class File extends Blob],
      Storage: [class Storage],
      CookieStore: [class CookieStore extends EventTarget],
      MimeType: [class MimeType],
      MimeTypeArray: [class MimeTypeArray],
      NodeFilter: [Object],
      ImageBitmap: [class ImageBitmap],
      HTMLCollection: [class HTMLCollection],
      HTMLFormControlCollection: [class HTMLFormControlsCollection extends HTMLCollection],
      HTMLOptionsCollection: [class HTMLOptionsCollection extends HTMLCollection],
      NodeList: [class NodeList],
      RadioNodeList: [class RadioNodeList extends NodeList],
      FileList: [class FileList extends Array],
      Screen: [class Screen extends EventTarget],
      ScreenDetails: [class ScreenDetails extends EventTarget],
      ScreenDetailed: [class ScreenDetailed extends Screen],
      NamedNodeMap: [class NamedNodeMap],
      TreeWalker: [class TreeWalker],
      NodeIterator: [class NodeIterator],
      DataTransfer: [class DataTransfer],
      DataTransferItem: [class DataTransferItem],
      DataTransferItemList: [class DataTransferItemList extends Array],
      XMLSerializer: [class XMLSerializer],
      ClipboardItem: [class ClipboardItem],
      Selection: [class Selection],
      CSSUnitValue: [class CSSUnitValue],
      SVGAngle: [Function],
      SVGAnimatedAngle: [class SVGAnimatedAngle],
      SVGAnimatedBoolean: [class SVGAnimatedBoolean],
      SVGAnimatedEnumeration: [class SVGAnimatedEnumeration],
      SVGAnimatedInteger: [class SVGAnimatedInteger],
      SVGAnimatedLength: [class SVGAnimatedLength],
      SVGAnimatedNumber: [class SVGAnimatedNumber],
      SVGAnimatedNumberList: [class SVGAnimatedNumberList],
      SVGAnimatedPreserveAspectRatio: [class SVGAnimatedPreserveAspectRatio],
      SVGAnimatedRect: [class SVGAnimatedRect],
      SVGAnimatedString: [class SVGAnimatedString],
      SVGAnimatedTransformList: [class SVGAnimatedTransformList],
      SVGLength: [Function],
      SVGLengthList: [class SVGLengthList],
      SVGMatrix: [class SVGMatrix],
      SVGNumber: [class SVGNumber],
      SVGNumberList: [class SVGNumberList],
      SVGPoint: [class SVGPoint],
      SVGPointList: [class SVGPointList],
      SVGPreserveAspectRatio: [Function],
      SVGRect: [class SVGRect],
      SVGStringList: [class SVGStringList],
      SVGTransform: [Function],
      SVGTransformList: [class SVGTransformList],
      SVGAnimatedLengthList: [class SVGAnimatedLengthList],
      SVGUnitTypes: [Function],
      StylePropertyMap: [class StylePropertyMap extends StylePropertyMapReadOnly],
      StylePropertyMapReadOnly: [class StylePropertyMapReadOnly],
      MediaList: [class MediaList],
      CSSKeywordValue: [class CSSKeywordValue],
      CSSStyleValue: [class CSSStyleValue],
      Window: [class GlobalWindow extends Window],
      URLSearchParams: [class URLSearchParams],
      WritableStream: [Function],
      ReadableStream: [class ReadableStream],
      TransformStream: [Function: Transform],
      PerformanceObserver: [class PerformanceObserver],
      PerformanceEntry: [class PerformanceEntry],
      PerformanceObserverEntryList: [class PerformanceObserverEntryList],
      document: [HTMLDocument],
      customElements: [CustomElementRegistry],
      window: [Circular *5],
      globalThis: [Circular *5],
      performance: [Performance [EventTarget]],
      screenLeft: 0,
      screenTop: 0,
      screenX: 0,
      screenY: 0,
      crypto: Crypto {},
      TextEncoder: [class TextEncoder],
      TextDecoder: [class TextDecoder],
      closed: false,
      console: [Console [console]],
      name: '',
      Buffer: [Function],
      Document: [class Document extends Document],
      HTMLDocument: [class HTMLDocument extends HTMLDocument],
      XMLDocument: [class XMLDocument extends XMLDocument],
      DocumentFragment: [class DocumentFragment extends DocumentFragment],
      Text: [class Text extends Text],
      Comment: [class Comment extends Comment],
      Image: [class Image extends Image],
      Audio: [class Audio extends Audio],
      MutationObserver: [class MutationObserver extends MutationObserver],
      MessagePort: [class MessagePort extends MessagePort],
      CSSStyleSheet: [class CSSStyleSheet extends CSSStyleSheet],
      DOMException: [class DOMException extends DOMException],
      Headers: [class Headers extends Headers],
      Request: [class Request extends Request],
      Response: [Function],
      EventTarget: [class EventTarget extends EventTarget],
      XMLHttpRequestUpload: [class XMLHttpRequestUpload extends XMLHttpRequestUpload],
      XMLHttpRequestEventTarget: [class XMLHttpRequestEventTarget extends XMLHttpRequestEventTarget],
      AbortController: [class AbortController extends AbortController],
      AbortSignal: [Function],
      FormData: [class FormData extends FormData],
      PermissionStatus: [class PermissionStatus extends PermissionStatus],
      XMLHttpRequest: [class XMLHttpRequest extends XMLHttpRequest],
      DOMParser: [class DOMParser extends DOMParser],
      Range: [class Range extends Range],
      VTTCue: [class VTTCue extends VTTCue],
      TextTrack: [class TextTrack extends TextTrack],
      TextTrackList: [class TextTrackList extends TextTrackList],
      TextTrackCue: [class TextTrackCue extends TextTrackCue],
      RemotePlayback: [class RemotePlayback extends RemotePlayback],
      FileReader: [class FileReader extends FileReader],
      MediaStream: [class MediaStream extends MediaStream],
      MediaStreamTrack: [class MediaStreamTrack extends MediaStreamTrack],
      CanvasCaptureMediaStreamTrack: [class CanvasCaptureMediaStreamTrack extends CanvasCaptureMediaStreamTrack],
      URL: [class URL extends URL],
      WebSocket: [class WebSocket extends WebSocket],
      ImageData: [class ImageData extends ImageData],
      OffscreenCanvas: [class OffscreenCanvas extends OffscreenCanvas],
      DOMMatrixReadOnly: [class DOMMatrixReadOnly extends DOMMatrixReadOnly],
      DOMMatrix: [class DOMMatrix extends DOMMatrix],
      DOMPointReadOnly: [class DOMPointReadOnly extends DOMPointReadOnly],
      DOMPoint: [class DOMPoint extends DOMPoint],
      Animation: [class Animation extends Animation],
      KeyframeEffect: [class KeyframeEffect extends KeyframeEffect],
      happyDOM: DetachedWindowAPI {},
      Array: [Function: Array],
      ArrayBuffer: [Function: ArrayBuffer],
      Boolean: [Function: Boolean],
      DataView: [Function: DataView],
      Date: [Function: Date],
      Error: [Function],
      EvalError: [Function: EvalError],
      Float32Array: [Function: Float32Array],
      Float64Array: [Function: Float64Array],
      Function: [Function: Function],
      Infinity: Infinity,
      Int16Array: [Function: Int16Array],
      Int32Array: [Function: Int32Array],
      Int8Array: [Function: Int8Array],
      Intl: Object [Intl] {},
      JSON: Object [JSON] {},
      Map: [Function: Map],
      Math: Object [Math] {},
      NaN: NaN,
      Number: [Function: Number],
      Object: [Function: Object],
      Promise: [Function: Promise],
      RangeError: [Function: RangeError],
      ReferenceError: [Function: ReferenceError],
      RegExp: [Function: RegExp],
      Set: [Function: Set],
      String: [Function: String],
      Symbol: [Function],
      SyntaxError: [Function: SyntaxError],
      TypeError: [Function: TypeError],
      URIError: [Function: URIError],
      Uint16Array: [Function: Uint16Array],
      Uint32Array: [Function: Uint32Array],
      Uint8Array: [Function: Uint8Array],
      Uint8ClampedArray: [Function: Uint8ClampedArray],
      WeakMap: [Function: WeakMap],
      WeakSet: [Function: WeakSet],
      decodeURI: [Function: decodeURI],
      decodeURIComponent: [Function: decodeURIComponent],
      encodeURI: [Function: encodeURI],
      encodeURIComponent: [Function: encodeURIComponent],
      eval: [Function: eval],
      escape: [Function: escape],
      global: [Object [global]],
      isFinite: [Function: isFinite],
      isNaN: [Function: isNaN],
      parseFloat: [Function: parseFloat],
      parseInt: [Function: parseInt],
      undefined: undefined,
      unescape: [Function: unescape],
      [Symbol(listeners)]: [Object],
      [Symbol(listenerOptions)]: [Object],
      [Symbol(mutationObservers)]: [],
      [Symbol(readyStateManager)]: DocumentReadyStateManager {},
      [Symbol(location)]: [Location],
      [Symbol(history)]: History {},
      [Symbol(navigator)]: Navigator {},
      [Symbol(screen)]: [Screen [EventTarget]],
      [Symbol(sessionStorage)]: [Storage],
      [Symbol(localStorage)]: [Storage],
      [Symbol(cookieStore)]: [CookieStore [EventTarget]],
      [Symbol(self)]: [Circular *5],
      [Symbol(top)]: [Circular *5],
      [Symbol(parent)]: [Circular *5],
      [Symbol(window)]: [Circular *5],
      [Symbol(frames)]: [Circular *5],
      [Symbol(internalId)]: 0,
      [Symbol(customElementReactionStack)]: [CustomElementReactionStack],
      [Symbol(modules)]: [Object],
      [Symbol(moduleImportMap)]: null,
      [Symbol(openWebSockets)]: [],
      [Symbol(propertyEventListeners)]: Map(0) {},
      [Symbol(querySelectorCache)]: [Map]
    },
    [Symbol(classList)]: null,
    [Symbol(isValue)]: null,
    [Symbol(nodeType)]: 1,
    [Symbol(prefix)]: null,
    [Symbol(shadowRoot)]: null,
    [Symbol(scrollHeight)]: 0,
    [Symbol(scrollWidth)]: 0,
    [Symbol(scrollTop)]: 0,
    [Symbol(scrollLeft)]: 0,
    [Symbol(attributes)]: NamedNodeMap {
      [Symbol(itemsByNamespaceURI)]: Map(0) {},
      [Symbol(itemsByName)]: Map(0) {},
      [Symbol(items)]: Map(0) {},
      [Symbol(ownerElement)]: [Circular *3]
    },
    [Symbol(attributesProxy)]: null,
    [Symbol(children)]: null,
    [Symbol(computedStyle)]: null,
    [Symbol(pointerCaptures)]: Set(0) {},
    [Symbol(propertyEventListeners)]: Map(0) {},
    [Symbol(animations)]: [],
    [Symbol(tagName)]: 'DIV',
    [Symbol(localName)]: 'div',
    [Symbol(namespaceURI)]: 'http://www.w3.org/1999/xhtml',
    [Symbol(accessKey)]: '',
    [Symbol(offsetHeight)]: 0,
    [Symbol(offsetWidth)]: 0,
    [Symbol(offsetLeft)]: 0,
    [Symbol(offsetTop)]: 0,
    [Symbol(clientHeight)]: 0,
    [Symbol(clientWidth)]: 0,
    [Symbol(clientLeft)]: 0,
    [Symbol(clientTop)]: 0,
    [Symbol(style)]: null,
    [Symbol(dataset)]: null,
    [Symbol(customElementDefineCallback)]: null
  },
  [Symbol(rootNode)]: <ref *4> HTMLDocument {
    defaultView: [Getter],
    _reactListening7defm8ungkm: true,
    [Symbol(listeners)]: { bubbling: [Map], capturing: Map(0) {} },
    [Symbol(listenerOptions)]: { bubbling: [Map], capturing: Map(0) {} },
    [Symbol(isConnected)]: true,
    [Symbol(parentNode)]: null,
    [Symbol(rootNode)]: [Circular *4],
    [Symbol(styleNode)]: null,
    [Symbol(textAreaNode)]: null,
    [Symbol(formNode)]: null,
    [Symbol(selectNode)]: null,
    [Symbol(mutationListeners)]: [],
    [Symbol(nodeArray)]: [ [HTMLHtmlElement] ],
    [Symbol(elementArray)]: [ [HTMLHtmlElement] ],
    [Symbol(childNodes)]: null,
    [Symbol(assignedToSlot)]: null,
    [Symbol(cache)]: {
      querySelector: Map(0) {},
      querySelectorAll: Map(0) {},
      matches: Map(0) {},
      elementsByTagName: Map(0) {},
      elementsByTagNameNS: Map(0) {},
      elementByTagName: Map(0) {},
      elementById: Map(0) {},
      computedStyle: null
    },
    [Symbol(affectsCache)]: [ [Object], [Object], [Object], [Object], [Object], [Object] ],
    [Symbol(ownerDocument)]: null,
    [Symbol(children)]: null,
    [Symbol(activeElement)]: null,
    [Symbol(nextActiveElement)]: null,
    [Symbol(currentScript)]: null,
    [Symbol(isFirstWrite)]: true,
    [Symbol(isFirstWriteAfterOpen)]: false,
    [Symbol(nodeType)]: 9,
    [Symbol(adoptedStyleSheets)]: [],
    [Symbol(implementation)]: DOMImplementation {},
    [Symbol(readyState)]: 'complete',
    [Symbol(referrer)]: '',
    [Symbol(defaultView)]: <ref *5> GlobalWindow [EventTarget] {
      Node: [Function],
      Attr: [class Attr extends Node],
      ShadowRoot: [class ShadowRoot extends DocumentFragment],
      ProcessingInstruction: [class ProcessingInstruction extends CharacterData],
      Element: [Function],
      CharacterData: [class CharacterData extends Node],
      DocumentType: [class DocumentType extends Node],
      AnimationTimeline: [class AnimationTimeline],
      DocumentTimeline: [class DocumentTimeline extends AnimationTimeline],
      HTMLAnchorElement: [class HTMLAnchorElement extends HTMLElement],
      HTMLButtonElement: [class HTMLButtonElement extends HTMLElement],
      HTMLOptGroupElement: [class HTMLOptGroupElement extends HTMLElement],
      HTMLOptionElement: [class HTMLOptionElement extends HTMLElement],
      HTMLElement: [Function],
      HTMLUnknownElement: [class HTMLUnknownElement extends HTMLElement],
      HTMLTemplateElement: [class HTMLTemplateElement extends HTMLElement],
      HTMLInputElement: [class HTMLInputElement extends HTMLElement],
      HTMLSelectElement: [class HTMLSelectElement extends HTMLElement],
      HTMLTextAreaElement: [class HTMLTextAreaElement extends HTMLElement],
      HTMLImageElement: [class HTMLImageElement extends HTMLElement],
      HTMLStyleElement: [class HTMLStyleElement extends HTMLElement],
      HTMLLabelElement: [class HTMLLabelElement extends HTMLElement],
      HTMLSlotElement: [class HTMLSlotElement extends HTMLElement],
      HTMLMetaElement: [class HTMLMetaElement extends HTMLElement],
      HTMLMediaElement: [class HTMLMediaElement extends HTMLElement],
      HTMLAudioElement: [class HTMLAudioElement extends HTMLMediaElement],
      HTMLVideoElement: [class HTMLVideoElement extends HTMLMediaElement],
      HTMLBaseElement: [class HTMLBaseElement extends HTMLElement],
      HTMLDialogElement: [class HTMLDialogElement extends HTMLElement],
      HTMLScriptElement: [class HTMLScriptElement extends HTMLElement],
      HTMLLinkElement: [class HTMLLinkElement extends HTMLElement],
      HTMLIFrameElement: [class HTMLIFrameElement extends HTMLElement],
      HTMLFormElement: [class HTMLFormElement extends HTMLElement],
      HTMLUListElement: [class HTMLUListElement extends HTMLElement],
      HTMLTrackElement: [class HTMLTrackElement extends HTMLElement],
      HTMLTableRowElement: [class HTMLTableRowElement extends HTMLElement],
      HTMLTitleElement: [class HTMLTitleElement extends HTMLElement],
      HTMLTimeElement: [class HTMLTimeElement extends HTMLElement],
      HTMLTableSectionElement: [class HTMLTableSectionElement extends HTMLElement],
      HTMLTableCellElement: [class HTMLTableCellElement extends HTMLElement],
      HTMLTableElement: [class HTMLTableElement extends HTMLElement],
      HTMLSpanElement: [class HTMLSpanElement extends HTMLElement],
      HTMLSourceElement: [class HTMLSourceElement extends HTMLElement],
      HTMLQuoteElement: [class HTMLQuoteElement extends HTMLElement],
      HTMLProgressElement: [class HTMLProgressElement extends HTMLElement],
      HTMLPreElement: [class HTMLPreElement extends HTMLElement],
      HTMLPictureElement: [class HTMLPictureElement extends HTMLElement],
      HTMLParamElement: [class HTMLParamElement extends HTMLElement],
      HTMLParagraphElement: [class HTMLParagraphElement extends HTMLElement],
      HTMLOutputElement: [class HTMLOutputElement extends HTMLElement],
      HTMLOListElement: [class HTMLOListElement extends HTMLElement],
      HTMLObjectElement: [class HTMLObjectElement extends HTMLElement],
      HTMLMeterElement: [class HTMLMeterElement extends HTMLElement],
      HTMLMenuElement: [class HTMLMenuElement extends HTMLElement],
      HTMLMapElement: [class HTMLMapElement extends HTMLElement],
      HTMLLIElement: [class HTMLLIElement extends HTMLElement],
      HTMLLegendElement: [class HTMLLegendElement extends HTMLElement],
      HTMLModElement: [class HTMLModElement extends HTMLElement],
      HTMLHtmlElement: [class HTMLHtmlElement extends HTMLElement],
      HTMLHRElement: [class HTMLHRElement extends HTMLElement],
      HTMLHeadElement: [class HTMLHeadElement extends HTMLElement],
      HTMLHeadingElement: [class HTMLHeadingElement extends HTMLElement],
      HTMLFieldSetElement: [class HTMLFieldSetElement extends HTMLElement],
      HTMLEmbedElement: [class HTMLEmbedElement extends HTMLElement],
      HTMLDListElement: [class HTMLDListElement extends HTMLElement],
      HTMLDivElement: [class HTMLDivElement extends HTMLElement],
      HTMLDetailsElement: [class HTMLDetailsElement extends HTMLElement],
      HTMLDataListElement: [class HTMLDataListElement extends HTMLElement],
      HTMLDataElement: [class HTMLDataElement extends HTMLElement],
      HTMLTableColElement: [class HTMLTableColElement extends HTMLElement],
      HTMLTableCaptionElement: [class HTMLTableCaptionElement extends HTMLElement],
      HTMLCanvasElement: [class HTMLCanvasElement extends HTMLElement],
      HTMLBRElement: [class HTMLBRElement extends HTMLElement],
      HTMLBodyElement: [class HTMLBodyElement extends HTMLElement],
      HTMLAreaElement: [class HTMLAreaElement extends HTMLElement],
      SVGSVGElement: [class SVGSVGElement extends SVGGraphicsElement],
      SVGAnimateElement: [class SVGAnimateElement extends SVGAnimationElement],
      SVGAnimateMotionElement: [class SVGAnimateMotionElement extends SVGAnimationElement],
      SVGAnimateTransformElement: [class SVGAnimateTransformElement extends SVGAnimationElement],
      SVGCircleElement: [class SVGCircleElement extends SVGGeometryElement],
      SVGClipPathElement: [class SVGClipPathElement extends SVGElement],
      SVGDefsElement: [class SVGDefsElement extends SVGGraphicsElement],
      SVGDescElement: [class SVGDescElement extends SVGElement],
      SVGEllipseElement: [class SVGEllipseElement extends SVGGeometryElement],
      SVGFEBlendElement: [Function],
      SVGFEColorMatrixElement: [Function],
      SVGFEComponentTransferElement: [class SVGFEComponentTransferElement extends SVGElement],
      SVGFECompositeElement: [Function],
      SVGFEConvolveMatrixElement: [Function],
      SVGFEDiffuseLightingElement: [class SVGFEDiffuseLightingElement extends SVGElement],
      SVGFEDisplacementMapElement: [Function],
      SVGFEDistantLightElement: [class SVGFEDistantLightElement extends SVGElement],
      SVGFEDropShadowElement: [class SVGFEDropShadowElement extends SVGElement],
      SVGFEFloodElement: [class SVGFEFloodElement extends SVGElement],
      SVGFEFuncAElement: [class SVGFEFuncAElement extends SVGComponentTransferFunctionElement],
      SVGFEFuncBElement: [class SVGFEFuncBElement extends SVGComponentTransferFunctionElement],
      SVGFEFuncGElement: [class SVGFEFuncGElement extends SVGComponentTransferFunctionElement],
      SVGFEFuncRElement: [class SVGFEFuncRElement extends SVGComponentTransferFunctionElement],
      SVGFEGaussianBlurElement: [Function],
      SVGFEImageElement: [class SVGFEImageElement extends SVGElement],
      SVGFEMergeElement: [class SVGFEMergeElement extends SVGElement],
      SVGFEMergeNodeElement: [class SVGFEMergeNodeElement extends SVGElement],
      SVGFEMorphologyElement: [Function],
      SVGFEOffsetElement: [class SVGFEOffsetElement extends SVGElement],
      SVGFEPointLightElement: [class SVGFEPointLightElement extends SVGElement],
      SVGFESpecularLightingElement: [class SVGFESpecularLightingElement extends SVGElement],
      SVGFESpotLightElement: [class SVGFESpotLightElement extends SVGElement],
      SVGFETileElement: [class SVGFETileElement extends SVGElement],
      SVGFETurbulenceElement: [Function],
      SVGFilterElement: [class SVGFilterElement extends SVGElement],
      SVGForeignObjectElement: [class SVGForeignObjectElement extends SVGGraphicsElement],
      SVGGElement: [class SVGGElement extends SVGGraphicsElement],
      SVGImageElement: [class SVGImageElement extends SVGGraphicsElement],
      SVGLineElement: [class SVGLineElement extends SVGGeometryElement],
      SVGLinearGradientElement: [class SVGLinearGradientElement extends SVGGradientElement],
      SVGMarkerElement: [Function],
      SVGMaskElement: [class SVGMaskElement extends SVGElement],
      SVGMetadataElement: [class SVGMetadataElement extends SVGElement],
      SVGMPathElement: [class SVGMPathElement extends SVGElement],
      SVGPathElement: [class SVGPathElement extends SVGGeometryElement],
      SVGPatternElement: [class SVGPatternElement extends SVGElement],
      SVGPolygonElement: [class SVGPolygonElement extends SVGGeometryElement],
      SVGPolylineElement: [class SVGPolylineElement extends SVGGeometryElement],
      SVGRadialGradientElement: [class SVGRadialGradientElement extends SVGGradientElement],
      SVGRectElement: [class SVGRectElement extends SVGGeometryElement],
      SVGScriptElement: [class SVGScriptElement extends SVGGraphicsElement],
      SVGSetElement: [class SVGSetElement extends SVGAnimationElement],
      SVGStopElement: [class SVGStopElement extends SVGElement],
      SVGStyleElement: [class SVGStyleElement extends SVGElement],
      SVGSwitchElement: [class SVGSwitchElement extends SVGGraphicsElement],
      SVGSymbolElement: [class SVGSymbolElement extends SVGGraphicsElement],
      SVGTextElement: [class SVGTextElement extends SVGTextPositioningElement],
      SVGTextPathElement: [Function],
      SVGTitleElement: [class SVGTitleElement extends SVGElement],
      SVGTSpanElement: [class SVGTSpanElement extends SVGTextPositioningElement],
      SVGUseElement: [class SVGUseElement extends SVGGraphicsElement],
      SVGViewElement: [class SVGViewElement extends SVGElement],
      SVGElement: [class SVGElement extends Element],
      SVGAnimationElement: [class SVGAnimationElement extends SVGElement],
      SVGComponentTransferFunctionElement: [Function],
      SVGGeometryElement: [class SVGGeometryElement extends SVGGraphicsElement],
      SVGGradientElement: [Function],
      SVGTextPositioningElement: [class SVGTextPositioningElement extends SVGTextContentElement],
      SVGGraphicsElement: [class SVGGraphicsElement extends SVGElement],
      Event: [Function],
      UIEvent: [Function],
      CustomEvent: [class CustomEvent extends Event],
      CloseEvent: [class CloseEvent extends Event],
      AnimationEvent: [class AnimationEvent extends Event],
      KeyboardEvent: [Function],
      MessageEvent: [class MessageEvent extends Event],
      MouseEvent: [class MouseEvent extends UIEvent],
      PointerEvent: [class PointerEvent extends MouseEvent],
      FocusEvent: [class FocusEvent extends UIEvent],
      WheelEvent: [Function],
      InputEvent: [class InputEvent extends UIEvent],
      ErrorEvent: [class ErrorEvent extends UIEvent],
      StorageEvent: [class StorageEvent extends Event],
      SubmitEvent: [class SubmitEvent extends Event],
      ProgressEvent: [class ProgressEvent extends Event],
      MediaQueryListEvent: [class MediaQueryListEvent extends Event],
      HashChangeEvent: [class HashChangeEvent extends Event],
      ClipboardEvent: [class ClipboardEvent extends Event],
      CookieChangeEvent: [class CookieChangeEvent extends Event],
      TouchEvent: [class TouchEvent extends UIEvent],
      PopStateEvent: [class PopStateEvent extends Event],
      Touch: [class Touch],
      AudioProcessingEvent: [Function],
      BeforeInputEvent: [Function],
      BeforeUnloadEvent: [Function],
      BlobEvent: [Function],
      CompositionEvent: [Function],
      CSSFontFaceLoadEvent: [Function],
      DeviceLightEvent: [Function],
      DeviceMotionEvent: [Function],
      DeviceOrientationEvent: [Function],
      DeviceProximityEvent: [Function],
      DOMTransactionEvent: [Function],
      DragEvent: [Function],
      EditingBeforeInputEvent: [Function],
      FetchEvent: [Function],
      GamepadEvent: [Function],
      IDBVersionChangeEvent: [Function],
      MediaStreamEvent: [Function],
      MutationEvent: [Function],
      OfflineAudioCompletionEvent: [Function],
      OverconstrainedError: [Function],
      PageTransitionEvent: [Function],
      PaymentRequestUpdateEvent: [Function],
      RelatedEvent: [Function],
      RTCDataChannelEvent: [Function],
      RTCIdentityErrorEvent: [Function],
      RTCIdentityEvent: [Function],
      RTCPeerConnectionIceEvent: [Function],
      SensorEvent: [Function],
      SVGEvent: [Function],
      SVGZoomEvent: [Function],
      TimeEvent: [Function],
      TrackEvent: [Function],
      TransitionEvent: [Function],
      UserProximityEvent: [Function],
      WebGLContextEvent: [Function],
      TextEvent: [Function],
      Permissions: [class Permissions],
      History: [class History],
      Navigator: [class Navigator],
      Clipboard: [class Clipboard],
      TimeRanges: [class TimeRanges],
      TextTrackCueList: [class TextTrackCueList extends Array],
      ValidityState: [class ValidityState],
      MutationRecord: [class MutationRecord],
      IntersectionObserver: [class IntersectionObserver],
      IntersectionObserverEntry: [class IntersectionObserverEntry],
      CSSStyleDeclaration: [class CSSStyleDeclaration],
      CSSRule: [Function],
      CSSContainerRule: [class CSSContainerRule extends CSSConditionRule],
      CSSFontFaceRule: [class CSSFontFaceRule extends CSSRule],
      CSSKeyframeRule: [class CSSKeyframeRule extends CSSRule],
      CSSKeyframesRule: [class CSSKeyframesRule extends CSSRule],
      CSSMediaRule: [class CSSMediaRule extends CSSConditionRule],
      CSSStyleRule: [class CSSStyleRule extends CSSGroupingRule],
      CSSSupportsRule: [class CSSSupportsRule extends CSSConditionRule],
      CSSConditionRule: [class CSSConditionRule extends CSSGroupingRule],
      CSSGroupingRule: [class CSSGroupingRule extends CSSRule],
      CSSScopeRule: [class CSSScopeRule extends CSSGroupingRule],
      DOMRect: [class DOMRect extends DOMRectReadOnly],
      DOMRectReadOnly: [class DOMRectReadOnly],
      Plugin: [class Plugin],
      PluginArray: [class PluginArray],
      Location: [class Location],
      CustomElementRegistry: [class CustomElementRegistry],
      ResizeObserver: [class ResizeObserver],
      Blob: [class Blob],
      File: [class File extends Blob],
      Storage: [class Storage],
      CookieStore: [class CookieStore extends EventTarget],
      MimeType: [class MimeType],
      MimeTypeArray: [class MimeTypeArray],
      NodeFilter: [Object],
      ImageBitmap: [class ImageBitmap],
      HTMLCollection: [class HTMLCollection],
      HTMLFormControlCollection: [class HTMLFormControlsCollection extends HTMLCollection],
      HTMLOptionsCollection: [class HTMLOptionsCollection extends HTMLCollection],
      NodeList: [class NodeList],
      RadioNodeList: [class RadioNodeList extends NodeList],
      FileList: [class FileList extends Array],
      Screen: [class Screen extends EventTarget],
      ScreenDetails: [class ScreenDetails extends EventTarget],
      ScreenDetailed: [class ScreenDetailed extends Screen],
      NamedNodeMap: [class NamedNodeMap],
      TreeWalker: [class TreeWalker],
      NodeIterator: [class NodeIterator],
      DataTransfer: [class DataTransfer],
      DataTransferItem: [class DataTransferItem],
      DataTransferItemList: [class DataTransferItemList extends Array],
      XMLSerializer: [class XMLSerializer],
      ClipboardItem: [class ClipboardItem],
      Selection: [class Selection],
      CSSUnitValue: [class CSSUnitValue],
      SVGAngle: [Function],
      SVGAnimatedAngle: [class SVGAnimatedAngle],
      SVGAnimatedBoolean: [class SVGAnimatedBoolean],
      SVGAnimatedEnumeration: [class SVGAnimatedEnumeration],
      SVGAnimatedInteger: [class SVGAnimatedInteger],
      SVGAnimatedLength: [class SVGAnimatedLength],
      SVGAnimatedNumber: [class SVGAnimatedNumber],
      SVGAnimatedNumberList: [class SVGAnimatedNumberList],
      SVGAnimatedPreserveAspectRatio: [class SVGAnimatedPreserveAspectRatio],
      SVGAnimatedRect: [class SVGAnimatedRect],
      SVGAnimatedString: [class SVGAnimatedString],
      SVGAnimatedTransformList: [class SVGAnimatedTransformList],
      SVGLength: [Function],
      SVGLengthList: [class SVGLengthList],
      SVGMatrix: [class SVGMatrix],
      SVGNumber: [class SVGNumber],
      SVGNumberList: [class SVGNumberList],
      SVGPoint: [class SVGPoint],
      SVGPointList: [class SVGPointList],
      SVGPreserveAspectRatio: [Function],
      SVGRect: [class SVGRect],
      SVGStringList: [class SVGStringList],
      SVGTransform: [Function],
      SVGTransformList: [class SVGTransformList],
      SVGAnimatedLengthList: [class SVGAnimatedLengthList],
      SVGUnitTypes: [Function],
      StylePropertyMap: [class StylePropertyMap extends StylePropertyMapReadOnly],
      StylePropertyMapReadOnly: [class StylePropertyMapReadOnly],
      MediaList: [class MediaList],
      CSSKeywordValue: [class CSSKeywordValue],
      CSSStyleValue: [class CSSStyleValue],
      Window: [class GlobalWindow extends Window],
      URLSearchParams: [class URLSearchParams],
      WritableStream: [Function],
      ReadableStream: [class ReadableStream],
      TransformStream: [Function: Transform],
      PerformanceObserver: [class PerformanceObserver],
      PerformanceEntry: [class PerformanceEntry],
      PerformanceObserverEntryList: [class PerformanceObserverEntryList],
      document: [Circular *4],
      customElements: [CustomElementRegistry],
      window: [Circular *5],
      globalThis: [Circular *5],
      performance: [Performance [EventTarget]],
      screenLeft: 0,
      screenTop: 0,
      screenX: 0,
      screenY: 0,
      crypto: Crypto {},
      TextEncoder: [class TextEncoder],
      TextDecoder: [class TextDecoder],
      closed: false,
      console: [Console [console]],
      name: '',
      Buffer: [Function],
      Document: [class Document extends Document],
      HTMLDocument: [class HTMLDocument extends HTMLDocument],
      XMLDocument: [class XMLDocument extends XMLDocument],
      DocumentFragment: [class DocumentFragment extends DocumentFragment],
      Text: [class Text extends Text],
      Comment: [class Comment extends Comment],
      Image: [class Image extends Image],
      Audio: [class Audio extends Audio],
      MutationObserver: [class MutationObserver extends MutationObserver],
      MessagePort: [class MessagePort extends MessagePort],
      CSSStyleSheet: [class CSSStyleSheet extends CSSStyleSheet],
      DOMException: [class DOMException extends DOMException],
      Headers: [class Headers extends Headers],
      Request: [class Request extends Request],
      Response: [Function],
      EventTarget: [class EventTarget extends EventTarget],
      XMLHttpRequestUpload: [class XMLHttpRequestUpload extends XMLHttpRequestUpload],
      XMLHttpRequestEventTarget: [class XMLHttpRequestEventTarget extends XMLHttpRequestEventTarget],
      AbortController: [class AbortController extends AbortController],
      AbortSignal: [Function],
      FormData: [class FormData extends FormData],
      PermissionStatus: [class PermissionStatus extends PermissionStatus],
      XMLHttpRequest: [class XMLHttpRequest extends XMLHttpRequest],
      DOMParser: [class DOMParser extends DOMParser],
      Range: [class Range extends Range],
      VTTCue: [class VTTCue extends VTTCue],
      TextTrack: [class TextTrack extends TextTrack],
      TextTrackList: [class TextTrackList extends TextTrackList],
      TextTrackCue: [class TextTrackCue extends TextTrackCue],
      RemotePlayback: [class RemotePlayback extends RemotePlayback],
      FileReader: [class FileReader extends FileReader],
      MediaStream: [class MediaStream extends MediaStream],
      MediaStreamTrack: [class MediaStreamTrack extends MediaStreamTrack],
      CanvasCaptureMediaStreamTrack: [class CanvasCaptureMediaStreamTrack extends CanvasCaptureMediaStreamTrack],
      URL: [class URL extends URL],
      WebSocket: [class WebSocket extends WebSocket],
      ImageData: [class ImageData extends ImageData],
      OffscreenCanvas: [class OffscreenCanvas extends OffscreenCanvas],
      DOMMatrixReadOnly: [class DOMMatrixReadOnly extends DOMMatrixReadOnly],
      DOMMatrix: [class DOMMatrix extends DOMMatrix],
      DOMPointReadOnly: [class DOMPointReadOnly extends DOMPointReadOnly],
      DOMPoint: [class DOMPoint extends DOMPoint],
      Animation: [class Animation extends Animation],
      KeyframeEffect: [class KeyframeEffect extends KeyframeEffect],
      happyDOM: DetachedWindowAPI {},
      Array: [Function: Array],
      ArrayBuffer: [Function: ArrayBuffer],
      Boolean: [Function: Boolean],
      DataView: [Function: DataView],
      Date: [Function: Date],
      Error: [Function],
      EvalError: [Function: EvalError],
      Float32Array: [Function: Float32Array],
      Float64Array: [Function: Float64Array],
      Function: [Function: Function],
      Infinity: Infinity,
      Int16Array: [Function: Int16Array],
      Int32Array: [Function: Int32Array],
      Int8Array: [Function: Int8Array],
      Intl: Object [Intl] {},
      JSON: Object [JSON] {},
      Map: [Function: Map],
      Math: Object [Math] {},
      NaN: NaN,
      Number: [Function: Number],
      Object: [Function: Object],
      Promise: [Function: Promise],
      RangeError: [Function: RangeError],
      ReferenceError: [Function: ReferenceError],
      RegExp: [Function: RegExp],
      Set: [Function: Set],
      String: [Function: String],
      Symbol: [Function],
      SyntaxError: [Function: SyntaxError],
      TypeError: [Function: TypeError],
      URIError: [Function: URIError],
      Uint16Array: [Function: Uint16Array],
      Uint32Array: [Function: Uint32Array],
      Uint8Array: [Function: Uint8Array],
      Uint8ClampedArray: [Function: Uint8ClampedArray],
      WeakMap: [Function: WeakMap],
      WeakSet: [Function: WeakSet],
      decodeURI: [Function: decodeURI],
      decodeURIComponent: [Function: decodeURIComponent],
      encodeURI: [Function: encodeURI],
      encodeURIComponent: [Function: encodeURIComponent],
      eval: [Function: eval],
      escape: [Function: escape],
      global: [Object [global]],
      isFinite: [Function: isFinite],
      isNaN: [Function: isNaN],
      parseFloat: [Function: parseFloat],
      parseInt: [Function: parseInt],
      undefined: undefined,
      unescape: [Function: unescape],
      [Symbol(listeners)]: [Object],
      [Symbol(listenerOptions)]: [Object],
      [Symbol(mutationObservers)]: [],
      [Symbol(readyStateManager)]: DocumentReadyStateManager {},
      [Symbol(location)]: [Location],
      [Symbol(history)]: History {},
      [Symbol(navigator)]: Navigator {},
      [Symbol(screen)]: [Screen [EventTarget]],
      [Symbol(sessionStorage)]: [Storage],
      [Symbol(localStorage)]: [Storage],
      [Symbol(cookieStore)]: [CookieStore [EventTarget]],
      [Symbol(self)]: [Circular *5],
      [Symbol(top)]: [Circular *5],
      [Symbol(parent)]: [Circular *5],
      [Symbol(window)]: [Circular *5],
      [Symbol(frames)]: [Circular *5],
      [Symbol(internalId)]: 0,
      [Symbol(customElementReactionStack)]: [CustomElementReactionStack],
      [Symbol(modules)]: [Object],
      [Symbol(moduleImportMap)]: null,
      [Symbol(openWebSockets)]: [],
      [Symbol(propertyEventListeners)]: Map(0) {},
      [Symbol(querySelectorCache)]: [Map]
    },
    [Symbol(forms)]: null,
    [Symbol(links)]: null,
    [Symbol(affectsComputedStyleCache)]: [],
    [Symbol(elementIdMap)]: Map(0) {},
    [Symbol(contentType)]: 'text/html',
    [Symbol(xmlProcessingInstruction)]: null,
    [Symbol(preloads)]: Map(0) {},
    [Symbol(propertyEventListeners)]: Map(0) {},
    [Symbol(selection)]: null,
    [Symbol(timeline)]: DocumentTimeline {}
  },
  [Symbol(styleNode)]: null,
  [Symbol(textAreaNode)]: null,
  [Symbol(formNode)]: null,
  [Symbol(selectNode)]: null,
  [Symbol(mutationListeners)]: [],
  [Symbol(nodeArray)]: [],
  [Symbol(elementArray)]: [],
  [Symbol(childNodes)]: null,
  [Symbol(assignedToSlot)]: null,
  [Symbol(cache)]: {
    querySelector: Map(0) {},
    querySelectorAll: Map(0) {},
    matches: Map(0) {},
    elementsByTagName: Map(0) {},
    elementsByTagNameNS: Map(0) {},
    elementByTagName: Map(0) {},
    elementById: Map(0) {},
    computedStyle: null
  },
  [Symbol(affectsCache)]: [],
  [Symbol(ownerDocument)]: <ref *4> HTMLDocument {
    defaultView: [Getter],
    _reactListening7defm8ungkm: true,
    [Symbol(listeners)]: { bubbling: [Map], capturing: Map(0) {} },
    [Symbol(listenerOptions)]: { bubbling: [Map], capturing: Map(0) {} },
    [Symbol(isConnected)]: true,
    [Symbol(parentNode)]: null,
    [Symbol(rootNode)]: [Circular *4],
    [Symbol(styleNode)]: null,
    [Symbol(textAreaNode)]: null,
    [Symbol(formNode)]: null,
    [Symbol(selectNode)]: null,
    [Symbol(mutationListeners)]: [],
    [Symbol(nodeArray)]: [ [HTMLHtmlElement] ],
    [Symbol(elementArray)]: [ [HTMLHtmlElement] ],
    [Symbol(childNodes)]: null,
    [Symbol(assignedToSlot)]: null,
    [Symbol(cache)]: {
      querySelector: Map(0) {},
      querySelectorAll: Map(0) {},
      matches: Map(0) {},
      elementsByTagName: Map(0) {},
      elementsByTagNameNS: Map(0) {},
      elementByTagName: Map(0) {},
      elementById: Map(0) {},
      computedStyle: null
    },
    [Symbol(affectsCache)]: [ [Object], [Object], [Object], [Object], [Object], [Object] ],
    [Symbol(ownerDocument)]: null,
    [Symbol(children)]: null,
    [Symbol(activeElement)]: null,
    [Symbol(nextActiveElement)]: null,
    [Symbol(currentScript)]: null,
    [Symbol(isFirstWrite)]: true,
    [Symbol(isFirstWriteAfterOpen)]: false,
    [Symbol(nodeType)]: 9,
    [Symbol(adoptedStyleSheets)]: [],
    [Symbol(implementation)]: DOMImplementation {},
    [Symbol(readyState)]: 'complete',
    [Symbol(referrer)]: '',
    [Symbol(defaultView)]: <ref *5> GlobalWindow [EventTarget] {
      Node: [Function],
      Attr: [class Attr extends Node],
      ShadowRoot: [class ShadowRoot extends DocumentFragment],
      ProcessingInstruction: [class ProcessingInstruction extends CharacterData],
      Element: [Function],
      CharacterData: [class CharacterData extends Node],
      DocumentType: [class DocumentType extends Node],
      AnimationTimeline: [class AnimationTimeline],
      DocumentTimeline: [class DocumentTimeline extends AnimationTimeline],
      HTMLAnchorElement: [class HTMLAnchorElement extends HTMLElement],
      HTMLButtonElement: [class HTMLButtonElement extends HTMLElement],
      HTMLOptGroupElement: [class HTMLOptGroupElement extends HTMLElement],
      HTMLOptionElement: [class HTMLOptionElement extends HTMLElement],
      HTMLElement: [Function],
      HTMLUnknownElement: [class HTMLUnknownElement extends HTMLElement],
      HTMLTemplateElement: [class HTMLTemplateElement extends HTMLElement],
      HTMLInputElement: [class HTMLInputElement extends HTMLElement],
      HTMLSelectElement: [class HTMLSelectElement extends HTMLElement],
      HTMLTextAreaElement: [class HTMLTextAreaElement extends HTMLElement],
      HTMLImageElement: [class HTMLImageElement extends HTMLElement],
      HTMLStyleElement: [class HTMLStyleElement extends HTMLElement],
      HTMLLabelElement: [class HTMLLabelElement extends HTMLElement],
      HTMLSlotElement: [class HTMLSlotElement extends HTMLElement],
      HTMLMetaElement: [class HTMLMetaElement extends HTMLElement],
      HTMLMediaElement: [class HTMLMediaElement extends HTMLElement],
      HTMLAudioElement: [class HTMLAudioElement extends HTMLMediaElement],
      HTMLVideoElement: [class HTMLVideoElement extends HTMLMediaElement],
      HTMLBaseElement: [class HTMLBaseElement extends HTMLElement],
      HTMLDialogElement: [class HTMLDialogElement extends HTMLElement],
      HTMLScriptElement: [class HTMLScriptElement extends HTMLElement],
      HTMLLinkElement: [class HTMLLinkElement extends HTMLElement],
      HTMLIFrameElement: [class HTMLIFrameElement extends HTMLElement],
      HTMLFormElement: [class HTMLFormElement extends HTMLElement],
      HTMLUListElement: [class HTMLUListElement extends HTMLElement],
      HTMLTrackElement: [class HTMLTrackElement extends HTMLElement],
      HTMLTableRowElement: [class HTMLTableRowElement extends HTMLElement],
      HTMLTitleElement: [class HTMLTitleElement extends HTMLElement],
      HTMLTimeElement: [class HTMLTimeElement extends HTMLElement],
      HTMLTableSectionElement: [class HTMLTableSectionElement extends HTMLElement],
      HTMLTableCellElement: [class HTMLTableCellElement extends HTMLElement],
      HTMLTableElement: [class HTMLTableElement extends HTMLElement],
      HTMLSpanElement: [class HTMLSpanElement extends HTMLElement],
      HTMLSourceElement: [class HTMLSourceElement extends HTMLElement],
      HTMLQuoteElement: [class HTMLQuoteElement extends HTMLElement],
      HTMLProgressElement: [class HTMLProgressElement extends HTMLElement],
      HTMLPreElement: [class HTMLPreElement extends HTMLElement],
      HTMLPictureElement: [class HTMLPictureElement extends HTMLElement],
      HTMLParamElement: [class HTMLParamElement extends HTMLElement],
      HTMLParagraphElement: [class HTMLParagraphElement extends HTMLElement],
      HTMLOutputElement: [class HTMLOutputElement extends HTMLElement],
      HTMLOListElement: [class HTMLOListElement extends HTMLElement],
      HTMLObjectElement: [class HTMLObjectElement extends HTMLElement],
      HTMLMeterElement: [class HTMLMeterElement extends HTMLElement],
      HTMLMenuElement: [class HTMLMenuElement extends HTMLElement],
      HTMLMapElement: [class HTMLMapElement extends HTMLElement],
      HTMLLIElement: [class HTMLLIElement extends HTMLElement],
      HTMLLegendElement: [class HTMLLegendElement extends HTMLElement],
      HTMLModElement: [class HTMLModElement extends HTMLElement],
      HTMLHtmlElement: [class HTMLHtmlElement extends HTMLElement],
      HTMLHRElement: [class HTMLHRElement extends HTMLElement],
      HTMLHeadElement: [class HTMLHeadElement extends HTMLElement],
      HTMLHeadingElement: [class HTMLHeadingElement extends HTMLElement],
      HTMLFieldSetElement: [class HTMLFieldSetElement extends HTMLElement],
      HTMLEmbedElement: [class HTMLEmbedElement extends HTMLElement],
      HTMLDListElement: [class HTMLDListElement extends HTMLElement],
      HTMLDivElement: [class HTMLDivElement extends HTMLElement],
      HTMLDetailsElement: [class HTMLDetailsElement extends HTMLElement],
      HTMLDataListElement: [class HTMLDataListElement extends HTMLElement],
      HTMLDataElement: [class HTMLDataElement extends HTMLElement],
      HTMLTableColElement: [class HTMLTableColElement extends HTMLElement],
      HTMLTableCaptionElement: [class HTMLTableCaptionElement extends HTMLElement],
      HTMLCanvasElement: [class HTMLCanvasElement extends HTMLElement],
      HTMLBRElement: [class HTMLBRElement extends HTMLElement],
      HTMLBodyElement: [class HTMLBodyElement extends HTMLElement],
      HTMLAreaElement: [class HTMLAreaElement extends HTMLElement],
      SVGSVGElement: [class SVGSVGElement extends SVGGraphicsElement],
      SVGAnimateElement: [class SVGAnimateElement extends SVGAnimationElement],
      SVGAnimateMotionElement: [class SVGAnimateMotionElement extends SVGAnimationElement],
      SVGAnimateTransformElement: [class SVGAnimateTransformElement extends SVGAnimationElement],
      SVGCircleElement: [class SVGCircleElement extends SVGGeometryElement],
      SVGClipPathElement: [class SVGClipPathElement extends SVGElement],
      SVGDefsElement: [class SVGDefsElement extends SVGGraphicsElement],
      SVGDescElement: [class SVGDescElement extends SVGElement],
      SVGEllipseElement: [class SVGEllipseElement extends SVGGeometryElement],
      SVGFEBlendElement: [Function],
      SVGFEColorMatrixElement: [Function],
      SVGFEComponentTransferElement: [class SVGFEComponentTransferElement extends SVGElement],
      SVGFECompositeElement: [Function],
      SVGFEConvolveMatrixElement: [Function],
      SVGFEDiffuseLightingElement: [class SVGFEDiffuseLightingElement extends SVGElement],
      SVGFEDisplacementMapElement: [Function],
      SVGFEDistantLightElement: [class SVGFEDistantLightElement extends SVGElement],
      SVGFEDropShadowElement: [class SVGFEDropShadowElement extends SVGElement],
      SVGFEFloodElement: [class SVGFEFloodElement extends SVGElement],
      SVGFEFuncAElement: [class SVGFEFuncAElement extends SVGComponentTransferFunctionElement],
      SVGFEFuncBElement: [class SVGFEFuncBElement extends SVGComponentTransferFunctionElement],
      SVGFEFuncGElement: [class SVGFEFuncGElement extends SVGComponentTransferFunctionElement],
      SVGFEFuncRElement: [class SVGFEFuncRElement extends SVGComponentTransferFunctionElement],
      SVGFEGaussianBlurElement: [Function],
      SVGFEImageElement: [class SVGFEImageElement extends SVGElement],
      SVGFEMergeElement: [class SVGFEMergeElement extends SVGElement],
      SVGFEMergeNodeElement: [class SVGFEMergeNodeElement extends SVGElement],
      SVGFEMorphologyElement: [Function],
      SVGFEOffsetElement: [class SVGFEOffsetElement extends SVGElement],
      SVGFEPointLightElement: [class SVGFEPointLightElement extends SVGElement],
      SVGFESpecularLightingElement: [class SVGFESpecularLightingElement extends SVGElement],
      SVGFESpotLightElement: [class SVGFESpotLightElement extends SVGElement],
      SVGFETileElement: [class SVGFETileElement extends SVGElement],
      SVGFETurbulenceElement: [Function],
      SVGFilterElement: [class SVGFilterElement extends SVGElement],
      SVGForeignObjectElement: [class SVGForeignObjectElement extends SVGGraphicsElement],
      SVGGElement: [class SVGGElement extends SVGGraphicsElement],
      SVGImageElement: [class SVGImageElement extends SVGGraphicsElement],
      SVGLineElement: [class SVGLineElement extends SVGGeometryElement],
      SVGLinearGradientElement: [class SVGLinearGradientElement extends SVGGradientElement],
      SVGMarkerElement: [Function],
      SVGMaskElement: [class SVGMaskElement extends SVGElement],
      SVGMetadataElement: [class SVGMetadataElement extends SVGElement],
      SVGMPathElement: [class SVGMPathElement extends SVGElement],
      SVGPathElement: [class SVGPathElement extends SVGGeometryElement],
      SVGPatternElement: [class SVGPatternElement extends SVGElement],
      SVGPolygonElement: [class SVGPolygonElement extends SVGGeometryElement],
      SVGPolylineElement: [class SVGPolylineElement extends SVGGeometryElement],
      SVGRadialGradientElement: [class SVGRadialGradientElement extends SVGGradientElement],
      SVGRectElement: [class SVGRectElement extends SVGGeometryElement],
      SVGScriptElement: [class SVGScriptElement extends SVGGraphicsElement],
      SVGSetElement: [class SVGSetElement extends SVGAnimationElement],
      SVGStopElement: [class SVGStopElement extends SVGElement],
      SVGStyleElement: [class SVGStyleElement extends SVGElement],
      SVGSwitchElement: [class SVGSwitchElement extends SVGGraphicsElement],
      SVGSymbolElement: [class SVGSymbolElement extends SVGGraphicsElement],
      SVGTextElement: [class SVGTextElement extends SVGTextPositioningElement],
      SVGTextPathElement: [Function],
      SVGTitleElement: [class SVGTitleElement extends SVGElement],
      SVGTSpanElement: [class SVGTSpanElement extends SVGTextPositioningElement],
      SVGUseElement: [class SVGUseElement extends SVGGraphicsElement],
      SVGViewElement: [class SVGViewElement extends SVGElement],
      SVGElement: [class SVGElement extends Element],
      SVGAnimationElement: [class SVGAnimationElement extends SVGElement],
      SVGComponentTransferFunctionElement: [Function],
      SVGGeometryElement: [class SVGGeometryElement extends SVGGraphicsElement],
      SVGGradientElement: [Function],
      SVGTextPositioningElement: [class SVGTextPositioningElement extends SVGTextContentElement],
      SVGGraphicsElement: [class SVGGraphicsElement extends SVGElement],
      Event: [Function],
      UIEvent: [Function],
      CustomEvent: [class CustomEvent extends Event],
      CloseEvent: [class CloseEvent extends Event],
      AnimationEvent: [class AnimationEvent extends Event],
      KeyboardEvent: [Function],
      MessageEvent: [class MessageEvent extends Event],
      MouseEvent: [class MouseEvent extends UIEvent],
      PointerEvent: [class PointerEvent extends MouseEvent],
      FocusEvent: [class FocusEvent extends UIEvent],
      WheelEvent: [Function],
      InputEvent: [class InputEvent extends UIEvent],
      ErrorEvent: [class ErrorEvent extends UIEvent],
      StorageEvent: [class StorageEvent extends Event],
      SubmitEvent: [class SubmitEvent extends Event],
      ProgressEvent: [class ProgressEvent extends Event],
      MediaQueryListEvent: [class MediaQueryListEvent extends Event],
      HashChangeEvent: [class HashChangeEvent extends Event],
      ClipboardEvent: [class ClipboardEvent extends Event],
      CookieChangeEvent: [class CookieChangeEvent extends Event],
      TouchEvent: [class TouchEvent extends UIEvent],
      PopStateEvent: [class PopStateEvent extends Event],
      Touch: [class Touch],
      AudioProcessingEvent: [Function],
      BeforeInputEvent: [Function],
      BeforeUnloadEvent: [Function],
      BlobEvent: [Function],
      CompositionEvent: [Function],
      CSSFontFaceLoadEvent: [Function],
      DeviceLightEvent: [Function],
      DeviceMotionEvent: [Function],
      DeviceOrientationEvent: [Function],
      DeviceProximityEvent: [Function],
      DOMTransactionEvent: [Function],
      DragEvent: [Function],
      EditingBeforeInputEvent: [Function],
      FetchEvent: [Function],
      GamepadEvent: [Function],
      IDBVersionChangeEvent: [Function],
      MediaStreamEvent: [Function],
      MutationEvent: [Function],
      OfflineAudioCompletionEvent: [Function],
      OverconstrainedError: [Function],
      PageTransitionEvent: [Function],
      PaymentRequestUpdateEvent: [Function],
      RelatedEvent: [Function],
      RTCDataChannelEvent: [Function],
      RTCIdentityErrorEvent: [Function],
      RTCIdentityEvent: [Function],
      RTCPeerConnectionIceEvent: [Function],
      SensorEvent: [Function],
      SVGEvent: [Function],
      SVGZoomEvent: [Function],
      TimeEvent: [Function],
      TrackEvent: [Function],
      TransitionEvent: [Function],
      UserProximityEvent: [Function],
      WebGLContextEvent: [Function],
      TextEvent: [Function],
      Permissions: [class Permissions],
      History: [class History],
      Navigator: [class Navigator],
      Clipboard: [class Clipboard],
      TimeRanges: [class TimeRanges],
      TextTrackCueList: [class TextTrackCueList extends Array],
      ValidityState: [class ValidityState],
      MutationRecord: [class MutationRecord],
      IntersectionObserver: [class IntersectionObserver],
      IntersectionObserverEntry: [class IntersectionObserverEntry],
      CSSStyleDeclaration: [class CSSStyleDeclaration],
      CSSRule: [Function],
      CSSContainerRule: [class CSSContainerRule extends CSSConditionRule],
      CSSFontFaceRule: [class CSSFontFaceRule extends CSSRule],
      CSSKeyframeRule: [class CSSKeyframeRule extends CSSRule],
      CSSKeyframesRule: [class CSSKeyframesRule extends CSSRule],
      CSSMediaRule: [class CSSMediaRule extends CSSConditionRule],
      CSSStyleRule: [class CSSStyleRule extends CSSGroupingRule],
      CSSSupportsRule: [class CSSSupportsRule extends CSSConditionRule],
      CSSConditionRule: [class CSSConditionRule extends CSSGroupingRule],
      CSSGroupingRule: [class CSSGroupingRule extends CSSRule],
      CSSScopeRule: [class CSSScopeRule extends CSSGroupingRule],
      DOMRect: [class DOMRect extends DOMRectReadOnly],
      DOMRectReadOnly: [class DOMRectReadOnly],
      Plugin: [class Plugin],
      PluginArray: [class PluginArray],
      Location: [class Location],
      CustomElementRegistry: [class CustomElementRegistry],
      ResizeObserver: [class ResizeObserver],
      Blob: [class Blob],
      File: [class File extends Blob],
      Storage: [class Storage],
      CookieStore: [class CookieStore extends EventTarget],
      MimeType: [class MimeType],
      MimeTypeArray: [class MimeTypeArray],
      NodeFilter: [Object],
      ImageBitmap: [class ImageBitmap],
      HTMLCollection: [class HTMLCollection],
      HTMLFormControlCollection: [class HTMLFormControlsCollection extends HTMLCollection],
      HTMLOptionsCollection: [class HTMLOptionsCollection extends HTMLCollection],
      NodeList: [class NodeList],
      RadioNodeList: [class RadioNodeList extends NodeList],
      FileList: [class FileList extends Array],
      Screen: [class Screen extends EventTarget],
      ScreenDetails: [class ScreenDetails extends EventTarget],
      ScreenDetailed: [class ScreenDetailed extends Screen],
      NamedNodeMap: [class NamedNodeMap],
      TreeWalker: [class TreeWalker],
      NodeIterator: [class NodeIterator],
      DataTransfer: [class DataTransfer],
      DataTransferItem: [class DataTransferItem],
      DataTransferItemList: [class DataTransferItemList extends Array],
      XMLSerializer: [class XMLSerializer],
      ClipboardItem: [class ClipboardItem],
      Selection: [class Selection],
      CSSUnitValue: [class CSSUnitValue],
      SVGAngle: [Function],
      SVGAnimatedAngle: [class SVGAnimatedAngle],
      SVGAnimatedBoolean: [class SVGAnimatedBoolean],
      SVGAnimatedEnumeration: [class SVGAnimatedEnumeration],
      SVGAnimatedInteger: [class SVGAnimatedInteger],
      SVGAnimatedLength: [class SVGAnimatedLength],
      SVGAnimatedNumber: [class SVGAnimatedNumber],
      SVGAnimatedNumberList: [class SVGAnimatedNumberList],
      SVGAnimatedPreserveAspectRatio: [class SVGAnimatedPreserveAspectRatio],
      SVGAnimatedRect: [class SVGAnimatedRect],
      SVGAnimatedString: [class SVGAnimatedString],
      SVGAnimatedTransformList: [class SVGAnimatedTransformList],
      SVGLength: [Function],
      SVGLengthList: [class SVGLengthList],
      SVGMatrix: [class SVGMatrix],
      SVGNumber: [class SVGNumber],
      SVGNumberList: [class SVGNumberList],
      SVGPoint: [class SVGPoint],
      SVGPointList: [class SVGPointList],
      SVGPreserveAspectRatio: [Function],
      SVGRect: [class SVGRect],
      SVGStringList: [class SVGStringList],
      SVGTransform: [Function],
      SVGTransformList: [class SVGTransformList],
      SVGAnimatedLengthList: [class SVGAnimatedLengthList],
      SVGUnitTypes: [Function],
      StylePropertyMap: [class StylePropertyMap extends StylePropertyMapReadOnly],
      StylePropertyMapReadOnly: [class StylePropertyMapReadOnly],
      MediaList: [class MediaList],
      CSSKeywordValue: [class CSSKeywordValue],
      CSSStyleValue: [class CSSStyleValue],
      Window: [class GlobalWindow extends Window],
      URLSearchParams: [class URLSearchParams],
      WritableStream: [Function],
      ReadableStream: [class ReadableStream],
      TransformStream: [Function: Transform],
      PerformanceObserver: [class PerformanceObserver],
      PerformanceEntry: [class PerformanceEntry],
      PerformanceObserverEntryList: [class PerformanceObserverEntryList],
      document: [Circular *4],
      customElements: [CustomElementRegistry],
      window: [Circular *5],
      globalThis: [Circular *5],
      performance: [Performance [EventTarget]],
      screenLeft: 0,
      screenTop: 0,
      screenX: 0,
      screenY: 0,
      crypto: Crypto {},
      TextEncoder: [class TextEncoder],
      TextDecoder: [class TextDecoder],
      closed: false,
      console: [Console [console]],
      name: '',
      Buffer: [Function],
      Document: [class Document extends Document],
      HTMLDocument: [class HTMLDocument extends HTMLDocument],
      XMLDocument: [class XMLDocument extends XMLDocument],
      DocumentFragment: [class DocumentFragment extends DocumentFragment],
      Text: [class Text extends Text],
      Comment: [class Comment extends Comment],
      Image: [class Image extends Image],
      Audio: [class Audio extends Audio],
      MutationObserver: [class MutationObserver extends MutationObserver],
      MessagePort: [class MessagePort extends MessagePort],
      CSSStyleSheet: [class CSSStyleSheet extends CSSStyleSheet],
      DOMException: [class DOMException extends DOMException],
      Headers: [class Headers extends Headers],
      Request: [class Request extends Request],
      Response: [Function],
      EventTarget: [class EventTarget extends EventTarget],
      XMLHttpRequestUpload: [class XMLHttpRequestUpload extends XMLHttpRequestUpload],
      XMLHttpRequestEventTarget: [class XMLHttpRequestEventTarget extends XMLHttpRequestEventTarget],
      AbortController: [class AbortController extends AbortController],
      AbortSignal: [Function],
      FormData: [class FormData extends FormData],
      PermissionStatus: [class PermissionStatus extends PermissionStatus],
      XMLHttpRequest: [class XMLHttpRequest extends XMLHttpRequest],
      DOMParser: [class DOMParser extends DOMParser],
      Range: [class Range extends Range],
      VTTCue: [class VTTCue extends VTTCue],
      TextTrack: [class TextTrack extends TextTrack],
      TextTrackList: [class TextTrackList extends TextTrackList],
      TextTrackCue: [class TextTrackCue extends TextTrackCue],
      RemotePlayback: [class RemotePlayback extends RemotePlayback],
      FileReader: [class FileReader extends FileReader],
      MediaStream: [class MediaStream extends MediaStream],
      MediaStreamTrack: [class MediaStreamTrack extends MediaStreamTrack],
      CanvasCaptureMediaStreamTrack: [class CanvasCaptureMediaStreamTrack extends CanvasCaptureMediaStreamTrack],
      URL: [class URL extends URL],
      WebSocket: [class WebSocket extends WebSocket],
      ImageData: [class ImageData extends ImageData],
      OffscreenCanvas: [class OffscreenCanvas extends OffscreenCanvas],
      DOMMatrixReadOnly: [class DOMMatrixReadOnly extends DOMMatrixReadOnly],
      DOMMatrix: [class DOMMatrix extends DOMMatrix],
      DOMPointReadOnly: [class DOMPointReadOnly extends DOMPointReadOnly],
      DOMPoint: [class DOMPoint extends DOMPoint],
      Animation: [class Animation extends Animation],
      KeyframeEffect: [class KeyframeEffect extends KeyframeEffect],
      happyDOM: DetachedWindowAPI {},
      Array: [Function: Array],
      ArrayBuffer: [Function: ArrayBuffer],
      Boolean: [Function: Boolean],
      DataView: [Function: DataView],
      Date: [Function: Date],
      Error: [Function],
      EvalError: [Function: EvalError],
      Float32Array: [Function: Float32Array],
      Float64Array: [Function: Float64Array],
      Function: [Function: Function],
      Infinity: Infinity,
      Int16Array: [Function: Int16Array],
      Int32Array: [Function: Int32Array],
      Int8Array: [Function: Int8Array],
      Intl: Object [Intl] {},
      JSON: Object [JSON] {},
      Map: [Function: Map],
      Math: Object [Math] {},
      NaN: NaN,
      Number: [Function: Number],
      Object: [Function: Object],
      Promise: [Function: Promise],
      RangeError: [Function: RangeError],
      ReferenceError: [Function: ReferenceError],
      RegExp: [Function: RegExp],
      Set: [Function: Set],
      String: [Function: String],
      Symbol: [Function],
      SyntaxError: [Function: SyntaxError],
      TypeError: [Function: TypeError],
      URIError: [Function: URIError],
      Uint16Array: [Function: Uint16Array],
      Uint32Array: [Function: Uint32Array],
      Uint8Array: [Function: Uint8Array],
      Uint8ClampedArray: [Function: Uint8ClampedArray],
      WeakMap: [Function: WeakMap],
      WeakSet: [Function: WeakSet],
      decodeURI: [Function: decodeURI],
      decodeURIComponent: [Function: decodeURIComponent],
      encodeURI: [Function: encodeURI],
      encodeURIComponent: [Function: encodeURIComponent],
      eval: [Function: eval],
      escape: [Function: escape],
      global: [Object [global]],
      isFinite: [Function: isFinite],
      isNaN: [Function: isNaN],
      parseFloat: [Function: parseFloat],
      parseInt: [Function: parseInt],
      undefined: undefined,
      unescape: [Function: unescape],
      [Symbol(listeners)]: [Object],
      [Symbol(listenerOptions)]: [Object],
      [Symbol(mutationObservers)]: [],
      [Symbol(readyStateManager)]: DocumentReadyStateManager {},
      [Symbol(location)]: [Location],
      [Symbol(history)]: History {},
      [Symbol(navigator)]: Navigator {},
      [Symbol(screen)]: [Screen [EventTarget]],
      [Symbol(sessionStorage)]: [Storage],
      [Symbol(localStorage)]: [Storage],
      [Symbol(cookieStore)]: [CookieStore [EventTarget]],
      [Symbol(self)]: [Circular *5],
      [Symbol(top)]: [Circular *5],
      [Symbol(parent)]: [Circular *5],
      [Symbol(window)]: [Circular *5],
      [Symbol(frames)]: [Circular *5],
      [Symbol(internalId)]: 0,
      [Symbol(customElementReactionStack)]: [CustomElementReactionStack],
      [Symbol(modules)]: [Object],
      [Symbol(moduleImportMap)]: null,
      [Symbol(openWebSockets)]: [],
      [Symbol(propertyEventListeners)]: Map(0) {},
      [Symbol(querySelectorCache)]: [Map]
    },
    [Symbol(forms)]: null,
    [Symbol(links)]: null,
    [Symbol(affectsComputedStyleCache)]: [],
    [Symbol(elementIdMap)]: Map(0) {},
    [Symbol(contentType)]: 'text/html',
    [Symbol(xmlProcessingInstruction)]: null,
    [Symbol(preloads)]: Map(0) {},
    [Symbol(propertyEventListeners)]: Map(0) {},
    [Symbol(selection)]: null,
    [Symbol(timeline)]: DocumentTimeline {}
  },
  [Symbol(window)]: <ref *5> GlobalWindow [EventTarget] {
    Node: [class Node extends EventTarget] {
      ELEMENT_NODE: 1,
      ATTRIBUTE_NODE: 2,
      TEXT_NODE: 3,
      CDATA_SECTION_NODE: 4,
      COMMENT_NODE: 8,
      DOCUMENT_NODE: 9,
      DOCUMENT_TYPE_NODE: 10,
      DOCUMENT_FRAGMENT_NODE: 11,
      PROCESSING_INSTRUCTION_NODE: 7,
      DOCUMENT_POSITION_CONTAINED_BY: 16,
      DOCUMENT_POSITION_CONTAINS: 8,
      DOCUMENT_POSITION_DISCONNECTED: 1,
      DOCUMENT_POSITION_FOLLOWING: 4,
      DOCUMENT_POSITION_IMPLEMENTATION_SPECIFIC: 32,
      DOCUMENT_POSITION_PRECEDING: 2
    },
    Attr: [class Attr extends Node],
    ShadowRoot: [class ShadowRoot extends DocumentFragment],
    ProcessingInstruction: [class ProcessingInstruction extends CharacterData],
    Element: [class Element extends Node] {
      [Symbol(tagName)]: null,
      [Symbol(localName)]: null,
      [Symbol(namespaceURI)]: null
    },
    CharacterData: [class CharacterData extends Node],
    DocumentType: [class DocumentType extends Node],
    AnimationTimeline: [class AnimationTimeline],
    DocumentTimeline: [class DocumentTimeline extends AnimationTimeline],
    HTMLAnchorElement: [class HTMLAnchorElement extends HTMLElement],
    HTMLButtonElement: [class HTMLButtonElement extends HTMLElement],
    HTMLOptGroupElement: [class HTMLOptGroupElement extends HTMLElement],
    HTMLOptionElement: [class HTMLOptionElement extends HTMLElement],
    HTMLElement: [class HTMLElement extends Element] {
      observedAttributes: undefined
    },
    HTMLUnknownElement: [class HTMLUnknownElement extends HTMLElement],
    HTMLTemplateElement: [class HTMLTemplateElement extends HTMLElement],
    HTMLInputElement: [class HTMLInputElement extends HTMLElement],
    HTMLSelectElement: [class HTMLSelectElement extends HTMLElement],
    HTMLTextAreaElement: [class HTMLTextAreaElement extends HTMLElement],
    HTMLImageElement: [class HTMLImageElement extends HTMLElement],
    HTMLStyleElement: [class HTMLStyleElement extends HTMLElement],
    HTMLLabelElement: [class HTMLLabelElement extends HTMLElement],
    HTMLSlotElement: [class HTMLSlotElement extends HTMLElement],
    HTMLMetaElement: [class HTMLMetaElement extends HTMLElement],
    HTMLMediaElement: [class HTMLMediaElement extends HTMLElement],
    HTMLAudioElement: [class HTMLAudioElement extends HTMLMediaElement],
    HTMLVideoElement: [class HTMLVideoElement extends HTMLMediaElement],
    HTMLBaseElement: [class HTMLBaseElement extends HTMLElement],
    HTMLDialogElement: [class HTMLDialogElement extends HTMLElement],
    HTMLScriptElement: [class HTMLScriptElement extends HTMLElement],
    HTMLLinkElement: [class HTMLLinkElement extends HTMLElement],
    HTMLIFrameElement: [class HTMLIFrameElement extends HTMLElement],
    HTMLFormElement: [class HTMLFormElement extends HTMLElement],
    HTMLUListElement: [class HTMLUListElement extends HTMLElement],
    HTMLTrackElement: [class HTMLTrackElement extends HTMLElement],
    HTMLTableRowElement: [class HTMLTableRowElement extends HTMLElement],
    HTMLTitleElement: [class HTMLTitleElement extends HTMLElement],
    HTMLTimeElement: [class HTMLTimeElement extends HTMLElement],
    HTMLTableSectionElement: [class HTMLTableSectionElement extends HTMLElement],
    HTMLTableCellElement: [class HTMLTableCellElement extends HTMLElement],
    HTMLTableElement: [class HTMLTableElement extends HTMLElement],
    HTMLSpanElement: [class HTMLSpanElement extends HTMLElement],
    HTMLSourceElement: [class HTMLSourceElement extends HTMLElement],
    HTMLQuoteElement: [class HTMLQuoteElement extends HTMLElement],
    HTMLProgressElement: [class HTMLProgressElement extends HTMLElement],
    HTMLPreElement: [class HTMLPreElement extends HTMLElement],
    HTMLPictureElement: [class HTMLPictureElement extends HTMLElement],
    HTMLParamElement: [class HTMLParamElement extends HTMLElement],
    HTMLParagraphElement: [class HTMLParagraphElement extends HTMLElement],
    HTMLOutputElement: [class HTMLOutputElement extends HTMLElement],
    HTMLOListElement: [class HTMLOListElement extends HTMLElement],
    HTMLObjectElement: [class HTMLObjectElement extends HTMLElement],
    HTMLMeterElement: [class HTMLMeterElement extends HTMLElement],
    HTMLMenuElement: [class HTMLMenuElement extends HTMLElement],
    HTMLMapElement: [class HTMLMapElement extends HTMLElement],
    HTMLLIElement: [class HTMLLIElement extends HTMLElement],
    HTMLLegendElement: [class HTMLLegendElement extends HTMLElement],
    HTMLModElement: [class HTMLModElement extends HTMLElement],
    HTMLHtmlElement: [class HTMLHtmlElement extends HTMLElement],
    HTMLHRElement: [class HTMLHRElement extends HTMLElement],
    HTMLHeadElement: [class HTMLHeadElement extends HTMLElement],
    HTMLHeadingElement: [class HTMLHeadingElement extends HTMLElement],
    HTMLFieldSetElement: [class HTMLFieldSetElement extends HTMLElement],
    HTMLEmbedElement: [class HTMLEmbedElement extends HTMLElement],
    HTMLDListElement: [class HTMLDListElement extends HTMLElement],
    HTMLDivElement: [class HTMLDivElement extends HTMLElement],
    HTMLDetailsElement: [class HTMLDetailsElement extends HTMLElement],
    HTMLDataListElement: [class HTMLDataListElement extends HTMLElement],
    HTMLDataElement: [class HTMLDataElement extends HTMLElement],
    HTMLTableColElement: [class HTMLTableColElement extends HTMLElement],
    HTMLTableCaptionElement: [class HTMLTableCaptionElement extends HTMLElement],
    HTMLCanvasElement: [class HTMLCanvasElement extends HTMLElement],
    HTMLBRElement: [class HTMLBRElement extends HTMLElement],
    HTMLBodyElement: [class HTMLBodyElement extends HTMLElement],
    HTMLAreaElement: [class HTMLAreaElement extends HTMLElement],
    SVGSVGElement: [class SVGSVGElement extends SVGGraphicsElement],
    SVGAnimateElement: [class SVGAnimateElement extends SVGAnimationElement],
    SVGAnimateMotionElement: [class SVGAnimateMotionElement extends SVGAnimationElement],
    SVGAnimateTransformElement: [class SVGAnimateTransformElement extends SVGAnimationElement],
    SVGCircleElement: [class SVGCircleElement extends SVGGeometryElement],
    SVGClipPathElement: [class SVGClipPathElement extends SVGElement],
    SVGDefsElement: [class SVGDefsElement extends SVGGraphicsElement],
    SVGDescElement: [class SVGDescElement extends SVGElement],
    SVGEllipseElement: [class SVGEllipseElement extends SVGGeometryElement],
    SVGFEBlendElement: [class SVGFEBlendElement extends SVGElement] {
      SVG_FEBLEND_MODE_UNKNOWN: 0,
      SVG_FEBLEND_MODE_NORMAL: 1,
      SVG_FEBLEND_MODE_MULTIPLY: 2,
      SVG_FEBLEND_MODE_SCREEN: 3,
      SVG_FEBLEND_MODE_DARKEN: 4,
      SVG_FEBLEND_MODE_LIGHTEN: 5,
      SVG_FEBLEND_MODE_OVERLAY: 6,
      SVG_FEBLEND_MODE_COLOR_DODGE: 7,
      SVG_FEBLEND_MODE_COLOR_BURN: 8,
      SVG_FEBLEND_MODE_HARD_LIGHT: 9,
      SVG_FEBLEND_MODE_SOFT_LIGHT: 10,
      SVG_FEBLEND_MODE_DIFFERENCE: 11,
      SVG_FEBLEND_MODE_EXCLUSION: 12,
      SVG_FEBLEND_MODE_HUE: 13,
      SVG_FEBLEND_MODE_SATURATION: 14,
      SVG_FEBLEND_MODE_COLOR: 15,
      SVG_FEBLEND_MODE_LUMINOSITY: 16
    },
    SVGFEColorMatrixElement: [class SVGFEColorMatrixElement extends SVGElement] {
      SVG_FEBLEND_TYPE_UNKNOWN: 0,
      SVG_FEBLEND_TYPE_MATRIX: 1,
      SVG_FEBLEND_TYPE_SATURATE: 2,
      SVG_FEBLEND_TYPE_HUEROTATE: 3,
      SVG_FEBLEND_TYPE_LUMINANCETOALPHA: 4
    },
    SVGFEComponentTransferElement: [class SVGFEComponentTransferElement extends SVGElement],
    SVGFECompositeElement: [class SVGFECompositeElement extends SVGElement] {
      SVG_FECOMPOSITE_OPERATOR_UNKNOWN: 0,
      SVG_FECOMPOSITE_OPERATOR_OVER: 1,
      SVG_FECOMPOSITE_OPERATOR_IN: 2,
      SVG_FECOMPOSITE_OPERATOR_OUT: 3,
      SVG_FECOMPOSITE_OPERATOR_ATOP: 4,
      SVG_FECOMPOSITE_OPERATOR_XOR: 5,
      SVG_FECOMPOSITE_OPERATOR_ARITHMETIC: 6
    },
    SVGFEConvolveMatrixElement: [class SVGFEConvolveMatrixElement extends SVGElement] {
      SVG_EDGEMODE_UNKNOWN: 0,
      SVG_EDGEMODE_DUPLICATE: 1,
      SVG_EDGEMODE_WRAP: 2,
      SVG_EDGEMODE_NONE: 3
    },
    SVGFEDiffuseLightingElement: [class SVGFEDiffuseLightingElement extends SVGElement],
    SVGFEDisplacementMapElement: [class SVGFEDisplacementMapElement extends SVGElement] {
      SVG_CHANNEL_UNKNOWN: 0,
      SVG_CHANNEL_R: 1,
      SVG_CHANNEL_G: 2,
      SVG_CHANNEL_B: 3,
      SVG_CHANNEL_A: 4
    },
    SVGFEDistantLightElement: [class SVGFEDistantLightElement extends SVGElement],
    SVGFEDropShadowElement: [class SVGFEDropShadowElement extends SVGElement],
    SVGFEFloodElement: [class SVGFEFloodElement extends SVGElement],
    SVGFEFuncAElement: [class SVGFEFuncAElement extends SVGComponentTransferFunctionElement],
    SVGFEFuncBElement: [class SVGFEFuncBElement extends SVGComponentTransferFunctionElement],
    SVGFEFuncGElement: [class SVGFEFuncGElement extends SVGComponentTransferFunctionElement],
    SVGFEFuncRElement: [class SVGFEFuncRElement extends SVGComponentTransferFunctionElement],
    SVGFEGaussianBlurElement: [class SVGFEGaussianBlurElement extends SVGElement] {
      SVG_EDGEMODE_UNKNOWN: 0,
      SVG_EDGEMODE_DUPLICATE: 1,
      SVG_EDGEMODE_WRAP: 2,
      SVG_EDGEMODE_NONE: 3
    },
    SVGFEImageElement: [class SVGFEImageElement extends SVGElement],
    SVGFEMergeElement: [class SVGFEMergeElement extends SVGElement],
    SVGFEMergeNodeElement: [class SVGFEMergeNodeElement extends SVGElement],
    SVGFEMorphologyElement: [class SVGFEMorphologyElement extends SVGElement] {
      SVG_MORPHOLOGY_OPERATOR_UNKNOWN: 0,
      SVG_MORPHOLOGY_OPERATOR_ERODE: 1,
      SVG_MORPHOLOGY_OPERATOR_DILATE: 2
    },
    SVGFEOffsetElement: [class SVGFEOffsetElement extends SVGElement],
    SVGFEPointLightElement: [class SVGFEPointLightElement extends SVGElement],
    SVGFESpecularLightingElement: [class SVGFESpecularLightingElement extends SVGElement],
    SVGFESpotLightElement: [class SVGFESpotLightElement extends SVGElement],
    SVGFETileElement: [class SVGFETileElement extends SVGElement],
    SVGFETurbulenceElement: [class SVGFETurbulenceElement extends SVGElement] {
      SVG_TURBULENCE_TYPE_UNKNOWN: 0,
      SVG_TURBULENCE_TYPE_FRACTALNOISE: 1,
      SVG_TURBULENCE_TYPE_TURBULENCE: 2,
      SVG_STITCHTYPE_UNKNOWN: 0,
      SVG_STITCHTYPE_STITCH: 1,
      SVG_STITCHTYPE_NOSTITCH: 2
    },
    SVGFilterElement: [class SVGFilterElement extends SVGElement],
    SVGForeignObjectElement: [class SVGForeignObjectElement extends SVGGraphicsElement],
    SVGGElement: [class SVGGElement extends SVGGraphicsElement],
    SVGImageElement: [class SVGImageElement extends SVGGraphicsElement],
    SVGLineElement: [class SVGLineElement extends SVGGeometryElement],
    SVGLinearGradientElement: [class SVGLinearGradientElement extends SVGGradientElement],
    SVGMarkerElement: [class SVGMarkerElement extends SVGElement] {
      SVG_MARKER_ORIENT_UNKNOWN: 0,
      SVG_MARKER_ORIENT_AUTO: 1,
      SVG_MARKER_ORIENT_ANGLE: 2,
      SVG_MARKERUNITS_UNKNOWN: 0,
      SVG_MARKERUNITS_USERSPACEONUSE: 1,
      SVG_MARKERUNITS_STROKEWIDTH: 2
    },
    SVGMaskElement: [class SVGMaskElement extends SVGElement],
    SVGMetadataElement: [class SVGMetadataElement extends SVGElement],
    SVGMPathElement: [class SVGMPathElement extends SVGElement],
    SVGPathElement: [class SVGPathElement extends SVGGeometryElement],
    SVGPatternElement: [class SVGPatternElement extends SVGElement],
    SVGPolygonElement: [class SVGPolygonElement extends SVGGeometryElement],
    SVGPolylineElement: [class SVGPolylineElement extends SVGGeometryElement],
    SVGRadialGradientElement: [class SVGRadialGradientElement extends SVGGradientElement],
    SVGRectElement: [class SVGRectElement extends SVGGeometryElement],
    SVGScriptElement: [class SVGScriptElement extends SVGGraphicsElement],
    SVGSetElement: [class SVGSetElement extends SVGAnimationElement],
    SVGStopElement: [class SVGStopElement extends SVGElement],
    SVGStyleElement: [class SVGStyleElement extends SVGElement],
    SVGSwitchElement: [class SVGSwitchElement extends SVGGraphicsElement],
    SVGSymbolElement: [class SVGSymbolElement extends SVGGraphicsElement],
    SVGTextElement: [class SVGTextElement extends SVGTextPositioningElement],
    SVGTextPathElement: [class SVGTextPathElement extends SVGTextContentElement] {
      TEXTPATH_METHODTYPE_UNKNOWN: 0,
      TEXTPATH_METHODTYPE_ALIGN: 1,
      TEXTPATH_METHODTYPE_STRETCH: 2,
      TEXTPATH_SPACINGTYPE_UNKNOWN: 0,
      TEXTPATH_SPACINGTYPE_AUTO: 1,
      TEXTPATH_SPACINGTYPE_EXACT: 2
    },
    SVGTitleElement: [class SVGTitleElement extends SVGElement],
    SVGTSpanElement: [class SVGTSpanElement extends SVGTextPositioningElement],
    SVGUseElement: [class SVGUseElement extends SVGGraphicsElement],
    SVGViewElement: [class SVGViewElement extends SVGElement],
    SVGElement: [class SVGElement extends Element],
    SVGAnimationElement: [class SVGAnimationElement extends SVGElement],
    SVGComponentTransferFunctionElement: [class SVGComponentTransferFunctionElement extends SVGElement] {
      SVG_FECOMPONENTTRANSFER_TYPE_UNKNOWN: 0,
      SVG_FECOMPONENTTRANSFER_TYPE_IDENTITY: 1,
      SVG_FECOMPONENTTRANSFER_TYPE_TABLE: 2,
      SVG_FECOMPONENTTRANSFER_TYPE_DISCRETE: 3,
      SVG_FECOMPONENTTRANSFER_TYPE_LINEAR: 4,
      SVG_FECOMPONENTTRANSFER_TYPE_GAMMA: 5
    },
    SVGGeometryElement: [class SVGGeometryElement extends SVGGraphicsElement],
    SVGGradientElement: [class SVGGradientElement extends SVGGraphicsElement] {
      SVG_SPREADMETHOD_UNKNOWN: 0,
      SVG_SPREADMETHOD_PAD: 1,
      SVG_SPREADMETHOD_REFLECT: 2,
      SVG_SPREADMETHOD_REPEAT: 3
    },
    SVGTextPositioningElement: [class SVGTextPositioningElement extends SVGTextContentElement],
    SVGGraphicsElement: [class SVGGraphicsElement extends SVGElement],
    Event: [class Event] {
      NONE: 0,
      CAPTURING_PHASE: 1,
      AT_TARGET: 2,
      BUBBLING_PHASE: 3
    },
    UIEvent: [class UIEvent extends Event] {
      NONE: 0,
      CAPTURING_PHASE: 1,
      AT_TARGET: 2,
      BUBBLING_PHASE: 3
    },
    CustomEvent: [class CustomEvent extends Event],
    CloseEvent: [class CloseEvent extends Event],
    AnimationEvent: [class AnimationEvent extends Event],
    KeyboardEvent: [class KeyboardEvent extends UIEvent] {
      DOM_KEY_LOCATION_STANDARD: 0,
      DOM_KEY_LOCATION_LEFT: 1,
      DOM_KEY_LOCATION_RIGHT: 2,
      DOM_KEY_LOCATION_NUMPAD: 3
    },
    MessageEvent: [class MessageEvent extends Event],
    MouseEvent: [class MouseEvent extends UIEvent],
    PointerEvent: [class PointerEvent extends MouseEvent],
    FocusEvent: [class FocusEvent extends UIEvent],
    WheelEvent: [class WheelEvent extends UIEvent] {
      DOM_DELTA_PIXEL: 0,
      DOM_DELTA_LINE: 1,
      DOM_DELTA_PAGE: 2
    },
    InputEvent: [class InputEvent extends UIEvent],
    ErrorEvent: [class ErrorEvent extends UIEvent],
    StorageEvent: [class StorageEvent extends Event],
    SubmitEvent: [class SubmitEvent extends Event],
    ProgressEvent: [class ProgressEvent extends Event],
    MediaQueryListEvent: [class MediaQueryListEvent extends Event],
    HashChangeEvent: [class HashChangeEvent extends Event],
    ClipboardEvent: [class ClipboardEvent extends Event],
    CookieChangeEvent: [class CookieChangeEvent extends Event],
    TouchEvent: [class TouchEvent extends UIEvent],
    PopStateEvent: [class PopStateEvent extends Event],
    Touch: [class Touch],
    AudioProcessingEvent: [class Event] {
      NONE: 0,
      CAPTURING_PHASE: 1,
      AT_TARGET: 2,
      BUBBLING_PHASE: 3
    },
    BeforeInputEvent: [class Event] {
      NONE: 0,
      CAPTURING_PHASE: 1,
      AT_TARGET: 2,
      BUBBLING_PHASE: 3
    },
    BeforeUnloadEvent: [class Event] {
      NONE: 0,
      CAPTURING_PHASE: 1,
      AT_TARGET: 2,
      BUBBLING_PHASE: 3
    },
    BlobEvent: [class Event] {
      NONE: 0,
      CAPTURING_PHASE: 1,
      AT_TARGET: 2,
      BUBBLING_PHASE: 3
    },
    CompositionEvent: [class Event] {
      NONE: 0,
      CAPTURING_PHASE: 1,
      AT_TARGET: 2,
      BUBBLING_PHASE: 3
    },
    CSSFontFaceLoadEvent: [class Event] {
      NONE: 0,
      CAPTURING_PHASE: 1,
      AT_TARGET: 2,
      BUBBLING_PHASE: 3
    },
    DeviceLightEvent: [class Event] {
      NONE: 0,
      CAPTURING_PHASE: 1,
      AT_TARGET: 2,
      BUBBLING_PHASE: 3
    },
    DeviceMotionEvent: [class Event] {
      NONE: 0,
      CAPTURING_PHASE: 1,
      AT_TARGET: 2,
      BUBBLING_PHASE: 3
    },
    DeviceOrientationEvent: [class Event] {
      NONE: 0,
      CAPTURING_PHASE: 1,
      AT_TARGET: 2,
      BUBBLING_PHASE: 3
    },
    DeviceProximityEvent: [class Event] {
      NONE: 0,
      CAPTURING_PHASE: 1,
      AT_TARGET: 2,
      BUBBLING_PHASE: 3
    },
    DOMTransactionEvent: [class Event] {
      NONE: 0,
      CAPTURING_PHASE: 1,
      AT_TARGET: 2,
      BUBBLING_PHASE: 3
    },
    DragEvent: [class Event] {
      NONE: 0,
      CAPTURING_PHASE: 1,
      AT_TARGET: 2,
      BUBBLING_PHASE: 3
    },
    EditingBeforeInputEvent: [class Event] {
      NONE: 0,
      CAPTURING_PHASE: 1,
      AT_TARGET: 2,
      BUBBLING_PHASE: 3
    },
    FetchEvent: [class Event] {
      NONE: 0,
      CAPTURING_PHASE: 1,
      AT_TARGET: 2,
      BUBBLING_PHASE: 3
    },
    GamepadEvent: [class Event] {
      NONE: 0,
      CAPTURING_PHASE: 1,
      AT_TARGET: 2,
      BUBBLING_PHASE: 3
    },
    IDBVersionChangeEvent: [class Event] {
      NONE: 0,
      CAPTURING_PHASE: 1,
      AT_TARGET: 2,
      BUBBLING_PHASE: 3
    },
    MediaStreamEvent: [class Event] {
      NONE: 0,
      CAPTURING_PHASE: 1,
      AT_TARGET: 2,
      BUBBLING_PHASE: 3
    },
    MutationEvent: [class Event] {
      NONE: 0,
      CAPTURING_PHASE: 1,
      AT_TARGET: 2,
      BUBBLING_PHASE: 3
    },
    OfflineAudioCompletionEvent: [class Event] {
      NONE: 0,
      CAPTURING_PHASE: 1,
      AT_TARGET: 2,
      BUBBLING_PHASE: 3
    },
    OverconstrainedError: [class Event] {
      NONE: 0,
      CAPTURING_PHASE: 1,
      AT_TARGET: 2,
      BUBBLING_PHASE: 3
    },
    PageTransitionEvent: [class Event] {
      NONE: 0,
      CAPTURING_PHASE: 1,
      AT_TARGET: 2,
      BUBBLING_PHASE: 3
    },
    PaymentRequestUpdateEvent: [class Event] {
      NONE: 0,
      CAPTURING_PHASE: 1,
      AT_TARGET: 2,
      BUBBLING_PHASE: 3
    },
    RelatedEvent: [class Event] {
      NONE: 0,
      CAPTURING_PHASE: 1,
      AT_TARGET: 2,
      BUBBLING_PHASE: 3
    },
    RTCDataChannelEvent: [class Event] {
      NONE: 0,
      CAPTURING_PHASE: 1,
      AT_TARGET: 2,
      BUBBLING_PHASE: 3
    },
    RTCIdentityErrorEvent: [class Event] {
      NONE: 0,
      CAPTURING_PHASE: 1,
      AT_TARGET: 2,
      BUBBLING_PHASE: 3
    },
    RTCIdentityEvent: [class Event] {
      NONE: 0,
      CAPTURING_PHASE: 1,
      AT_TARGET: 2,
      BUBBLING_PHASE: 3
    },
    RTCPeerConnectionIceEvent: [class Event] {
      NONE: 0,
      CAPTURING_PHASE: 1,
      AT_TARGET: 2,
      BUBBLING_PHASE: 3
    },
    SensorEvent: [class Event] {
      NONE: 0,
      CAPTURING_PHASE: 1,
      AT_TARGET: 2,
      BUBBLING_PHASE: 3
    },
    SVGEvent: [class Event] {
      NONE: 0,
      CAPTURING_PHASE: 1,
      AT_TARGET: 2,
      BUBBLING_PHASE: 3
    },
    SVGZoomEvent: [class Event] {
      NONE: 0,
      CAPTURING_PHASE: 1,
      AT_TARGET: 2,
      BUBBLING_PHASE: 3
    },
    TimeEvent: [class Event] {
      NONE: 0,
      CAPTURING_PHASE: 1,
      AT_TARGET: 2,
      BUBBLING_PHASE: 3
    },
    TrackEvent: [class Event] {
      NONE: 0,
      CAPTURING_PHASE: 1,
      AT_TARGET: 2,
      BUBBLING_PHASE: 3
    },
    TransitionEvent: [class Event] {
      NONE: 0,
      CAPTURING_PHASE: 1,
      AT_TARGET: 2,
      BUBBLING_PHASE: 3
    },
    UserProximityEvent: [class Event] {
      NONE: 0,
      CAPTURING_PHASE: 1,
      AT_TARGET: 2,
      BUBBLING_PHASE: 3
    },
    WebGLContextEvent: [class Event] {
      NONE: 0,
      CAPTURING_PHASE: 1,
      AT_TARGET: 2,
      BUBBLING_PHASE: 3
    },
    TextEvent: [class Event] {
      NONE: 0,
      CAPTURING_PHASE: 1,
      AT_TARGET: 2,
      BUBBLING_PHASE: 3
    },
    Permissions: [class Permissions],
    History: [class History],
    Navigator: [class Navigator],
    Clipboard: [class Clipboard],
    TimeRanges: [class TimeRanges],
    TextTrackCueList: [class TextTrackCueList extends Array],
    ValidityState: [class ValidityState],
    MutationRecord: [class MutationRecord],
    IntersectionObserver: [class IntersectionObserver],
    IntersectionObserverEntry: [class IntersectionObserverEntry],
    CSSStyleDeclaration: [class CSSStyleDeclaration],
    CSSRule: [class CSSRule] {
      CONTAINER_RULE: 0,
      STYLE_RULE: 1,
      IMPORT_RULE: 3,
      MEDIA_RULE: 4,
      FONT_FACE_RULE: 5,
      PAGE_RULE: 6,
      KEYFRAMES_RULE: 7,
      KEYFRAME_RULE: 8,
      NAMESPACE_RULE: 10,
      COUNTER_STYLE_RULE: 11,
      SUPPORTS_RULE: 12,
      DOCUMENT_RULE: 13,
      FONT_FEATURE_VALUES_RULE: 14,
      REGION_STYLE_RULE: 16
    },
    CSSContainerRule: [class CSSContainerRule extends CSSConditionRule],
    CSSFontFaceRule: [class CSSFontFaceRule extends CSSRule],
    CSSKeyframeRule: [class CSSKeyframeRule extends CSSRule],
    CSSKeyframesRule: [class CSSKeyframesRule extends CSSRule],
    CSSMediaRule: [class CSSMediaRule extends CSSConditionRule],
    CSSStyleRule: [class CSSStyleRule extends CSSGroupingRule],
    CSSSupportsRule: [class CSSSupportsRule extends CSSConditionRule],
    CSSConditionRule: [class CSSConditionRule extends CSSGroupingRule],
    CSSGroupingRule: [class CSSGroupingRule extends CSSRule],
    CSSScopeRule: [class CSSScopeRule extends CSSGroupingRule],
    DOMRect: [class DOMRect extends DOMRectReadOnly],
    DOMRectReadOnly: [class DOMRectReadOnly],
    Plugin: [class Plugin],
    PluginArray: [class PluginArray],
    Location: [class Location],
    CustomElementRegistry: [class CustomElementRegistry],
    ResizeObserver: [class ResizeObserver],
    Blob: [class Blob],
    File: [class File extends Blob],
    Storage: [class Storage],
    CookieStore: [class CookieStore extends EventTarget],
    MimeType: [class MimeType],
    MimeTypeArray: [class MimeTypeArray],
    NodeFilter: {
      FILTER_ACCEPT: 1,
      FILTER_REJECT: 2,
      FILTER_SKIP: 3,
      SHOW_ALL: -1,
      SHOW_ELEMENT: 1,
      SHOW_ATTRIBUTE: 2,
      SHOW_TEXT: 4,
      SHOW_CDATA_SECTION: 8,
      SHOW_ENTITY_REFERENCE: 16,
      SHOW_ENTITY: 32,
      SHOW_PROCESSING_INSTRUCTION: 64,
      SHOW_COMMENT: 128,
      SHOW_DOCUMENT: 256,
      SHOW_DOCUMENT_TYPE: 512,
      SHOW_DOCUMENT_FRAGMENT: 1024,
      SHOW_NOTATION: 2048
    },
    ImageBitmap: [class ImageBitmap],
    HTMLCollection: [class HTMLCollection],
    HTMLFormControlCollection: [class HTMLFormControlsCollection extends HTMLCollection],
    HTMLOptionsCollection: [class HTMLOptionsCollection extends HTMLCollection],
    NodeList: [class NodeList],
    RadioNodeList: [class RadioNodeList extends NodeList],
    FileList: [class FileList extends Array],
    Screen: [class Screen extends EventTarget],
    ScreenDetails: [class ScreenDetails extends EventTarget],
    ScreenDetailed: [class ScreenDetailed extends Screen],
    NamedNodeMap: [class NamedNodeMap],
    TreeWalker: [class TreeWalker],
    NodeIterator: [class NodeIterator],
    DataTransfer: [class DataTransfer],
    DataTransferItem: [class DataTransferItem],
    DataTransferItemList: [class DataTransferItemList extends Array],
    XMLSerializer: [class XMLSerializer],
    ClipboardItem: [class ClipboardItem],
    Selection: [class Selection],
    CSSUnitValue: [class CSSUnitValue],
    SVGAngle: [class SVGAngle] {
      SVG_ANGLETYPE_UNKNOWN: 0,
      SVG_ANGLETYPE_UNSPECIFIED: 1,
      SVG_ANGLETYPE_DEG: 2,
      SVG_ANGLETYPE_RAD: 3,
      SVG_ANGLETYPE_GRAD: 4
    },
    SVGAnimatedAngle: [class SVGAnimatedAngle],
    SVGAnimatedBoolean: [class SVGAnimatedBoolean],
    SVGAnimatedEnumeration: [class SVGAnimatedEnumeration],
    SVGAnimatedInteger: [class SVGAnimatedInteger],
    SVGAnimatedLength: [class SVGAnimatedLength],
    SVGAnimatedNumber: [class SVGAnimatedNumber],
    SVGAnimatedNumberList: [class SVGAnimatedNumberList],
    SVGAnimatedPreserveAspectRatio: [class SVGAnimatedPreserveAspectRatio],
    SVGAnimatedRect: [class SVGAnimatedRect],
    SVGAnimatedString: [class SVGAnimatedString],
    SVGAnimatedTransformList: [class SVGAnimatedTransformList],
    SVGLength: [class SVGLength] {
      SVG_LENGTHTYPE_UNKNOWN: 0,
      SVG_LENGTHTYPE_NUMBER: 1,
      SVG_LENGTHTYPE_PERCENTAGE: 2,
      SVG_LENGTHTYPE_EMS: 3,
      SVG_LENGTHTYPE_EXS: 4,
      SVG_LENGTHTYPE_PX: 5,
      SVG_LENGTHTYPE_CM: 6,
      SVG_LENGTHTYPE_MM: 7,
      SVG_LENGTHTYPE_IN: 8,
      SVG_LENGTHTYPE_PT: 9,
      SVG_LENGTHTYPE_PC: 10
    },
    SVGLengthList: [class SVGLengthList],
    SVGMatrix: [class SVGMatrix],
    SVGNumber: [class SVGNumber],
    SVGNumberList: [class SVGNumberList],
    SVGPoint: [class SVGPoint],
    SVGPointList: [class SVGPointList],
    SVGPreserveAspectRatio: [class SVGPreserveAspectRatio] {
      SVG_MEETORSLICE_UNKNOWN: 0,
      SVG_MEETORSLICE_MEET: 1,
      SVG_MEETORSLICE_SLICE: 2,
      SVG_PRESERVEASPECTRATIO_UNKNOWN: 0,
      SVG_PRESERVEASPECTRATIO_NONE: 1,
      SVG_PRESERVEASPECTRATIO_XMINYMIN: 2,
      SVG_PRESERVEASPECTRATIO_XMIDYMIN: 3,
      SVG_PRESERVEASPECTRATIO_XMAXYMIN: 4,
      SVG_PRESERVEASPECTRATIO_XMINYMID: 5,
      SVG_PRESERVEASPECTRATIO_XMIDYMID: 6,
      SVG_PRESERVEASPECTRATIO_XMAXYMID: 7,
      SVG_PRESERVEASPECTRATIO_XMINYMAX: 8,
      SVG_PRESERVEASPECTRATIO_XMIDYMAX: 9,
      SVG_PRESERVEASPECTRATIO_XMAXYMAX: 10
    },
    SVGRect: [class SVGRect],
    SVGStringList: [class SVGStringList],
    SVGTransform: [class SVGTransform] {
      SVG_TRANSFORM_UNKNOWN: 0,
      SVG_TRANSFORM_MATRIX: 1,
      SVG_TRANSFORM_TRANSLATE: 2,
      SVG_TRANSFORM_SCALE: 3,
      SVG_TRANSFORM_ROTATE: 4,
      SVG_TRANSFORM_SKEWX: 5,
      SVG_TRANSFORM_SKEWY: 6
    },
    SVGTransformList: [class SVGTransformList],
    SVGAnimatedLengthList: [class SVGAnimatedLengthList],
    SVGUnitTypes: [class SVGUnitTypes] {
      SVG_UNIT_TYPE_UNKNOWN: 0,
      SVG_UNIT_TYPE_USERSPACEONUSE: 1,
      SVG_UNIT_TYPE_OBJECTBOUNDINGBOX: 2
    },
    StylePropertyMap: [class StylePropertyMap extends StylePropertyMapReadOnly],
    StylePropertyMapReadOnly: [class StylePropertyMapReadOnly],
    MediaList: [class MediaList],
    CSSKeywordValue: [class CSSKeywordValue],
    CSSStyleValue: [class CSSStyleValue],
    Window: [class GlobalWindow extends Window],
    URLSearchParams: [class URLSearchParams],
    WritableStream: [Function: Writable] {
      WritableState: [Function: WritableState],
      fromWeb: [Function (anonymous)],
      toWeb: [Function (anonymous)]
    },
    ReadableStream: [class ReadableStream],
    TransformStream: [Function: Transform],
    PerformanceObserver: [class PerformanceObserver],
    PerformanceEntry: [class PerformanceEntry],
    PerformanceObserverEntryList: [class PerformanceObserverEntryList],
    document: <ref *4> HTMLDocument {
      defaultView: [Getter],
      _reactListening7defm8ungkm: true,
      [Symbol(listeners)]: [Object],
      [Symbol(listenerOptions)]: [Object],
      [Symbol(isConnected)]: true,
      [Symbol(parentNode)]: null,
      [Symbol(rootNode)]: [Circular *4],
      [Symbol(styleNode)]: null,
      [Symbol(textAreaNode)]: null,
      [Symbol(formNode)]: null,
      [Symbol(selectNode)]: null,
      [Symbol(mutationListeners)]: [],
      [Symbol(nodeArray)]: [Array],
      [Symbol(elementArray)]: [Array],
      [Symbol(childNodes)]: null,
      [Symbol(assignedToSlot)]: null,
      [Symbol(cache)]: [Object],
      [Symbol(affectsCache)]: [Array],
      [Symbol(ownerDocument)]: null,
      [Symbol(children)]: null,
      [Symbol(activeElement)]: null,
      [Symbol(nextActiveElement)]: null,
      [Symbol(currentScript)]: null,
      [Symbol(isFirstWrite)]: true,
      [Symbol(isFirstWriteAfterOpen)]: false,
      [Symbol(nodeType)]: 9,
      [Symbol(adoptedStyleSheets)]: [],
      [Symbol(implementation)]: DOMImplementation {},
      [Symbol(readyState)]: 'complete',
      [Symbol(referrer)]: '',
      [Symbol(defaultView)]: [Circular *5],
      [Symbol(forms)]: null,
      [Symbol(links)]: null,
      [Symbol(affectsComputedStyleCache)]: [],
      [Symbol(elementIdMap)]: Map(0) {},
      [Symbol(contentType)]: 'text/html',
      [Symbol(xmlProcessingInstruction)]: null,
      [Symbol(preloads)]: Map(0) {},
      [Symbol(propertyEventListeners)]: Map(0) {},
      [Symbol(selection)]: null,
      [Symbol(timeline)]: DocumentTimeline {}
    },
    customElements: CustomElementRegistry {
      [Symbol(registry)]: Map(0) {},
      [Symbol(classRegistry)]: Map(0) {},
      [Symbol(callbacks)]: Map(0) {},
      [Symbol(destroyed)]: false
    },
    window: [Circular *5],
    globalThis: [Circular *5],
    performance: Performance {
      nodeTiming: PerformanceNodeTiming {
        name: 'node',
        entryType: 'node',
        startTime: 0,
        duration: 3463.1395829916,
        nodeStart: 3.738124966621399,
        v8Start: 15.210291981697083,
        bootstrapComplete: 48.53162491321564,
        environment: 25.43879199028015,
        loopStart: 55.90637493133545,
        loopExit: -1,
        idleTime: 404.456123
      },
      timeOrigin: 1788639034068.654
    },
    screenLeft: 0,
    screenTop: 0,
    screenX: 0,
    screenY: 0,
    crypto: Crypto {},
    TextEncoder: [class TextEncoder],
    TextDecoder: [class TextDecoder],
    closed: false,
    console: Console [console] {
      log: [Function: log],
      warn: [Function: warn],
      dir: [Function: dir],
      time: [Function: time],
      timeEnd: [Function: timeEnd],
      timeLog: [Function: timeLog],
      trace: [Function: trace],
      assert: [Function: assert],
      clear: [Function: clear],
      count: [Function: count],
      countReset: [Function: countReset],
      group: [Function: group],
      groupEnd: [Function: groupEnd],
      table: [Function: table],
      debug: [Function: debug],
      info: [Function: info],
      dirxml: [Function: dirxml],
      error: [Function: error],
      groupCollapsed: [Function: groupCollapsed]
    },
    name: '',
    Buffer: [Function: Buffer] {
      poolSize: 8192,
      from: [Function: from],
      copyBytesFrom: [Function: copyBytesFrom],
      of: [Function: of],
      alloc: [Function: alloc],
      allocUnsafe: [Function: allocUnsafe],
      allocUnsafeSlow: [Function: allocUnsafeSlow],
      isBuffer: [Function: isBuffer],
      compare: [Function: compare],
      isEncoding: [Function: isEncoding],
      concat: [Function: concat],
      byteLength: [Function: byteLength],
      [Symbol(kIsEncodingSymbol)]: [Function: isEncoding]
    },
    Document: [class Document extends Document],
    HTMLDocument: [class HTMLDocument extends HTMLDocument],
    XMLDocument: [class XMLDocument extends XMLDocument],
    DocumentFragment: [class DocumentFragment extends DocumentFragment],
    Text: [class Text extends Text],
    Comment: [class Comment extends Comment],
    Image: [class Image extends Image],
    Audio: [class Audio extends Audio],
    MutationObserver: [class MutationObserver extends MutationObserver],
    MessagePort: [class MessagePort extends MessagePort],
    CSSStyleSheet: [class CSSStyleSheet extends CSSStyleSheet],
    DOMException: [class DOMException extends DOMException],
    Headers: [class Headers extends Headers],
    Request: [class Request extends Request],
    Response: [class Response extends Response] {
      [Symbol(window)]: [Circular *5]
    },
    EventTarget: [class EventTarget extends EventTarget],
    XMLHttpRequestUpload: [class XMLHttpRequestUpload extends XMLHttpRequestUpload],
    XMLHttpRequestEventTarget: [class XMLHttpRequestEventTarget extends XMLHttpRequestEventTarget],
    AbortController: [class AbortController extends AbortController],
    AbortSignal: [class AbortSignal extends AbortSignal] {
      [Symbol(window)]: [Circular *5]
    },
    FormData: [class FormData extends FormData],
    PermissionStatus: [class PermissionStatus extends PermissionStatus],
    XMLHttpRequest: [class XMLHttpRequest extends XMLHttpRequest],
    DOMParser: [class DOMParser extends DOMParser],
    Range: [class Range extends Range],
    VTTCue: [class VTTCue extends VTTCue],
    TextTrack: [class TextTrack extends TextTrack],
    TextTrackList: [class TextTrackList extends TextTrackList],
    TextTrackCue: [class TextTrackCue extends TextTrackCue],
    RemotePlayback: [class RemotePlayback extends RemotePlayback],
    FileReader: [class FileReader extends FileReader],
    MediaStream: [class MediaStream extends MediaStream],
    MediaStreamTrack: [class MediaStreamTrack extends MediaStreamTrack],
    CanvasCaptureMediaStreamTrack: [class CanvasCaptureMediaStreamTrack extends CanvasCaptureMediaStreamTrack],
    URL: [class URL extends URL],
    WebSocket: [class WebSocket extends WebSocket],
    ImageData: [class ImageData extends ImageData],
    OffscreenCanvas: [class OffscreenCanvas extends OffscreenCanvas],
    DOMMatrixReadOnly: [class DOMMatrixReadOnly extends DOMMatrixReadOnly],
    DOMMatrix: [class DOMMatrix extends DOMMatrix],
    DOMPointReadOnly: [class DOMPointReadOnly extends DOMPointReadOnly],
    DOMPoint: [class DOMPoint extends DOMPoint],
    Animation: [class Animation extends Animation],
    KeyframeEffect: [class KeyframeEffect extends KeyframeEffect],
    happyDOM: DetachedWindowAPI {},
    Array: [Function: Array],
    ArrayBuffer: [Function: ArrayBuffer],
    Boolean: [Function: Boolean],
    DataView: [Function: DataView],
    Date: [Function: Date],
    Error: [Function: Error] {
      stackTraceLimit: 10,
      prepareStackTrace: [Function: prepareStackTrace]
    },
    EvalError: [Function: EvalError],
    Float32Array: [Function: Float32Array],
    Float64Array: [Function: Float64Array],
    Function: [Function: Function],
    Infinity: Infinity,
    Int16Array: [Function: Int16Array],
    Int32Array: [Function: Int32Array],
    Int8Array: [Function: Int8Array],
    Intl: Object [Intl] {},
    JSON: Object [JSON] {},
    Map: [Function: Map],
    Math: Object [Math] {},
    NaN: NaN,
    Number: [Function: Number],
    Object: [Function: Object],
    Promise: [Function: Promise],
    RangeError: [Function: RangeError],
    ReferenceError: [Function: ReferenceError],
    RegExp: [Function: RegExp],
    Set: [Function: Set],
    String: [Function: String],
    Symbol: [Function: Symbol] {
      dispose: Symbol(nodejs.dispose),
      asyncDispose: Symbol(nodejs.asyncDispose)
    },
    SyntaxError: [Function: SyntaxError],
    TypeError: [Function: TypeError],
    URIError: [Function: URIError],
    Uint16Array: [Function: Uint16Array],
    Uint32Array: [Function: Uint32Array],
    Uint8Array: [Function: Uint8Array],
    Uint8ClampedArray: [Function: Uint8ClampedArray],
    WeakMap: [Function: WeakMap],
    WeakSet: [Function: WeakSet],
    decodeURI: [Function: decodeURI],
    decodeURIComponent: [Function: decodeURIComponent],
    encodeURI: [Function: encodeURI],
    encodeURIComponent: [Function: encodeURIComponent],
    eval: [Function: eval],
    escape: [Function: escape],
    global: <ref *6> Object [global] {
      global: [Circular *6],
      queueMicrotask: [Function: queueMicrotask],
      clearImmediate: [Function: clearImmediate],
      setImmediate: [Function],
      structuredClone: [Function: structuredClone],
      clearInterval: [Function: clearInterval],
      clearTimeout: [Function: clearTimeout],
      setInterval: [Function: setInterval],
      setTimeout: [Function],
      atob: [Function: atob],
      btoa: [Function: btoa],
      performance: [Performance [EventTarget]],
      fetch: [Getter/Setter],
      suite: [Function],
      test: [Function],
      describe: [Function],
      it: [Function],
      chai: [Object: null prototype] [Module],
      expect: [Function],
      assert: [Function],
      expectTypeOf: [Function: expectTypeOf],
      assertType: [Function: assertType],
      vitest: [Object],
      vi: [Object],
      beforeAll: [Function: beforeAll],
      afterAll: [Function: afterAll],
      beforeEach: [Function: beforeEach],
      afterEach: [Function: afterEach],
      onTestFinished: [Function (anonymous)],
      onTestFailed: [Function (anonymous)],
      __vitest_required__: [Object],
      __vitest_environment__: 'happy-dom',
      window: [Circular *6],
      self: [Circular *6],
      top: [Circular *6],
      parent: [Circular *6],
      IS_REACT_ACT_ENVIRONMENT: true,
      [Symbol(vitest:SAFE_TIMERS)]: [Object]
    },
    isFinite: [Function: isFinite],
    isNaN: [Function: isNaN],
    parseFloat: [Function: parseFloat],
    parseInt: [Function: parseInt],
    undefined: undefined,
    unescape: [Function: unescape],
    [Symbol(listeners)]: { bubbling: [Map], capturing: Map(0) {} },
    [Symbol(listenerOptions)]: { bubbling: [Map], capturing: Map(0) {} },
    [Symbol(mutationObservers)]: [],
    [Symbol(readyStateManager)]: DocumentReadyStateManager {},
    [Symbol(location)]: Location { [Symbol(Symbol.toStringTag)]: 'Location' },
    [Symbol(history)]: History {},
    [Symbol(navigator)]: Navigator {},
    [Symbol(screen)]: Screen [EventTarget] {
      width: 1024,
      height: 768,
      availWidth: 1024,
      availHeight: 768,
      colorDepth: 24,
      pixelDepth: 24,
      onchange: null,
      [Symbol(listeners)]: [Object],
      [Symbol(listenerOptions)]: [Object]
    },
    [Symbol(sessionStorage)]: Storage { [Symbol(data)]: {} },
    [Symbol(localStorage)]: Storage { [Symbol(data)]: {} },
    [Symbol(cookieStore)]: CookieStore [EventTarget] {
      [Symbol(listeners)]: [Object],
      [Symbol(listenerOptions)]: [Object]
    },
    [Symbol(self)]: [Circular *5],
    [Symbol(top)]: [Circular *5],
    [Symbol(parent)]: [Circular *5],
    [Symbol(window)]: [Circular *5],
    [Symbol(frames)]: [Circular *5],
    [Symbol(internalId)]: 0,
    [Symbol(customElementReactionStack)]: CustomElementReactionStack { window: [Circular *5] },
    [Symbol(modules)]: { json: Map(0) {}, css: Map(0) {}, esm: Map(0) {} },
    [Symbol(moduleImportMap)]: null,
    [Symbol(openWebSockets)]: [],
    [Symbol(propertyEventListeners)]: Map(0) {},
    [Symbol(querySelectorCache)]: Map(1) { '[data-testid]' => [Array] }
  },
  [Symbol(classList)]: null,
  [Symbol(isValue)]: null,
  [Symbol(nodeType)]: 1,
  [Symbol(prefix)]: null,
  [Symbol(shadowRoot)]: null,
  [Symbol(scrollHeight)]: 0,
  [Symbol(scrollWidth)]: 0,
  [Symbol(scrollTop)]: 0,
  [Symbol(scrollLeft)]: 0,
  [Symbol(attributes)]: NamedNodeMap {
    [Symbol(itemsByNamespaceURI)]: Map(8) {
      ':data-testid' => [Attr],
      ':alt' => [Attr],
      ':width' => [Attr],
      ':height' => [Attr],
      ':decoding' => [Attr],
      ':data-nimg' => [Attr],
      ':style' => [Attr],
      ':src' => [Attr]
    },
    [Symbol(itemsByName)]: Map(8) {
      'data-testid' => [Array],
      'alt' => [Array],
      'width' => [Array],
      'height' => [Array],
      'decoding' => [Array],
      'data-nimg' => [Array],
      'style' => [Array],
      'src' => [Array]
    },
    [Symbol(items)]: Map(8) {
      ':data-testid' => [Attr],
      ':alt' => [Attr],
      ':width' => [Attr],
      ':height' => [Attr],
      ':decoding' => [Attr],
      ':data-nimg' => [Attr],
      ':style' => [Attr],
      ':src' => [Attr]
    },
    [Symbol(ownerElement)]: [Circular *1]
  },
  [Symbol(attributesProxy)]: null,
  [Symbol(children)]: null,
  [Symbol(computedStyle)]: null,
  [Symbol(pointerCaptures)]: Set(0) {},
  [Symbol(propertyEventListeners)]: Map(0) {},
  [Symbol(animations)]: [],
  [Symbol(tagName)]: 'IMG',
  [Symbol(localName)]: 'img',
  [Symbol(namespaceURI)]: 'http://www.w3.org/1999/xhtml',
  [Symbol(accessKey)]: '',
  [Symbol(offsetHeight)]: 0,
  [Symbol(offsetWidth)]: 0,
  [Symbol(offsetLeft)]: 0,
  [Symbol(offsetTop)]: 0,
  [Symbol(clientHeight)]: 0,
  [Symbol(clientWidth)]: 0,
  [Symbol(clientLeft)]: 0,
  [Symbol(clientTop)]: 0,
  [Symbol(style)]: CSSStyleDeclaration {
    parentRule: null,
    [Symbol(window)]: <ref *5> GlobalWindow [EventTarget] {
      Node: [Function],
      Attr: [class Attr extends Node],
      ShadowRoot: [class ShadowRoot extends DocumentFragment],
      ProcessingInstruction: [class ProcessingInstruction extends CharacterData],
      Element: [Function],
      CharacterData: [class CharacterData extends Node],
      DocumentType: [class DocumentType extends Node],
      AnimationTimeline: [class AnimationTimeline],
      DocumentTimeline: [class DocumentTimeline extends AnimationTimeline],
      HTMLAnchorElement: [class HTMLAnchorElement extends HTMLElement],
      HTMLButtonElement: [class HTMLButtonElement extends HTMLElement],
      HTMLOptGroupElement: [class HTMLOptGroupElement extends HTMLElement],
      HTMLOptionElement: [class HTMLOptionElement extends HTMLElement],
      HTMLElement: [Function],
      HTMLUnknownElement: [class HTMLUnknownElement extends HTMLElement],
      HTMLTemplateElement: [class HTMLTemplateElement extends HTMLElement],
      HTMLInputElement: [class HTMLInputElement extends HTMLElement],
      HTMLSelectElement: [class HTMLSelectElement extends HTMLElement],
      HTMLTextAreaElement: [class HTMLTextAreaElement extends HTMLElement],
      HTMLImageElement: [class HTMLImageElement extends HTMLElement],
      HTMLStyleElement: [class HTMLStyleElement extends HTMLElement],
      HTMLLabelElement: [class HTMLLabelElement extends HTMLElement],
      HTMLSlotElement: [class HTMLSlotElement extends HTMLElement],
      HTMLMetaElement: [class HTMLMetaElement extends HTMLElement],
      HTMLMediaElement: [class HTMLMediaElement extends HTMLElement],
      HTMLAudioElement: [class HTMLAudioElement extends HTMLMediaElement],
      HTMLVideoElement: [class HTMLVideoElement extends HTMLMediaElement],
      HTMLBaseElement: [class HTMLBaseElement extends HTMLElement],
      HTMLDialogElement: [class HTMLDialogElement extends HTMLElement],
      HTMLScriptElement: [class HTMLScriptElement extends HTMLElement],
      HTMLLinkElement: [class HTMLLinkElement extends HTMLElement],
      HTMLIFrameElement: [class HTMLIFrameElement extends HTMLElement],
      HTMLFormElement: [class HTMLFormElement extends HTMLElement],
      HTMLUListElement: [class HTMLUListElement extends HTMLElement],
      HTMLTrackElement: [class HTMLTrackElement extends HTMLElement],
      HTMLTableRowElement: [class HTMLTableRowElement extends HTMLElement],
      HTMLTitleElement: [class HTMLTitleElement extends HTMLElement],
      HTMLTimeElement: [class HTMLTimeElement extends HTMLElement],
      HTMLTableSectionElement: [class HTMLTableSectionElement extends HTMLElement],
      HTMLTableCellElement: [class HTMLTableCellElement extends HTMLElement],
      HTMLTableElement: [class HTMLTableElement extends HTMLElement],
      HTMLSpanElement: [class HTMLSpanElement extends HTMLElement],
      HTMLSourceElement: [class HTMLSourceElement extends HTMLElement],
      HTMLQuoteElement: [class HTMLQuoteElement extends HTMLElement],
      HTMLProgressElement: [class HTMLProgressElement extends HTMLElement],
      HTMLPreElement: [class HTMLPreElement extends HTMLElement],
      HTMLPictureElement: [class HTMLPictureElement extends HTMLElement],
      HTMLParamElement: [class HTMLParamElement extends HTMLElement],
      HTMLParagraphElement: [class HTMLParagraphElement extends HTMLElement],
      HTMLOutputElement: [class HTMLOutputElement extends HTMLElement],
      HTMLOListElement: [class HTMLOListElement extends HTMLElement],
      HTMLObjectElement: [class HTMLObjectElement extends HTMLElement],
      HTMLMeterElement: [class HTMLMeterElement extends HTMLElement],
      HTMLMenuElement: [class HTMLMenuElement extends HTMLElement],
      HTMLMapElement: [class HTMLMapElement extends HTMLElement],
      HTMLLIElement: [class HTMLLIElement extends HTMLElement],
      HTMLLegendElement: [class HTMLLegendElement extends HTMLElement],
      HTMLModElement: [class HTMLModElement extends HTMLElement],
      HTMLHtmlElement: [class HTMLHtmlElement extends HTMLElement],
      HTMLHRElement: [class HTMLHRElement extends HTMLElement],
      HTMLHeadElement: [class HTMLHeadElement extends HTMLElement],
      HTMLHeadingElement: [class HTMLHeadingElement extends HTMLElement],
      HTMLFieldSetElement: [class HTMLFieldSetElement extends HTMLElement],
      HTMLEmbedElement: [class HTMLEmbedElement extends HTMLElement],
      HTMLDListElement: [class HTMLDListElement extends HTMLElement],
      HTMLDivElement: [class HTMLDivElement extends HTMLElement],
      HTMLDetailsElement: [class HTMLDetailsElement extends HTMLElement],
      HTMLDataListElement: [class HTMLDataListElement extends HTMLElement],
      HTMLDataElement: [class HTMLDataElement extends HTMLElement],
      HTMLTableColElement: [class HTMLTableColElement extends HTMLElement],
      HTMLTableCaptionElement: [class HTMLTableCaptionElement extends HTMLElement],
      HTMLCanvasElement: [class HTMLCanvasElement extends HTMLElement],
      HTMLBRElement: [class HTMLBRElement extends HTMLElement],
      HTMLBodyElement: [class HTMLBodyElement extends HTMLElement],
      HTMLAreaElement: [class HTMLAreaElement extends HTMLElement],
      SVGSVGElement: [class SVGSVGElement extends SVGGraphicsElement],
      SVGAnimateElement: [class SVGAnimateElement extends SVGAnimationElement],
      SVGAnimateMotionElement: [class SVGAnimateMotionElement extends SVGAnimationElement],
      SVGAnimateTransformElement: [class SVGAnimateTransformElement extends SVGAnimationElement],
      SVGCircleElement: [class SVGCircleElement extends SVGGeometryElement],
      SVGClipPathElement: [class SVGClipPathElement extends SVGElement],
      SVGDefsElement: [class SVGDefsElement extends SVGGraphicsElement],
      SVGDescElement: [class SVGDescElement extends SVGElement],
      SVGEllipseElement: [class SVGEllipseElement extends SVGGeometryElement],
      SVGFEBlendElement: [Function],
      SVGFEColorMatrixElement: [Function],
      SVGFEComponentTransferElement: [class SVGFEComponentTransferElement extends SVGElement],
      SVGFECompositeElement: [Function],
      SVGFEConvolveMatrixElement: [Function],
      SVGFEDiffuseLightingElement: [class SVGFEDiffuseLightingElement extends SVGElement],
      SVGFEDisplacementMapElement: [Function],
      SVGFEDistantLightElement: [class SVGFEDistantLightElement extends SVGElement],
      SVGFEDropShadowElement: [class SVGFEDropShadowElement extends SVGElement],
      SVGFEFloodElement: [class SVGFEFloodElement extends SVGElement],
      SVGFEFuncAElement: [class SVGFEFuncAElement extends SVGComponentTransferFunctionElement],
      SVGFEFuncBElement: [class SVGFEFuncBElement extends SVGComponentTransferFunctionElement],
      SVGFEFuncGElement: [class SVGFEFuncGElement extends SVGComponentTransferFunctionElement],
      SVGFEFuncRElement: [class SVGFEFuncRElement extends SVGComponentTransferFunctionElement],
      SVGFEGaussianBlurElement: [Function],
      SVGFEImageElement: [class SVGFEImageElement extends SVGElement],
      SVGFEMergeElement: [class SVGFEMergeElement extends SVGElement],
      SVGFEMergeNodeElement: [class SVGFEMergeNodeElement extends SVGElement],
      SVGFEMorphologyElement: [Function],
      SVGFEOffsetElement: [class SVGFEOffsetElement extends SVGElement],
      SVGFEPointLightElement: [class SVGFEPointLightElement extends SVGElement],
      SVGFESpecularLightingElement: [class SVGFESpecularLightingElement extends SVGElement],
      SVGFESpotLightElement: [class SVGFESpotLightElement extends SVGElement],
      SVGFETileElement: [class SVGFETileElement extends SVGElement],
      SVGFETurbulenceElement: [Function],
      SVGFilterElement: [class SVGFilterElement extends SVGElement],
      SVGForeignObjectElement: [class SVGForeignObjectElement extends SVGGraphicsElement],
      SVGGElement: [class SVGGElement extends SVGGraphicsElement],
      SVGImageElement: [class SVGImageElement extends SVGGraphicsElement],
      SVGLineElement: [class SVGLineElement extends SVGGeometryElement],
      SVGLinearGradientElement: [class SVGLinearGradientElement extends SVGGradientElement],
      SVGMarkerElement: [Function],
      SVGMaskElement: [class SVGMaskElement extends SVGElement],
      SVGMetadataElement: [class SVGMetadataElement extends SVGElement],
      SVGMPathElement: [class SVGMPathElement extends SVGElement],
      SVGPathElement: [class SVGPathElement extends SVGGeometryElement],
      SVGPatternElement: [class SVGPatternElement extends SVGElement],
      SVGPolygonElement: [class SVGPolygonElement extends SVGGeometryElement],
      SVGPolylineElement: [class SVGPolylineElement extends SVGGeometryElement],
      SVGRadialGradientElement: [class SVGRadialGradientElement extends SVGGradientElement],
      SVGRectElement: [class SVGRectElement extends SVGGeometryElement],
      SVGScriptElement: [class SVGScriptElement extends SVGGraphicsElement],
      SVGSetElement: [class SVGSetElement extends SVGAnimationElement],
      SVGStopElement: [class SVGStopElement extends SVGElement],
      SVGStyleElement: [class SVGStyleElement extends SVGElement],
      SVGSwitchElement: [class SVGSwitchElement extends SVGGraphicsElement],
      SVGSymbolElement: [class SVGSymbolElement extends SVGGraphicsElement],
      SVGTextElement: [class SVGTextElement extends SVGTextPositioningElement],
      SVGTextPathElement: [Function],
      SVGTitleElement: [class SVGTitleElement extends SVGElement],
      SVGTSpanElement: [class SVGTSpanElement extends SVGTextPositioningElement],
      SVGUseElement: [class SVGUseElement extends SVGGraphicsElement],
      SVGViewElement: [class SVGViewElement extends SVGElement],
      SVGElement: [class SVGElement extends Element],
      SVGAnimationElement: [class SVGAnimationElement extends SVGElement],
      SVGComponentTransferFunctionElement: [Function],
      SVGGeometryElement: [class SVGGeometryElement extends SVGGraphicsElement],
      SVGGradientElement: [Function],
      SVGTextPositioningElement: [class SVGTextPositioningElement extends SVGTextContentElement],
      SVGGraphicsElement: [class SVGGraphicsElement extends SVGElement],
      Event: [Function],
      UIEvent: [Function],
      CustomEvent: [class CustomEvent extends Event],
      CloseEvent: [class CloseEvent extends Event],
      AnimationEvent: [class AnimationEvent extends Event],
      KeyboardEvent: [Function],
      MessageEvent: [class MessageEvent extends Event],
      MouseEvent: [class MouseEvent extends UIEvent],
      PointerEvent: [class PointerEvent extends MouseEvent],
      FocusEvent: [class FocusEvent extends UIEvent],
      WheelEvent: [Function],
      InputEvent: [class InputEvent extends UIEvent],
      ErrorEvent: [class ErrorEvent extends UIEvent],
      StorageEvent: [class StorageEvent extends Event],
      SubmitEvent: [class SubmitEvent extends Event],
      ProgressEvent: [class ProgressEvent extends Event],
      MediaQueryListEvent: [class MediaQueryListEvent extends Event],
      HashChangeEvent: [class HashChangeEvent extends Event],
      ClipboardEvent: [class ClipboardEvent extends Event],
      CookieChangeEvent: [class CookieChangeEvent extends Event],
      TouchEvent: [class TouchEvent extends UIEvent],
      PopStateEvent: [class PopStateEvent extends Event],
      Touch: [class Touch],
      AudioProcessingEvent: [Function],
      BeforeInputEvent: [Function],
      BeforeUnloadEvent: [Function],
      BlobEvent: [Function],
      CompositionEvent: [Function],
      CSSFontFaceLoadEvent: [Function],
      DeviceLightEvent: [Function],
      DeviceMotionEvent: [Function],
      DeviceOrientationEvent: [Function],
      DeviceProximityEvent: [Function],
      DOMTransactionEvent: [Function],
      DragEvent: [Function],
      EditingBeforeInputEvent: [Function],
      FetchEvent: [Function],
      GamepadEvent: [Function],
      IDBVersionChangeEvent: [Function],
      MediaStreamEvent: [Function],
      MutationEvent: [Function],
      OfflineAudioCompletionEvent: [Function],
      OverconstrainedError: [Function],
      PageTransitionEvent: [Function],
      PaymentRequestUpdateEvent: [Function],
      RelatedEvent: [Function],
      RTCDataChannelEvent: [Function],
      RTCIdentityErrorEvent: [Function],
      RTCIdentityEvent: [Function],
      RTCPeerConnectionIceEvent: [Function],
      SensorEvent: [Function],
      SVGEvent: [Function],
      SVGZoomEvent: [Function],
      TimeEvent: [Function],
      TrackEvent: [Function],
      TransitionEvent: [Function],
      UserProximityEvent: [Function],
      WebGLContextEvent: [Function],
      TextEvent: [Function],
      Permissions: [class Permissions],
      History: [class History],
      Navigator: [class Navigator],
      Clipboard: [class Clipboard],
      TimeRanges: [class TimeRanges],
      TextTrackCueList: [class TextTrackCueList extends Array],
      ValidityState: [class ValidityState],
      MutationRecord: [class MutationRecord],
      IntersectionObserver: [class IntersectionObserver],
      IntersectionObserverEntry: [class IntersectionObserverEntry],
      CSSStyleDeclaration: [class CSSStyleDeclaration],
      CSSRule: [Function],
      CSSContainerRule: [class CSSContainerRule extends CSSConditionRule],
      CSSFontFaceRule: [class CSSFontFaceRule extends CSSRule],
      CSSKeyframeRule: [class CSSKeyframeRule extends CSSRule],
      CSSKeyframesRule: [class CSSKeyframesRule extends CSSRule],
      CSSMediaRule: [class CSSMediaRule extends CSSConditionRule],
      CSSStyleRule: [class CSSStyleRule extends CSSGroupingRule],
      CSSSupportsRule: [class CSSSupportsRule extends CSSConditionRule],
      CSSConditionRule: [class CSSConditionRule extends CSSGroupingRule],
      CSSGroupingRule: [class CSSGroupingRule extends CSSRule],
      CSSScopeRule: [class CSSScopeRule extends CSSGroupingRule],
      DOMRect: [class DOMRect extends DOMRectReadOnly],
      DOMRectReadOnly: [class DOMRectReadOnly],
      Plugin: [class Plugin],
      PluginArray: [class PluginArray],
      Location: [class Location],
      CustomElementRegistry: [class CustomElementRegistry],
      ResizeObserver: [class ResizeObserver],
      Blob: [class Blob],
      File: [class File extends Blob],
      Storage: [class Storage],
      CookieStore: [class CookieStore extends EventTarget],
      MimeType: [class MimeType],
      MimeTypeArray: [class MimeTypeArray],
      NodeFilter: [Object],
      ImageBitmap: [class ImageBitmap],
      HTMLCollection: [class HTMLCollection],
      HTMLFormControlCollection: [class HTMLFormControlsCollection extends HTMLCollection],
      HTMLOptionsCollection: [class HTMLOptionsCollection extends HTMLCollection],
      NodeList: [class NodeList],
      RadioNodeList: [class RadioNodeList extends NodeList],
      FileList: [class FileList extends Array],
      Screen: [class Screen extends EventTarget],
      ScreenDetails: [class ScreenDetails extends EventTarget],
      ScreenDetailed: [class ScreenDetailed extends Screen],
      NamedNodeMap: [class NamedNodeMap],
      TreeWalker: [class TreeWalker],
      NodeIterator: [class NodeIterator],
      DataTransfer: [class DataTransfer],
      DataTransferItem: [class DataTransferItem],
      DataTransferItemList: [class DataTransferItemList extends Array],
      XMLSerializer: [class XMLSerializer],
      ClipboardItem: [class ClipboardItem],
      Selection: [class Selection],
      CSSUnitValue: [class CSSUnitValue],
      SVGAngle: [Function],
      SVGAnimatedAngle: [class SVGAnimatedAngle],
      SVGAnimatedBoolean: [class SVGAnimatedBoolean],
      SVGAnimatedEnumeration: [class SVGAnimatedEnumeration],
      SVGAnimatedInteger: [class SVGAnimatedInteger],
      SVGAnimatedLength: [class SVGAnimatedLength],
      SVGAnimatedNumber: [class SVGAnimatedNumber],
      SVGAnimatedNumberList: [class SVGAnimatedNumberList],
      SVGAnimatedPreserveAspectRatio: [class SVGAnimatedPreserveAspectRatio],
      SVGAnimatedRect: [class SVGAnimatedRect],
      SVGAnimatedString: [class SVGAnimatedString],
      SVGAnimatedTransformList: [class SVGAnimatedTransformList],
      SVGLength: [Function],
      SVGLengthList: [class SVGLengthList],
      SVGMatrix: [class SVGMatrix],
      SVGNumber: [class SVGNumber],
      SVGNumberList: [class SVGNumberList],
      SVGPoint: [class SVGPoint],
      SVGPointList: [class SVGPointList],
      SVGPreserveAspectRatio: [Function],
      SVGRect: [class SVGRect],
      SVGStringList: [class SVGStringList],
      SVGTransform: [Function],
      SVGTransformList: [class SVGTransformList],
      SVGAnimatedLengthList: [class SVGAnimatedLengthList],
      SVGUnitTypes: [Function],
      StylePropertyMap: [class StylePropertyMap extends StylePropertyMapReadOnly],
      StylePropertyMapReadOnly: [class StylePropertyMapReadOnly],
      MediaList: [class MediaList],
      CSSKeywordValue: [class CSSKeywordValue],
      CSSStyleValue: [class CSSStyleValue],
      Window: [class GlobalWindow extends Window],
      URLSearchParams: [class URLSearchParams],
      WritableStream: [Function],
      ReadableStream: [class ReadableStream],
      TransformStream: [Function: Transform],
      PerformanceObserver: [class PerformanceObserver],
      PerformanceEntry: [class PerformanceEntry],
      PerformanceObserverEntryList: [class PerformanceObserverEntryList],
      document: [HTMLDocument],
      customElements: [CustomElementRegistry],
      window: [Circular *5],
      globalThis: [Circular *5],
      performance: [Performance [EventTarget]],
      screenLeft: 0,
      screenTop: 0,
      screenX: 0,
      screenY: 0,
      crypto: Crypto {},
      TextEncoder: [class TextEncoder],
      TextDecoder: [class TextDecoder],
      closed: false,
      console: [Console [console]],
      name: '',
      Buffer: [Function],
      Document: [class Document extends Document],
      HTMLDocument: [class HTMLDocument extends HTMLDocument],
      XMLDocument: [class XMLDocument extends XMLDocument],
      DocumentFragment: [class DocumentFragment extends DocumentFragment],
      Text: [class Text extends Text],
      Comment: [class Comment extends Comment],
      Image: [class Image extends Image],
      Audio: [class Audio extends Audio],
      MutationObserver: [class MutationObserver extends MutationObserver],
      MessagePort: [class MessagePort extends MessagePort],
      CSSStyleSheet: [class CSSStyleSheet extends CSSStyleSheet],
      DOMException: [class DOMException extends DOMException],
      Headers: [class Headers extends Headers],
      Request: [class Request extends Request],
      Response: [Function],
      EventTarget: [class EventTarget extends EventTarget],
      XMLHttpRequestUpload: [class XMLHttpRequestUpload extends XMLHttpRequestUpload],
      XMLHttpRequestEventTarget: [class XMLHttpRequestEventTarget extends XMLHttpRequestEventTarget],
      AbortController: [class AbortController extends AbortController],
      AbortSignal: [Function],
      FormData: [class FormData extends FormData],
      PermissionStatus: [class PermissionStatus extends PermissionStatus],
      XMLHttpRequest: [class XMLHttpRequest extends XMLHttpRequest],
      DOMParser: [class DOMParser extends DOMParser],
      Range: [class Range extends Range],
      VTTCue: [class VTTCue extends VTTCue],
      TextTrack: [class TextTrack extends TextTrack],
      TextTrackList: [class TextTrackList extends TextTrackList],
      TextTrackCue: [class TextTrackCue extends TextTrackCue],
      RemotePlayback: [class RemotePlayback extends RemotePlayback],
      FileReader: [class FileReader extends FileReader],
      MediaStream: [class MediaStream extends MediaStream],
      MediaStreamTrack: [class MediaStreamTrack extends MediaStreamTrack],
      CanvasCaptureMediaStreamTrack: [class CanvasCaptureMediaStreamTrack extends CanvasCaptureMediaStreamTrack],
      URL: [class URL extends URL],
      WebSocket: [class WebSocket extends WebSocket],
      ImageData: [class ImageData extends ImageData],
      OffscreenCanvas: [class OffscreenCanvas extends OffscreenCanvas],
      DOMMatrixReadOnly: [class DOMMatrixReadOnly extends DOMMatrixReadOnly],
      DOMMatrix: [class DOMMatrix extends DOMMatrix],
      DOMPointReadOnly: [class DOMPointReadOnly extends DOMPointReadOnly],
      DOMPoint: [class DOMPoint extends DOMPoint],
      Animation: [class Animation extends Animation],
      KeyframeEffect: [class KeyframeEffect extends KeyframeEffect],
      happyDOM: DetachedWindowAPI {},
      Array: [Function: Array],
      ArrayBuffer: [Function: ArrayBuffer],
      Boolean: [Function: Boolean],
      DataView: [Function: DataView],
      Date: [Function: Date],
      Error: [Function],
      EvalError: [Function: EvalError],
      Float32Array: [Function: Float32Array],
      Float64Array: [Function: Float64Array],
      Function: [Function: Function],
      Infinity: Infinity,
      Int16Array: [Function: Int16Array],
      Int32Array: [Function: Int32Array],
      Int8Array: [Function: Int8Array],
      Intl: Object [Intl] {},
      JSON: Object [JSON] {},
      Map: [Function: Map],
      Math: Object [Math] {},
      NaN: NaN,
      Number: [Function: Number],
      Object: [Function: Object],
      Promise: [Function: Promise],
      RangeError: [Function: RangeError],
      ReferenceError: [Function: ReferenceError],
      RegExp: [Function: RegExp],
      Set: [Function: Set],
      String: [Function: String],
      Symbol: [Function],
      SyntaxError: [Function: SyntaxError],
      TypeError: [Function: TypeError],
      URIError: [Function: URIError],
      Uint16Array: [Function: Uint16Array],
      Uint32Array: [Function: Uint32Array],
      Uint8Array: [Function: Uint8Array],
      Uint8ClampedArray: [Function: Uint8ClampedArray],
      WeakMap: [Function: WeakMap],
      WeakSet: [Function: WeakSet],
      decodeURI: [Function: decodeURI],
      decodeURIComponent: [Function: decodeURIComponent],
      encodeURI: [Function: encodeURI],
      encodeURIComponent: [Function: encodeURIComponent],
      eval: [Function: eval],
      escape: [Function: escape],
      global: [Object [global]],
      isFinite: [Function: isFinite],
      isNaN: [Function: isNaN],
      parseFloat: [Function: parseFloat],
      parseInt: [Function: parseInt],
      undefined: undefined,
      unescape: [Function: unescape],
      [Symbol(listeners)]: [Object],
      [Symbol(listenerOptions)]: [Object],
      [Symbol(mutationObservers)]: [],
      [Symbol(readyStateManager)]: DocumentReadyStateManager {},
      [Symbol(location)]: [Location],
      [Symbol(history)]: History {},
      [Symbol(navigator)]: Navigator {},
      [Symbol(screen)]: [Screen [EventTarget]],
      [Symbol(sessionStorage)]: [Storage],
      [Symbol(localStorage)]: [Storage],
      [Symbol(cookieStore)]: [CookieStore [EventTarget]],
      [Symbol(self)]: [Circular *5],
      [Symbol(top)]: [Circular *5],
      [Symbol(parent)]: [Circular *5],
      [Symbol(window)]: [Circular *5],
      [Symbol(frames)]: [Circular *5],
      [Symbol(internalId)]: 0,
      [Symbol(customElementReactionStack)]: [CustomElementReactionStack],
      [Symbol(modules)]: [Object],
      [Symbol(moduleImportMap)]: null,
      [Symbol(openWebSockets)]: [],
      [Symbol(propertyEventListeners)]: Map(0) {},
      [Symbol(querySelectorCache)]: [Map]
    },
    [Symbol(element)]: [Circular *1],
    [Symbol(computed)]: false,
    [Symbol(cache)]: {
      attributeValue: 'color: transparent;',
      propertyManager: [CSSPropertyManager]
    }
  },
  [Symbol(dataset)]: null,
  [Symbol(customElementDefineCallback)]: null,
  [Symbol(complete)]: true,
  [Symbol(naturalHeight)]: 0,
  [Symbol(naturalWidth)]: 0,
  [Symbol(loading)]: 'auto',
  [Symbol(x)]: 0,
  [Symbol(y)]: 0,
  [Symbol(buffer)]: null
}

 ✓ __tests__/MetadataParser.test.tsx (8 tests) 550ms
 ✓ __tests__/hooks/jar/useJarPermissions.test.tsx (5 tests) 70ms
 ✓ __tests__/hooks/jar/useJarVersion.test.tsx (12 tests) 625ms
 ✓ __tests__/hooks/jar/createV2CreateArgs.test.ts (26 tests) 24ms
stderr | __tests__/lib/nft/TraitFilterSystem.test.ts > TraitFilterSystem > URL serialization > should handle invalid URL params gracefully
Error parsing URL params: SyntaxError: Unexpected token i in JSON at position 0
    at JSON.parse (<anonymous>)
    at TraitFilterSystem.filtersFromURLParams (/Users/afo/Code/greenpill/cookie-jar/client/lib/nft/advanced/TraitFilterSystem.ts:591:27)
    at /Users/afo/Code/greenpill/cookie-jar/client/__tests__/lib/nft/TraitFilterSystem.test.ts:571:33
    at file:///Users/afo/Code/greenpill/cookie-jar/node_modules/.bun/@vitest+runner@3.2.7/node_modules/@vitest/runner/dist/chunk-hooks.js:155:11
    at file:///Users/afo/Code/greenpill/cookie-jar/node_modules/.bun/@vitest+runner@3.2.7/node_modules/@vitest/runner/dist/chunk-hooks.js:752:26
    at file:///Users/afo/Code/greenpill/cookie-jar/node_modules/.bun/@vitest+runner@3.2.7/node_modules/@vitest/runner/dist/chunk-hooks.js:1897:20
    at new Promise (<anonymous>)
    at runWithTimeout (file:///Users/afo/Code/greenpill/cookie-jar/node_modules/.bun/@vitest+runner@3.2.7/node_modules/@vitest/runner/dist/chunk-hooks.js:1863:10)
    at runTest (file:///Users/afo/Code/greenpill/cookie-jar/node_modules/.bun/@vitest+runner@3.2.7/node_modules/@vitest/runner/dist/chunk-hooks.js:1574:12)
    at processTicksAndRejections (node:internal/process/task_queues:95:5)

 ✓ __tests__/FormValidation.test.ts (18 tests) 15ms
 ✓ __tests__/lib/nft/TraitFilterSystem.test.ts (32 tests) 95ms
 ✓ __tests__/MetadataDisplay.test.tsx (7 tests) 55ms
 ✓ __tests__/CreateFormIntegration.test.tsx (7 tests) 1760ms
   ✓ Create Form Integration > validates complete form correctly  630ms
   ✓ Create Form Integration > creates correct JSON metadata  383ms
 ✓ __tests__/hooks/usePoapEvents.test.ts (18 tests) 28ms
 ✓ __tests__/hooks/useUserNfts.test.ts (16 tests) 11ms
 ✓ __tests__/utils/ProtocolValidation.test.ts (18 tests) 33ms
 ✓ __tests__/config/featured-jar.test.ts (4 tests) 7ms
 ✓ __tests__/lib/get-logs-chunked.test.ts (4 tests) 7ms
 ✓ __tests__/lib/deposit-args.test.ts (5 tests) 5ms
 ✓ __tests__/lib/access-types.test.ts (3 tests) 4ms
 ✓ __tests__/TokenInfoHook.test.ts (7 tests) 6ms
 ✓ __tests__/hooks/nft/useNFTBalanceProof.test.tsx (9 tests) 11ms
 ✓ __tests__/lib/pick-featured-jar.test.ts (5 tests) 5ms
 ↓ __tests__/hooks/useJarCreation.test.ts (13 tests | 13 skipped)
 ✓ __tests__/ToastIntegration.test.ts (11 tests) 19ms
 ↓ __tests__/hooks/useNftValidation.test.ts (14 tests | 14 skipped)
 ↓ __tests__/hooks/useUnlockLocks.test.ts (18 tests | 18 skipped)
 ↓ __tests__/integration/unlock-sdk-integration.test.ts (6 tests | 4 skipped)
 ↓ __tests__/hooks/blockchain/useSuperfluidSubgraph.test.tsx (11 tests | 11 skipped)
 ✓ __tests__/hooks/jar/useJar.test.tsx (3 tests) 5ms

 Test Files  24 passed | 5 skipped (29)
      Tests  256 passed | 65 skipped (323)
   Start at  13:10:33
   Duration  8.77s (transform 2.64s, setup 7.42s, collect 10.95s, tests 4.20s, environment 24.22s, prepare 7.35s)

