WCAG checks with Playwright and axe	Run accessibility tests	﻿2026-09-05T22:48:02.8576447Z ##[group]Run bunx playwright test --grep accessibility --reporter=github
WCAG checks with Playwright and axe	Run accessibility tests	2026-09-05T22:48:02.8576848Z ^[[36;1mbunx playwright test --grep accessibility --reporter=github^[[0m
WCAG checks with Playwright and axe	Run accessibility tests	2026-09-05T22:48:02.8595982Z shell: /usr/bin/bash -e {0}
WCAG checks with Playwright and axe	Run accessibility tests	2026-09-05T22:48:02.8596196Z env:
WCAG checks with Playwright and axe	Run accessibility tests	2026-09-05T22:48:02.8596403Z   ANVIL_DEPLOYER: 0xf39Fd6e51aad88F6F4ce6aB8827279cffFb92266
WCAG checks with Playwright and axe	Run accessibility tests	2026-09-05T22:48:02.8596754Z   ANVIL_DEPLOYER_KEY: 0xac0974bec39a17e36ba4a6b4d238ff944bacb478cbed5efcae784d7bf4f2ff80
WCAG checks with Playwright and axe	Run accessibility tests	2026-09-05T22:48:02.8597060Z   FOUNDRY_PROFILE: dev
WCAG checks with Playwright and axe	Run accessibility tests	2026-09-05T22:48:02.8597229Z ##[endgroup]
WCAG checks with Playwright and axe	Run accessibility tests	2026-09-05T22:48:04.2693110Z 
WCAG checks with Playwright and axe	Run accessibility tests	2026-09-05T22:48:04.2694001Z Running 28 tests using 1 worker
WCAG checks with Playwright and axe	Run accessibility tests	2026-09-05T22:48:04.9701295Z ♿ Testing homepage accessibility...
WCAG checks with Playwright and axe	Run accessibility tests	2026-09-05T22:48:11.3325961Z ⚠️ Critical accessibility violations found: [
WCAG checks with Playwright and axe	Run accessibility tests	2026-09-05T22:48:11.3326276Z   {
WCAG checks with Playwright and axe	Run accessibility tests	2026-09-05T22:48:11.3326433Z     id: 'button-name',
WCAG checks with Playwright and axe	Run accessibility tests	2026-09-05T22:48:11.3326706Z     impact: 'critical',
WCAG checks with Playwright and axe	Run accessibility tests	2026-09-05T22:48:11.3326986Z     description: 'Ensure buttons have discernible text',
WCAG checks with Playwright and axe	Run accessibility tests	2026-09-05T22:48:11.3327480Z     nodes: 1
WCAG checks with Playwright and axe	Run accessibility tests	2026-09-05T22:48:11.3327648Z   }
WCAG checks with Playwright and axe	Run accessibility tests	2026-09-05T22:48:11.3327798Z ]
WCAG checks with Playwright and axe	Run accessibility tests	2026-09-05T22:48:11.3341014Z 📊 Total violations: 4, Critical: 1
WCAG checks with Playwright and axe	Run accessibility tests	2026-09-05T22:48:11.3341371Z ✅ Accessibility scan completed
WCAG checks with Playwright and axe	Run accessibility tests	2026-09-05T22:48:11.4901980Z ·🔗 Testing wallet button accessibility...
WCAG checks with Playwright and axe	Run accessibility tests	2026-09-05T22:48:14.3276575Z ✅ Connect wallet button accessibility verified
WCAG checks with Playwright and axe	Run accessibility tests	2026-09-05T22:48:14.5349378Z ·📝 Testing form accessibility...
WCAG checks with Playwright and axe	Run accessibility tests	2026-09-05T22:48:23.3862272Z 🔍 Checking 5 form inputs for accessibility...
WCAG checks with Playwright and axe	Run accessibility tests	2026-09-05T22:48:23.4305501Z ✅ Form input accessibility verified
WCAG checks with Playwright and axe	Run accessibility tests	2026-09-05T22:48:23.5801594Z ·⌨️ Testing keyboard navigation...
WCAG checks with Playwright and axe	Run accessibility tests	2026-09-05T22:48:26.2975955Z ⌨️ Found 10 focusable elements
WCAG checks with Playwright and axe	Run accessibility tests	2026-09-05T22:48:26.2976679Z ✅ Keyboard navigation testing complete
WCAG checks with Playwright and axe	Run accessibility tests	2026-09-05T22:48:26.4483302Z ·🎨 Testing color contrast...
WCAG checks with Playwright and axe	Run accessibility tests	2026-09-05T22:48:29.7119031Z ✅ No color contrast violations detected
WCAG checks with Playwright and axe	Run accessibility tests	2026-09-05T22:48:29.7120978Z ✅ Color contrast testing complete
WCAG checks with Playwright and axe	Run accessibility tests	2026-09-05T22:48:41.9214138Z ·××F
WCAG checks with Playwright and axe	Run accessibility tests	2026-09-05T22:48:41.9260252Z ##[error]  1) [Desktop Chrome] › e2e/accessibility.spec.ts:5:6 › ♿ Accessibility Testing › Homepage accessibility compliance 
WCAG checks with Playwright and axe	Run accessibility tests	    Error: expect(received).toEqual(expected) // deep equality
WCAG checks with Playwright and axe	Run accessibility tests	
WCAG checks with Playwright and axe	Run accessibility tests	    - Expected  -  1
WCAG checks with Playwright and axe	Run accessibility tests	    + Received  + 95
WCAG checks with Playwright and axe	Run accessibility tests	
WCAG checks with Playwright and axe	Run accessibility tests	    - Array []
WCAG checks with Playwright and axe	Run accessibility tests	    + Array [
WCAG checks with Playwright and axe	Run accessibility tests	    +   Object {
WCAG checks with Playwright and axe	Run accessibility tests	    +     "description": "Ensure buttons have discernible text",
WCAG checks with Playwright and axe	Run accessibility tests	    +     "help": "Buttons must have discernible text",
WCAG checks with Playwright and axe	Run accessibility tests	    +     "helpUrl": "https://dequeuniversity.com/rules/axe/4.13/button-name?application=playwright",
WCAG checks with Playwright and axe	Run accessibility tests	    +     "id": "button-name",
WCAG checks with Playwright and axe	Run accessibility tests	    +     "impact": "critical",
WCAG checks with Playwright and axe	Run accessibility tests	    +     "nodes": Array [
WCAG checks with Playwright and axe	Run accessibility tests	    +       Object {
WCAG checks with Playwright and axe	Run accessibility tests	    +         "all": Array [],
WCAG checks with Playwright and axe	Run accessibility tests	    +         "any": Array [
WCAG checks with Playwright and axe	Run accessibility tests	    +           Object {
WCAG checks with Playwright and axe	Run accessibility tests	    +             "data": null,
WCAG checks with Playwright and axe	Run accessibility tests	    +             "id": "button-has-visible-text",
WCAG checks with Playwright and axe	Run accessibility tests	    +             "impact": "critical",
WCAG checks with Playwright and axe	Run accessibility tests	    +             "message": "Element does not have inner text that is visible to screen readers",
WCAG checks with Playwright and axe	Run accessibility tests	    +             "relatedNodes": Array [],
WCAG checks with Playwright and axe	Run accessibility tests	    +           },
WCAG checks with Playwright and axe	Run accessibility tests	    +           Object {
WCAG checks with Playwright and axe	Run accessibility tests	    +             "data": null,
WCAG checks with Playwright and axe	Run accessibility tests	    +             "id": "aria-label",
WCAG checks with Playwright and axe	Run accessibility tests	    +             "impact": "critical",
WCAG checks with Playwright and axe	Run accessibility tests	    +             "message": "aria-label attribute does not exist or is empty",
WCAG checks with Playwright and axe	Run accessibility tests	    +             "relatedNodes": Array [],
WCAG checks with Playwright and axe	Run accessibility tests	    +           },
WCAG checks with Playwright and axe	Run accessibility tests	    +           Object {
WCAG checks with Playwright and axe	Run accessibility tests	    +             "data": null,
WCAG checks with Playwright and axe	Run accessibility tests	    +             "id": "aria-labelledby",
WCAG checks with Playwright and axe	Run accessibility tests	    +             "impact": "critical",
WCAG checks with Playwright and axe	Run accessibility tests	    +             "message": "aria-labelledby attribute does not exist, references elements that do not exist or references elements that are empty",
WCAG checks with Playwright and axe	Run accessibility tests	    +             "relatedNodes": Array [],
WCAG checks with Playwright and axe	Run accessibility tests	    +           },
WCAG checks with Playwright and axe	Run accessibility tests	    +           Object {
WCAG checks with Playwright and axe	Run accessibility tests	    +             "data": Object {
WCAG checks with Playwright and axe	Run accessibility tests	    +               "messageKey": "noAttr",
WCAG checks with Playwright and axe	Run accessibility tests	    +             },
WCAG checks with Playwright and axe	Run accessibility tests	    +             "id": "non-empty-title",
WCAG checks with Playwright and axe	Run accessibility tests	    +             "impact": "critical",
WCAG checks with Playwright and axe	Run accessibility tests	    +             "message": "Element has no title attribute",
WCAG checks with Playwright and axe	Run accessibility tests	    +             "relatedNodes": Array [],
WCAG checks with Playwright and axe	Run accessibility tests	    +           },
WCAG checks with Playwright and axe	Run accessibility tests	    +           Object {
WCAG checks with Playwright and axe	Run accessibility tests	    +             "data": null,
WCAG checks with Playwright and axe	Run accessibility tests	    +             "id": "implicit-label",
WCAG checks with Playwright and axe	Run accessibility tests	    +             "impact": "critical",
WCAG checks with Playwright and axe	Run accessibility tests	    +             "message": "Element does not have an implicit (wrapped) <label>",
WCAG checks with Playwright and axe	Run accessibility tests	    +             "relatedNodes": Array [],
WCAG checks with Playwright and axe	Run accessibility tests	    +           },
WCAG checks with Playwright and axe	Run accessibility tests	    +           Object {
WCAG checks with Playwright and axe	Run accessibility tests	    +             "data": null,
WCAG checks with Playwright and axe	Run accessibility tests	    +             "id": "explicit-label",
WCAG checks with Playwright and axe	Run accessibility tests	    +             "impact": "critical",
WCAG checks with Playwright and axe	Run accessibility tests	    +             "message": "Element does not have an explicit <label>",
WCAG checks with Playwright and axe	Run accessibility tests	    +             "relatedNodes": Array [],
WCAG checks with Playwright and axe	Run accessibility tests	    +           },
WCAG checks with Playwright and axe	Run accessibility tests	    +           Object {
WCAG checks with Playwright and axe	Run accessibility tests	    +             "data": null,
WCAG checks with Playwright and axe	Run accessibility tests	    +             "id": "presentational-role",
WCAG checks with Playwright and axe	Run accessibility tests	    +             "impact": "critical",
WCAG checks with Playwright and axe	Run accessibility tests	    +             "message": "Element's default semantics were not overridden with role=\"none\" or role=\"presentation\"",
WCAG checks with Playwright and axe	Run accessibility tests	    +             "relatedNodes": Array [],
WCAG checks with Playwright and axe	Run accessibility tests	    +           },
WCAG checks with Playwright and axe	Run accessibility tests	    +         ],
WCAG checks with Playwright and axe	Run accessibility tests	    +         "failureSummary": "Fix any of the following:
WCAG checks with Playwright and axe	Run accessibility tests	    +   Element does not have inner text that is visible to screen readers
WCAG checks with Playwright and axe	Run accessibility tests	    +   aria-label attribute does not exist or is empty
WCAG checks with Playwright and axe	Run accessibility tests	    +   aria-labelledby attribute does not exist, references elements that do not exist or references elements that are empty
WCAG checks with Playwright and axe	Run accessibility tests	    +   Element has no title attribute
WCAG checks with Playwright and axe	Run accessibility tests	    +   Element does not have an implicit (wrapped) <label>
WCAG checks with Playwright and axe	Run accessibility tests	    +   Element does not have an explicit <label>
WCAG checks with Playwright and axe	Run accessibility tests	    +   Element's default semantics were not overridden with role=\"none\" or role=\"presentation\"",
WCAG checks with Playwright and axe	Run accessibility tests	    +         "html": "<button class=\"inline-flex items-ce...\">",
WCAG checks with Playwright and axe	Run accessibility tests	    +         "impact": "critical",
WCAG checks with Playwright and axe	Run accessibility tests	    +         "none": Array [],
WCAG checks with Playwright and axe	Run accessibility tests	    +         "target": Array [
WCAG checks with Playwright and axe	Run accessibility tests	    +           ".\\[\\&_svg\\]\\:pointer-events-none",
WCAG checks with Playwright and axe	Run accessibility tests	    +         ],
WCAG checks with Playwright and axe	Run accessibility tests	    +       },
WCAG checks with Playwright and axe	Run accessibility tests	    +     ],
WCAG checks with Playwright and axe	Run accessibility tests	    +     "tags": Array [
WCAG checks with Playwright and axe	Run accessibility tests	    +       "cat.name-role-value",
WCAG checks with Playwright and axe	Run accessibility tests	    +       "wcag2a",
WCAG checks with Playwright and axe	Run accessibility tests	    +       "wcag412",
WCAG checks with Playwright and axe	Run accessibility tests	    +       "section508",
WCAG checks with Playwright and axe	Run accessibility tests	    +       "section508.22.a",
WCAG checks with Playwright and axe	Run accessibility tests	    +       "TTv5",
WCAG checks with Playwright and axe	Run accessibility tests	    +       "TT6.a",
WCAG checks with Playwright and axe	Run accessibility tests	    +       "EN-301-549",
WCAG checks with Playwright and axe	Run accessibility tests	    +       "EN-9.4.1.2",
WCAG checks with Playwright and axe	Run accessibility tests	    +       "ACT",
WCAG checks with Playwright and axe	Run accessibility tests	    +       "RGAAv4",
WCAG checks with Playwright and axe	Run accessibility tests	    +       "RGAA-11.9.1",
WCAG checks with Playwright and axe	Run accessibility tests	    +     ],
WCAG checks with Playwright and axe	Run accessibility tests	    +   },
WCAG checks with Playwright and axe	Run accessibility tests	    + ]
WCAG checks with Playwright and axe	Run accessibility tests	
WCAG checks with Playwright and axe	Run accessibility tests	      16 | 		);
WCAG checks with Playwright and axe	Run accessibility tests	      17 |
WCAG checks with Playwright and axe	Run accessibility tests	    > 18 | 		expect(critica
WCAG checks with Playwright and axe	Run accessibility tests	2026-09-05T22:48:41.9300163Z ##[error]  1) [Desktop Chrome] › e2e/accessibility.spec.ts:5:6 › ♿ Accessibility Testing › Homepage accessibility compliance 
WCAG checks with Playwright and axe	Run accessibility tests	
WCAG checks with Playwright and axe	Run accessibility tests	    Retry #1 ───────────────────────────────────────────────────────────────────────────────────────
WCAG checks with Playwright and axe	Run accessibility tests	    Error: expect(received).toEqual(expected) // deep equality
WCAG checks with Playwright and axe	Run accessibility tests	
WCAG checks with Playwright and axe	Run accessibility tests	    - Expected  -  1
WCAG checks with Playwright and axe	Run accessibility tests	    + Received  + 95
WCAG checks with Playwright and axe	Run accessibility tests	
WCAG checks with Playwright and axe	Run accessibility tests	    - Array []
WCAG checks with Playwright and axe	Run accessibility tests	    + Array [
WCAG checks with Playwright and axe	Run accessibility tests	    +   Object {
WCAG checks with Playwright and axe	Run accessibility tests	    +     "description": "Ensure buttons have discernible text",
WCAG checks with Playwright and axe	Run accessibility tests	    +     "help": "Buttons must have discernible text",
WCAG checks with Playwright and axe	Run accessibility tests	    +     "helpUrl": "https://dequeuniversity.com/rules/axe/4.13/button-name?application=playwright",
WCAG checks with Playwright and axe	Run accessibility tests	    +     "id": "button-name",
WCAG checks with Playwright and axe	Run accessibility tests	    +     "impact": "critical",
WCAG checks with Playwright and axe	Run accessibility tests	    +     "nodes": Array [
WCAG checks with Playwright and axe	Run accessibility tests	    +       Object {
WCAG checks with Playwright and axe	Run accessibility tests	    +         "all": Array [],
WCAG checks with Playwright and axe	Run accessibility tests	    +         "any": Array [
WCAG checks with Playwright and axe	Run accessibility tests	    +           Object {
WCAG checks with Playwright and axe	Run accessibility tests	    +             "data": null,
WCAG checks with Playwright and axe	Run accessibility tests	    +             "id": "button-has-visible-text",
WCAG checks with Playwright and axe	Run accessibility tests	    +             "impact": "critical",
WCAG checks with Playwright and axe	Run accessibility tests	    +             "message": "Element does not have inner text that is visible to screen readers",
WCAG checks with Playwright and axe	Run accessibility tests	    +             "relatedNodes": Array [],
WCAG checks with Playwright and axe	Run accessibility tests	    +           },
WCAG checks with Playwright and axe	Run accessibility tests	    +           Object {
WCAG checks with Playwright and axe	Run accessibility tests	    +             "data": null,
WCAG checks with Playwright and axe	Run accessibility tests	    +             "id": "aria-label",
WCAG checks with Playwright and axe	Run accessibility tests	    +             "impact": "critical",
WCAG checks with Playwright and axe	Run accessibility tests	    +             "message": "aria-label attribute does not exist or is empty",
WCAG checks with Playwright and axe	Run accessibility tests	    +             "relatedNodes": Array [],
WCAG checks with Playwright and axe	Run accessibility tests	    +           },
WCAG checks with Playwright and axe	Run accessibility tests	    +           Object {
WCAG checks with Playwright and axe	Run accessibility tests	    +             "data": null,
WCAG checks with Playwright and axe	Run accessibility tests	    +             "id": "aria-labelledby",
WCAG checks with Playwright and axe	Run accessibility tests	    +             "impact": "critical",
WCAG checks with Playwright and axe	Run accessibility tests	    +             "message": "aria-labelledby attribute does not exist, references elements that do not exist or references elements that are empty",
WCAG checks with Playwright and axe	Run accessibility tests	    +             "relatedNodes": Array [],
WCAG checks with Playwright and axe	Run accessibility tests	    +           },
WCAG checks with Playwright and axe	Run accessibility tests	    +           Object {
WCAG checks with Playwright and axe	Run accessibility tests	    +             "data": Object {
WCAG checks with Playwright and axe	Run accessibility tests	    +               "messageKey": "noAttr",
WCAG checks with Playwright and axe	Run accessibility tests	    +             },
WCAG checks with Playwright and axe	Run accessibility tests	    +             "id": "non-empty-title",
WCAG checks with Playwright and axe	Run accessibility tests	    +             "impact": "critical",
WCAG checks with Playwright and axe	Run accessibility tests	    +             "message": "Element has no title attribute",
WCAG checks with Playwright and axe	Run accessibility tests	    +             "relatedNodes": Array [],
WCAG checks with Playwright and axe	Run accessibility tests	    +           },
WCAG checks with Playwright and axe	Run accessibility tests	    +           Object {
WCAG checks with Playwright and axe	Run accessibility tests	    +             "data": null,
WCAG checks with Playwright and axe	Run accessibility tests	    +             "id": "implicit-label",
WCAG checks with Playwright and axe	Run accessibility tests	    +             "impact": "critical",
WCAG checks with Playwright and axe	Run accessibility tests	    +             "message": "Element does not have an implicit (wrapped) <label>",
WCAG checks with Playwright and axe	Run accessibility tests	    +             "relatedNodes": Array [],
WCAG checks with Playwright and axe	Run accessibility tests	    +           },
WCAG checks with Playwright and axe	Run accessibility tests	    +           Object {
WCAG checks with Playwright and axe	Run accessibility tests	    +             "data": null,
WCAG checks with Playwright and axe	Run accessibility tests	    +             "id": "explicit-label",
WCAG checks with Playwright and axe	Run accessibility tests	    +             "impact": "critical",
WCAG checks with Playwright and axe	Run accessibility tests	    +             "message": "Element does not have an explicit <label>",
WCAG checks with Playwright and axe	Run accessibility tests	    +             "relatedNodes": Array [],
WCAG checks with Playwright and axe	Run accessibility tests	    +           },
WCAG checks with Playwright and axe	Run accessibility tests	    +           Object {
WCAG checks with Playwright and axe	Run accessibility tests	    +             "data": null,
WCAG checks with Playwright and axe	Run accessibility tests	    +             "id": "presentational-role",
WCAG checks with Playwright and axe	Run accessibility tests	    +             "impact": "critical",
WCAG checks with Playwright and axe	Run accessibility tests	    +             "message": "Element's default semantics were not overridden with role=\"none\" or role=\"presentation\"",
WCAG checks with Playwright and axe	Run accessibility tests	    +             "relatedNodes": Array [],
WCAG checks with Playwright and axe	Run accessibility tests	    +           },
WCAG checks with Playwright and axe	Run accessibility tests	    +         ],
WCAG checks with Playwright and axe	Run accessibility tests	    +         "failureSummary": "Fix any of the following:
WCAG checks with Playwright and axe	Run accessibility tests	    +   Element does not have inner text that is visible to screen readers
WCAG checks with Playwright and axe	Run accessibility tests	    +   aria-label attribute does not exist or is empty
WCAG checks with Playwright and axe	Run accessibility tests	    +   aria-labelledby attribute does not exist, references elements that do not exist or references elements that are empty
WCAG checks with Playwright and axe	Run accessibility tests	    +   Element has no title attribute
WCAG checks with Playwright and axe	Run accessibility tests	    +   Element does not have an implicit (wrapped) <label>
WCAG checks with Playwright and axe	Run accessibility tests	    +   Element does not have an explicit <label>
WCAG checks with Playwright and axe	Run accessibility tests	    +   Element's default semantics were not overridden with role=\"none\" or role=\"presentation\"",
WCAG checks with Playwright and axe	Run accessibility tests	    +         "html": "<button class=\"inline-flex items-ce...\">",
WCAG checks with Playwright and axe	Run accessibility tests	    +         "impact": "critical",
WCAG checks with Playwright and axe	Run accessibility tests	    +         "none": Array [],
WCAG checks with Playwright and axe	Run accessibility tests	    +         "target": Array [
WCAG checks with Playwright and axe	Run accessibility tests	    +           ".\\[\\&_svg\\]\\:pointer-events-none",
WCAG checks with Playwright and axe	Run accessibility tests	    +         ],
WCAG checks with Playwright and axe	Run accessibility tests	    +       },
WCAG checks with Playwright and axe	Run accessibility tests	    +     ],
WCAG checks with Playwright and axe	Run accessibility tests	    +     "tags": Array [
WCAG checks with Playwright and axe	Run accessibility tests	    +       "cat.name-role-value",
WCAG checks with Playwright and axe	Run accessibility tests	    +       "wcag2a",
WCAG checks with Playwright and axe	Run accessibility tests	    +       "wcag412",
WCAG checks with Playwright and axe	Run accessibility tests	    +       "section508",
WCAG checks with Playwright and axe	Run accessibility tests	    +       "section508.22.a",
WCAG checks with Playwright and axe	Run accessibility tests	    +       "TTv5",
WCAG checks with Playwright and axe	Run accessibility tests	    +       "TT6.a",
WCAG checks with Playwright and axe	Run accessibility tests	    +       "EN-301-549",
WCAG checks with Playwright and axe	Run accessibility tests	    +       "EN-9.4.1.2",
WCAG checks with Playwright and axe	Run accessibility tests	    +       "ACT",
WCAG checks with Playwright and axe	Run accessibility tests	    +       "RGAAv4",
WCAG checks with Playwright and axe	Run accessibility tests	    +       
WCAG checks with Playwright and axe	Run accessibility tests	2026-09-05T22:48:41.9332457Z ##[error]  1) [Desktop Chrome] › e2e/accessibility.spec.ts:5:6 › ♿ Accessibility Testing › Homepage accessibility compliance 
WCAG checks with Playwright and axe	Run accessibility tests	
WCAG checks with Playwright and axe	Run accessibility tests	    Retry #2 ───────────────────────────────────────────────────────────────────────────────────────
WCAG checks with Playwright and axe	Run accessibility tests	    Error: expect(received).toEqual(expected) // deep equality
WCAG checks with Playwright and axe	Run accessibility tests	
WCAG checks with Playwright and axe	Run accessibility tests	    - Expected  -  1
WCAG checks with Playwright and axe	Run accessibility tests	    + Received  + 95
WCAG checks with Playwright and axe	Run accessibility tests	
WCAG checks with Playwright and axe	Run accessibility tests	    - Array []
WCAG checks with Playwright and axe	Run accessibility tests	    + Array [
WCAG checks with Playwright and axe	Run accessibility tests	    +   Object {
WCAG checks with Playwright and axe	Run accessibility tests	    +     "description": "Ensure buttons have discernible text",
WCAG checks with Playwright and axe	Run accessibility tests	    +     "help": "Buttons must have discernible text",
WCAG checks with Playwright and axe	Run accessibility tests	    +     "helpUrl": "https://dequeuniversity.com/rules/axe/4.13/button-name?application=playwright",
WCAG checks with Playwright and axe	Run accessibility tests	    +     "id": "button-name",
WCAG checks with Playwright and axe	Run accessibility tests	    +     "impact": "critical",
WCAG checks with Playwright and axe	Run accessibility tests	    +     "nodes": Array [
WCAG checks with Playwright and axe	Run accessibility tests	    +       Object {
WCAG checks with Playwright and axe	Run accessibility tests	    +         "all": Array [],
WCAG checks with Playwright and axe	Run accessibility tests	    +         "any": Array [
WCAG checks with Playwright and axe	Run accessibility tests	    +           Object {
WCAG checks with Playwright and axe	Run accessibility tests	    +             "data": null,
WCAG checks with Playwright and axe	Run accessibility tests	    +             "id": "button-has-visible-text",
WCAG checks with Playwright and axe	Run accessibility tests	    +             "impact": "critical",
WCAG checks with Playwright and axe	Run accessibility tests	    +             "message": "Element does not have inner text that is visible to screen readers",
WCAG checks with Playwright and axe	Run accessibility tests	    +             "relatedNodes": Array [],
WCAG checks with Playwright and axe	Run accessibility tests	    +           },
WCAG checks with Playwright and axe	Run accessibility tests	    +           Object {
WCAG checks with Playwright and axe	Run accessibility tests	    +             "data": null,
WCAG checks with Playwright and axe	Run accessibility tests	    +             "id": "aria-label",
WCAG checks with Playwright and axe	Run accessibility tests	    +             "impact": "critical",
WCAG checks with Playwright and axe	Run accessibility tests	    +             "message": "aria-label attribute does not exist or is empty",
WCAG checks with Playwright and axe	Run accessibility tests	    +             "relatedNodes": Array [],
WCAG checks with Playwright and axe	Run accessibility tests	    +           },
WCAG checks with Playwright and axe	Run accessibility tests	    +           Object {
WCAG checks with Playwright and axe	Run accessibility tests	    +             "data": null,
WCAG checks with Playwright and axe	Run accessibility tests	    +             "id": "aria-labelledby",
WCAG checks with Playwright and axe	Run accessibility tests	    +             "impact": "critical",
WCAG checks with Playwright and axe	Run accessibility tests	    +             "message": "aria-labelledby attribute does not exist, references elements that do not exist or references elements that are empty",
WCAG checks with Playwright and axe	Run accessibility tests	    +             "relatedNodes": Array [],
WCAG checks with Playwright and axe	Run accessibility tests	    +           },
WCAG checks with Playwright and axe	Run accessibility tests	    +           Object {
WCAG checks with Playwright and axe	Run accessibility tests	    +             "data": Object {
WCAG checks with Playwright and axe	Run accessibility tests	    +               "messageKey": "noAttr",
WCAG checks with Playwright and axe	Run accessibility tests	    +             },
WCAG checks with Playwright and axe	Run accessibility tests	    +             "id": "non-empty-title",
WCAG checks with Playwright and axe	Run accessibility tests	    +             "impact": "critical",
WCAG checks with Playwright and axe	Run accessibility tests	    +             "message": "Element has no title attribute",
WCAG checks with Playwright and axe	Run accessibility tests	    +             "relatedNodes": Array [],
WCAG checks with Playwright and axe	Run accessibility tests	    +           },
WCAG checks with Playwright and axe	Run accessibility tests	    +           Object {
WCAG checks with Playwright and axe	Run accessibility tests	    +             "data": null,
WCAG checks with Playwright and axe	Run accessibility tests	    +             "id": "implicit-label",
WCAG checks with Playwright and axe	Run accessibility tests	    +             "impact": "critical",
WCAG checks with Playwright and axe	Run accessibility tests	    +             "message": "Element does not have an implicit (wrapped) <label>",
WCAG checks with Playwright and axe	Run accessibility tests	    +             "relatedNodes": Array [],
WCAG checks with Playwright and axe	Run accessibility tests	    +           },
WCAG checks with Playwright and axe	Run accessibility tests	    +           Object {
WCAG checks with Playwright and axe	Run accessibility tests	    +             "data": null,
WCAG checks with Playwright and axe	Run accessibility tests	    +             "id": "explicit-label",
WCAG checks with Playwright and axe	Run accessibility tests	    +             "impact": "critical",
WCAG checks with Playwright and axe	Run accessibility tests	    +             "message": "Element does not have an explicit <label>",
WCAG checks with Playwright and axe	Run accessibility tests	    +             "relatedNodes": Array [],
WCAG checks with Playwright and axe	Run accessibility tests	    +           },
WCAG checks with Playwright and axe	Run accessibility tests	    +           Object {
WCAG checks with Playwright and axe	Run accessibility tests	    +             "data": null,
WCAG checks with Playwright and axe	Run accessibility tests	    +             "id": "presentational-role",
WCAG checks with Playwright and axe	Run accessibility tests	    +             "impact": "critical",
WCAG checks with Playwright and axe	Run accessibility tests	    +             "message": "Element's default semantics were not overridden with role=\"none\" or role=\"presentation\"",
WCAG checks with Playwright and axe	Run accessibility tests	    +             "relatedNodes": Array [],
WCAG checks with Playwright and axe	Run accessibility tests	    +           },
WCAG checks with Playwright and axe	Run accessibility tests	    +         ],
WCAG checks with Playwright and axe	Run accessibility tests	    +         "failureSummary": "Fix any of the following:
WCAG checks with Playwright and axe	Run accessibility tests	    +   Element does not have inner text that is visible to screen readers
WCAG checks with Playwright and axe	Run accessibility tests	    +   aria-label attribute does not exist or is empty
WCAG checks with Playwright and axe	Run accessibility tests	    +   aria-labelledby attribute does not exist, references elements that do not exist or references elements that are empty
WCAG checks with Playwright and axe	Run accessibility tests	    +   Element has no title attribute
WCAG checks with Playwright and axe	Run accessibility tests	    +   Element does not have an implicit (wrapped) <label>
WCAG checks with Playwright and axe	Run accessibility tests	    +   Element does not have an explicit <label>
WCAG checks with Playwright and axe	Run accessibility tests	    +   Element's default semantics were not overridden with role=\"none\" or role=\"presentation\"",
WCAG checks with Playwright and axe	Run accessibility tests	    +         "html": "<button class=\"inline-flex items-ce...\">",
WCAG checks with Playwright and axe	Run accessibility tests	    +         "impact": "critical",
WCAG checks with Playwright and axe	Run accessibility tests	    +         "none": Array [],
WCAG checks with Playwright and axe	Run accessibility tests	    +         "target": Array [
WCAG checks with Playwright and axe	Run accessibility tests	    +           ".\\[\\&_svg\\]\\:pointer-events-none",
WCAG checks with Playwright and axe	Run accessibility tests	    +         ],
WCAG checks with Playwright and axe	Run accessibility tests	    +       },
WCAG checks with Playwright and axe	Run accessibility tests	    +     ],
WCAG checks with Playwright and axe	Run accessibility tests	    +     "tags": Array [
WCAG checks with Playwright and axe	Run accessibility tests	    +       "cat.name-role-value",
WCAG checks with Playwright and axe	Run accessibility tests	    +       "wcag2a",
WCAG checks with Playwright and axe	Run accessibility tests	    +       "wcag412",
WCAG checks with Playwright and axe	Run accessibility tests	    +       "section508",
WCAG checks with Playwright and axe	Run accessibility tests	    +       "section508.22.a",
WCAG checks with Playwright and axe	Run accessibility tests	    +       "TTv5",
WCAG checks with Playwright and axe	Run accessibility tests	    +       "TT6.a",
WCAG checks with Playwright and axe	Run accessibility tests	    +       "EN-301-549",
WCAG checks with Playwright and axe	Run accessibility tests	    +       "EN-9.4.1.2",
WCAG checks with Playwright and axe	Run accessibility tests	    +       "ACT",
WCAG checks with Playwright and axe	Run accessibility tests	    +       "RGAAv4",
WCAG checks with Playwright and axe	Run accessibility tests	    +       
WCAG checks with Playwright and axe	Run accessibility tests	2026-09-05T22:48:45.7094842Z 📝 Note: Found buttons without accessible names (likely icon buttons need aria-label)
WCAG checks with Playwright and axe	Run accessibility tests	2026-09-05T22:48:48.6354681Z ·📋 Interactive elements found: [
WCAG checks with Playwright and axe	Run accessibility tests	2026-09-05T22:48:48.6355316Z   { tagName: 'a', text: 'Green Goods Stipend ' },
WCAG checks with Playwright and axe	Run accessibility tests	2026-09-05T22:48:48.6355642Z   { tagName: 'button', text: 'Connect' },
WCAG checks with Playwright and axe	Run accessibility tests	2026-09-05T22:48:48.6355916Z   { tagName: 'a', text: '' },
WCAG checks with Playwright and axe	Run accessibility tests	2026-09-05T22:48:48.6356162Z   { tagName: 'button', text: '' },
WCAG checks with Playwright and axe	Run accessibility tests	2026-09-05T22:48:48.6356416Z   { tagName: 'button', text: 'Claim' },
WCAG checks with Playwright and axe	Run accessibility tests	2026-09-05T22:48:48.6357048Z   { tagName: 'div', text: 'ClaimClaim your shar' },
WCAG checks with Playwright and axe	Run accessibility tests	2026-09-05T22:48:48.6357379Z   { tagName: 'a', text: 'All jars on this net' },
WCAG checks with Playwright and axe	Run accessibility tests	2026-09-05T22:48:48.6357665Z   { tagName: 'a', text: 'Create a jar' },
WCAG checks with Playwright and axe	Run accessibility tests	2026-09-05T22:48:48.6357956Z   { tagName: 'a', text: 'Your profile' },
WCAG checks with Playwright and axe	Run accessibility tests	2026-09-05T22:48:48.6358239Z   { tagName: 'a', text: 'Stipend playbook' }
WCAG checks with Playwright and axe	Run accessibility tests	2026-09-05T22:48:48.6358492Z ]
WCAG checks with Playwright and axe	Run accessibility tests	2026-09-05T22:48:51.3667571Z ·🔍 Checking 5 form inputs for accessibility...
WCAG checks with Playwright and axe	Run accessibility tests	2026-09-05T22:49:04.5527918Z ··××F
WCAG checks with Playwright and axe	Run accessibility tests	2026-09-05T22:49:04.5533604Z ##[error]  2) [Desktop Chrome] › e2e/accessibility.spec.ts:199:6 › ♿ Accessibility Testing › ARIA roles and landmarks 
WCAG checks with Playwright and axe	Run accessibility tests	    Error: Button 1 should have accessible name
WCAG checks with Playwright and axe	Run accessibility tests	
WCAG checks with Playwright and axe	Run accessibility tests	    expect(received).toBeTruthy()
WCAG checks with Playwright and axe	Run accessibility tests	
WCAG checks with Playwright and axe	Run accessibility tests	    Received: null
WCAG checks with Playwright and axe	Run accessibility tests	
WCAG checks with Playwright and axe	Run accessibility tests	      231 | 					accessibleName,
WCAG checks with Playwright and axe	Run accessibility tests	      232 | 					`Button ${i} should have accessible name`
WCAG checks with Playwright and axe	Run accessibility tests	    > 233 | 				).toBeTruthy();
WCAG checks with Playwright and axe	Run accessibility tests	          | 				  ^
WCAG checks with Playwright and axe	Run accessibility tests	      234 | 			}
WCAG checks with Playwright and axe	Run accessibility tests	      235 | 		}
WCAG checks with Playwright and axe	Run accessibility tests	      236 | 	});
WCAG checks with Playwright and axe	Run accessibility tests	        at /home/runner/work/cookie-jar/cookie-jar/e2e/accessibility.spec.ts:233:7
WCAG checks with Playwright and axe	Run accessibility tests	2026-09-05T22:49:04.5540054Z ##[error]  2) [Desktop Chrome] › e2e/accessibility.spec.ts:199:6 › ♿ Accessibility Testing › ARIA roles and landmarks 
WCAG checks with Playwright and axe	Run accessibility tests	
WCAG checks with Playwright and axe	Run accessibility tests	    Retry #1 ───────────────────────────────────────────────────────────────────────────────────────
WCAG checks with Playwright and axe	Run accessibility tests	    Error: Button 1 should have accessible name
WCAG checks with Playwright and axe	Run accessibility tests	
WCAG checks with Playwright and axe	Run accessibility tests	    expect(received).toBeTruthy()
WCAG checks with Playwright and axe	Run accessibility tests	
WCAG checks with Playwright and axe	Run accessibility tests	    Received: null
WCAG checks with Playwright and axe	Run accessibility tests	
WCAG checks with Playwright and axe	Run accessibility tests	      231 | 					accessibleName,
WCAG checks with Playwright and axe	Run accessibility tests	      232 | 					`Button ${i} should have accessible name`
WCAG checks with Playwright and axe	Run accessibility tests	    > 233 | 				).toBeTruthy();
WCAG checks with Playwright and axe	Run accessibility tests	          | 				  ^
WCAG checks with Playwright and axe	Run accessibility tests	      234 | 			}
WCAG checks with Playwright and axe	Run accessibility tests	      235 | 		}
WCAG checks with Playwright and axe	Run accessibility tests	      236 | 	});
WCAG checks with Playwright and axe	Run accessibility tests	        at /home/runner/work/cookie-jar/cookie-jar/e2e/accessibility.spec.ts:233:7
WCAG checks with Playwright and axe	Run accessibility tests	2026-09-05T22:49:04.5546441Z ##[error]  2) [Desktop Chrome] › e2e/accessibility.spec.ts:199:6 › ♿ Accessibility Testing › ARIA roles and landmarks 
WCAG checks with Playwright and axe	Run accessibility tests	
WCAG checks with Playwright and axe	Run accessibility tests	    Retry #2 ───────────────────────────────────────────────────────────────────────────────────────
WCAG checks with Playwright and axe	Run accessibility tests	    Error: Button 1 should have accessible name
WCAG checks with Playwright and axe	Run accessibility tests	
WCAG checks with Playwright and axe	Run accessibility tests	    expect(received).toBeTruthy()
WCAG checks with Playwright and axe	Run accessibility tests	
WCAG checks with Playwright and axe	Run accessibility tests	    Received: null
WCAG checks with Playwright and axe	Run accessibility tests	
WCAG checks with Playwright and axe	Run accessibility tests	      231 | 					accessibleName,
WCAG checks with Playwright and axe	Run accessibility tests	      232 | 					`Button ${i} should have accessible name`
WCAG checks with Playwright and axe	Run accessibility tests	    > 233 | 				).toBeTruthy();
WCAG checks with Playwright and axe	Run accessibility tests	          | 				  ^
WCAG checks with Playwright and axe	Run accessibility tests	      234 | 			}
WCAG checks with Playwright and axe	Run accessibility tests	      235 | 		}
WCAG checks with Playwright and axe	Run accessibility tests	      236 | 	});
WCAG checks with Playwright and axe	Run accessibility tests	        at /home/runner/work/cookie-jar/cookie-jar/e2e/accessibility.spec.ts:233:7
WCAG checks with Playwright and axe	Run accessibility tests	2026-09-05T22:49:07.5248992Z ⚠️ Button 0 size: 92x40px (should be >= 44x44px)
WCAG checks with Playwright and axe	Run accessibility tests	2026-09-05T22:49:07.5428259Z ⚠️ Button 1 size: 20x20px (should be >= 44x44px)
WCAG checks with Playwright and axe	Run accessibility tests	2026-09-05T22:49:07.5586062Z ⚠️ Button 2 size: 167.5x32px (should be >= 44x44px)
WCAG checks with Playwright and axe	Run accessibility tests	2026-09-05T22:49:07.5703233Z ⚠️ Button 3 size: 167.5x32px (should be >= 44x44px)
WCAG checks with Playwright and axe	Run accessibility tests	2026-09-05T22:49:07.5798735Z ⚠️ Button 4 size: 32x32px (should be >= 44x44px)
WCAG checks with Playwright and axe	Run accessibility tests	2026-09-05T22:49:07.5799372Z 📱 Touch targets: 0/5 buttons are properly sized
WCAG checks with Playwright and axe	Run accessibility tests	2026-09-05T22:49:07.7310517Z ·🔊 Testing mobile screen reader compatibility...
WCAG checks with Playwright and axe	Run accessibility tests	2026-09-05T22:49:10.9180322Z ×🔊 Testing mobile screen reader compatibility...
WCAG checks with Playwright and axe	Run accessibility tests	2026-09-05T22:49:14.1619202Z ×🔊 Testing mobile screen reader compatibility...
WCAG checks with Playwright and axe	Run accessibility tests	2026-09-05T22:49:17.2986607Z F
WCAG checks with Playwright and axe	Run accessibility tests	2026-09-05T22:49:17.2991601Z ##[error]  3) [Desktop Chrome] › e2e/mobile-experience.spec.ts:523:7 › 📱 Mobile Experience E2E › Mobile Accessibility › Mobile screen reader compatibility 
WCAG checks with Playwright and axe	Run accessibility tests	    Error: expect(received).toBeTruthy()
WCAG checks with Playwright and axe	Run accessibility tests	
WCAG checks with Playwright and axe	Run accessibility tests	    Received: null
WCAG checks with Playwright and axe	Run accessibility tests	
WCAG checks with Playwright and axe	Run accessibility tests	      547 | 						(await button.textContent()) ||
WCAG checks with Playwright and axe	Run accessibility tests	      548 | 						(await button.getAttribute("aria-label"));
WCAG checks with Playwright and axe	Run accessibility tests	    > 549 | 					expect(accessibleName).toBeTruthy();
WCAG checks with Playwright and axe	Run accessibility tests	          | 					                       ^
WCAG checks with Playwright and axe	Run accessibility tests	      550 | 				}
WCAG checks with Playwright and axe	Run accessibility tests	      551 | 			}
WCAG checks with Playwright and axe	Run accessibility tests	      552 | 		});
WCAG checks with Playwright and axe	Run accessibility tests	        at /home/runner/work/cookie-jar/cookie-jar/e2e/mobile-experience.spec.ts:549:29
WCAG checks with Playwright and axe	Run accessibility tests	2026-09-05T22:49:17.2997282Z ##[error]  3) [Desktop Chrome] › e2e/mobile-experience.spec.ts:523:7 › 📱 Mobile Experience E2E › Mobile Accessibility › Mobile screen reader compatibility 
WCAG checks with Playwright and axe	Run accessibility tests	
WCAG checks with Playwright and axe	Run accessibility tests	    Retry #1 ───────────────────────────────────────────────────────────────────────────────────────
WCAG checks with Playwright and axe	Run accessibility tests	    Error: expect(received).toBeTruthy()
WCAG checks with Playwright and axe	Run accessibility tests	
WCAG checks with Playwright and axe	Run accessibility tests	    Received: null
WCAG checks with Playwright and axe	Run accessibility tests	
WCAG checks with Playwright and axe	Run accessibility tests	      547 | 						(await button.textContent()) ||
WCAG checks with Playwright and axe	Run accessibility tests	      548 | 						(await button.getAttribute("aria-label"));
WCAG checks with Playwright and axe	Run accessibility tests	    > 549 | 					expect(accessibleName).toBeTruthy();
WCAG checks with Playwright and axe	Run accessibility tests	          | 					                       ^
WCAG checks with Playwright and axe	Run accessibility tests	      550 | 				}
WCAG checks with Playwright and axe	Run accessibility tests	      551 | 			}
WCAG checks with Playwright and axe	Run accessibility tests	      552 | 		});
WCAG checks with Playwright and axe	Run accessibility tests	        at /home/runner/work/cookie-jar/cookie-jar/e2e/mobile-experience.spec.ts:549:29
WCAG checks with Playwright and axe	Run accessibility tests	2026-09-05T22:49:17.3002696Z ##[error]  3) [Desktop Chrome] › e2e/mobile-experience.spec.ts:523:7 › 📱 Mobile Experience E2E › Mobile Accessibility › Mobile screen reader compatibility 
WCAG checks with Playwright and axe	Run accessibility tests	
WCAG checks with Playwright and axe	Run accessibility tests	    Retry #2 ───────────────────────────────────────────────────────────────────────────────────────
WCAG checks with Playwright and axe	Run accessibility tests	    Error: expect(received).toBeTruthy()
WCAG checks with Playwright and axe	Run accessibility tests	
WCAG checks with Playwright and axe	Run accessibility tests	    Received: null
WCAG checks with Playwright and axe	Run accessibility tests	
WCAG checks with Playwright and axe	Run accessibility tests	      547 | 						(await button.textContent()) ||
WCAG checks with Playwright and axe	Run accessibility tests	      548 | 						(await button.getAttribute("aria-label"));
WCAG checks with Playwright and axe	Run accessibility tests	    > 549 | 					expect(accessibleName).toBeTruthy();
WCAG checks with Playwright and axe	Run accessibility tests	          | 					                       ^
WCAG checks with Playwright and axe	Run accessibility tests	      550 | 				}
WCAG checks with Playwright and axe	Run accessibility tests	      551 | 			}
WCAG checks with Playwright and axe	Run accessibility tests	      552 | 		});
WCAG checks with Playwright and axe	Run accessibility tests	        at /home/runner/work/cookie-jar/cookie-jar/e2e/mobile-experience.spec.ts:549:29
WCAG checks with Playwright and axe	Run accessibility tests	2026-09-05T22:49:17.7959971Z ⌨️ Testing mobile keyboard navigation...
WCAG checks with Playwright and axe	Run accessibility tests	2026-09-05T22:49:22.3297076Z ·♿ Testing homepage accessibility...
WCAG checks with Playwright and axe	Run accessibility tests	2026-09-05T22:49:32.0776686Z ⚠️ Critical accessibility violations found: [
WCAG checks with Playwright and axe	Run accessibility tests	2026-09-05T22:49:32.0777430Z   {
WCAG checks with Playwright and axe	Run accessibility tests	2026-09-05T22:49:32.0778048Z     id: 'button-name',
WCAG checks with Playwright and axe	Run accessibility tests	2026-09-05T22:49:32.0778397Z     impact: 'critical',
WCAG checks with Playwright and axe	Run accessibility tests	2026-09-05T22:49:32.0778760Z     description: 'Ensure buttons have discernible text',
WCAG checks with Playwright and axe	Run accessibility tests	2026-09-05T22:49:32.0779107Z     nodes: 1
WCAG checks with Playwright and axe	Run accessibility tests	2026-09-05T22:49:32.0779354Z   }
WCAG checks with Playwright and axe	Run accessibility tests	2026-09-05T22:49:32.0779532Z ]
WCAG checks with Playwright and axe	Run accessibility tests	2026-09-05T22:49:32.0780026Z 📊 Total violations: 4, Critical: 1
WCAG checks with Playwright and axe	Run accessibility tests	2026-09-05T22:49:32.0780384Z ✅ Accessibility scan completed
WCAG checks with Playwright and axe	Run accessibility tests	2026-09-05T22:49:32.2818170Z ·🔗 Testing wallet button accessibility...
WCAG checks with Playwright and axe	Run accessibility tests	2026-09-05T22:49:34.8529091Z ✅ Connect wallet button accessibility verified
WCAG checks with Playwright and axe	Run accessibility tests	2026-09-05T22:49:35.0674092Z ·📝 Testing form accessibility...
WCAG checks with Playwright and axe	Run accessibility tests	2026-09-05T22:49:37.7880178Z 🔍 Checking 5 form inputs for accessibility...
WCAG checks with Playwright and axe	Run accessibility tests	2026-09-05T22:49:37.8312153Z ✅ Form input accessibility verified
WCAG checks with Playwright and axe	Run accessibility tests	2026-09-05T22:49:38.0101821Z ·⌨️ Testing keyboard navigation...
WCAG checks with Playwright and axe	Run accessibility tests	2026-09-05T22:49:40.7189906Z ⌨️ Found 10 focusable elements
WCAG checks with Playwright and axe	Run accessibility tests	2026-09-05T22:49:40.7190379Z ✅ Keyboard navigation testing complete
WCAG checks with Playwright and axe	Run accessibility tests	2026-09-05T22:49:40.9127975Z ·🎨 Testing color contrast...
WCAG checks with Playwright and axe	Run accessibility tests	2026-09-05T22:49:43.8573355Z ✅ No color contrast violations detected
WCAG checks with Playwright and axe	Run accessibility tests	2026-09-05T22:49:43.8575015Z ✅ Color contrast testing complete
WCAG checks with Playwright and axe	Run accessibility tests	2026-09-05T22:49:56.5165145Z ·××F
WCAG checks with Playwright and axe	Run accessibility tests	2026-09-05T22:49:56.5186051Z ##[error]  4) [Mobile Chrome] › e2e/accessibility.spec.ts:5:6 › ♿ Accessibility Testing › Homepage accessibility compliance 
WCAG checks with Playwright and axe	Run accessibility tests	    Error: expect(received).toEqual(expected) // deep equality
WCAG checks with Playwright and axe	Run accessibility tests	
WCAG checks with Playwright and axe	Run accessibility tests	    - Expected  -  1
WCAG checks with Playwright and axe	Run accessibility tests	    + Received  + 95
WCAG checks with Playwright and axe	Run accessibility tests	
WCAG checks with Playwright and axe	Run accessibility tests	    - Array []
WCAG checks with Playwright and axe	Run accessibility tests	    + Array [
WCAG checks with Playwright and axe	Run accessibility tests	    +   Object {
WCAG checks with Playwright and axe	Run accessibility tests	    +     "description": "Ensure buttons have discernible text",
WCAG checks with Playwright and axe	Run accessibility tests	    +     "help": "Buttons must have discernible text",
WCAG checks with Playwright and axe	Run accessibility tests	    +     "helpUrl": "https://dequeuniversity.com/rules/axe/4.13/button-name?application=playwright",
WCAG checks with Playwright and axe	Run accessibility tests	    +     "id": "button-name",
WCAG checks with Playwright and axe	Run accessibility tests	    +     "impact": "critical",
WCAG checks with Playwright and axe	Run accessibility tests	    +     "nodes": Array [
WCAG checks with Playwright and axe	Run accessibility tests	    +       Object {
WCAG checks with Playwright and axe	Run accessibility tests	    +         "all": Array [],
WCAG checks with Playwright and axe	Run accessibility tests	    +         "any": Array [
WCAG checks with Playwright and axe	Run accessibility tests	    +           Object {
WCAG checks with Playwright and axe	Run accessibility tests	    +             "data": null,
WCAG checks with Playwright and axe	Run accessibility tests	    +             "id": "button-has-visible-text",
WCAG checks with Playwright and axe	Run accessibility tests	    +             "impact": "critical",
WCAG checks with Playwright and axe	Run accessibility tests	    +             "message": "Element does not have inner text that is visible to screen readers",
WCAG checks with Playwright and axe	Run accessibility tests	    +             "relatedNodes": Array [],
WCAG checks with Playwright and axe	Run accessibility tests	    +           },
WCAG checks with Playwright and axe	Run accessibility tests	    +           Object {
WCAG checks with Playwright and axe	Run accessibility tests	    +             "data": null,
WCAG checks with Playwright and axe	Run accessibility tests	    +             "id": "aria-label",
WCAG checks with Playwright and axe	Run accessibility tests	    +             "impact": "critical",
WCAG checks with Playwright and axe	Run accessibility tests	    +             "message": "aria-label attribute does not exist or is empty",
WCAG checks with Playwright and axe	Run accessibility tests	    +             "relatedNodes": Array [],
WCAG checks with Playwright and axe	Run accessibility tests	    +           },
WCAG checks with Playwright and axe	Run accessibility tests	    +           Object {
WCAG checks with Playwright and axe	Run accessibility tests	    +             "data": null,
WCAG checks with Playwright and axe	Run accessibility tests	    +             "id": "aria-labelledby",
WCAG checks with Playwright and axe	Run accessibility tests	    +             "impact": "critical",
WCAG checks with Playwright and axe	Run accessibility tests	    +             "message": "aria-labelledby attribute does not exist, references elements that do not exist or references elements that are empty",
WCAG checks with Playwright and axe	Run accessibility tests	    +             "relatedNodes": Array [],
WCAG checks with Playwright and axe	Run accessibility tests	    +           },
WCAG checks with Playwright and axe	Run accessibility tests	    +           Object {
WCAG checks with Playwright and axe	Run accessibility tests	    +             "data": Object {
WCAG checks with Playwright and axe	Run accessibility tests	    +               "messageKey": "noAttr",
WCAG checks with Playwright and axe	Run accessibility tests	    +             },
WCAG checks with Playwright and axe	Run accessibility tests	    +             "id": "non-empty-title",
WCAG checks with Playwright and axe	Run accessibility tests	    +             "impact": "critical",
WCAG checks with Playwright and axe	Run accessibility tests	    +             "message": "Element has no title attribute",
WCAG checks with Playwright and axe	Run accessibility tests	    +             "relatedNodes": Array [],
WCAG checks with Playwright and axe	Run accessibility tests	    +           },
WCAG checks with Playwright and axe	Run accessibility tests	    +           Object {
WCAG checks with Playwright and axe	Run accessibility tests	    +             "data": null,
WCAG checks with Playwright and axe	Run accessibility tests	    +             "id": "implicit-label",
WCAG checks with Playwright and axe	Run accessibility tests	    +             "impact": "critical",
WCAG checks with Playwright and axe	Run accessibility tests	    +             "message": "Element does not have an implicit (wrapped) <label>",
WCAG checks with Playwright and axe	Run accessibility tests	    +             "relatedNodes": Array [],
WCAG checks with Playwright and axe	Run accessibility tests	    +           },
WCAG checks with Playwright and axe	Run accessibility tests	    +           Object {
WCAG checks with Playwright and axe	Run accessibility tests	    +             "data": null,
WCAG checks with Playwright and axe	Run accessibility tests	    +             "id": "explicit-label",
WCAG checks with Playwright and axe	Run accessibility tests	    +             "impact": "critical",
WCAG checks with Playwright and axe	Run accessibility tests	    +             "message": "Element does not have an explicit <label>",
WCAG checks with Playwright and axe	Run accessibility tests	    +             "relatedNodes": Array [],
WCAG checks with Playwright and axe	Run accessibility tests	    +           },
WCAG checks with Playwright and axe	Run accessibility tests	    +           Object {
WCAG checks with Playwright and axe	Run accessibility tests	    +             "data": null,
WCAG checks with Playwright and axe	Run accessibility tests	    +             "id": "presentational-role",
WCAG checks with Playwright and axe	Run accessibility tests	    +             "impact": "critical",
WCAG checks with Playwright and axe	Run accessibility tests	    +             "message": "Element's default semantics were not overridden with role=\"none\" or role=\"presentation\"",
WCAG checks with Playwright and axe	Run accessibility tests	    +             "relatedNodes": Array [],
WCAG checks with Playwright and axe	Run accessibility tests	    +           },
WCAG checks with Playwright and axe	Run accessibility tests	    +         ],
WCAG checks with Playwright and axe	Run accessibility tests	    +         "failureSummary": "Fix any of the following:
WCAG checks with Playwright and axe	Run accessibility tests	    +   Element does not have inner text that is visible to screen readers
WCAG checks with Playwright and axe	Run accessibility tests	    +   aria-label attribute does not exist or is empty
WCAG checks with Playwright and axe	Run accessibility tests	    +   aria-labelledby attribute does not exist, references elements that do not exist or references elements that are empty
WCAG checks with Playwright and axe	Run accessibility tests	    +   Element has no title attribute
WCAG checks with Playwright and axe	Run accessibility tests	    +   Element does not have an implicit (wrapped) <label>
WCAG checks with Playwright and axe	Run accessibility tests	    +   Element does not have an explicit <label>
WCAG checks with Playwright and axe	Run accessibility tests	    +   Element's default semantics were not overridden with role=\"none\" or role=\"presentation\"",
WCAG checks with Playwright and axe	Run accessibility tests	    +         "html": "<button class=\"inline-flex items-ce...\">",
WCAG checks with Playwright and axe	Run accessibility tests	    +         "impact": "critical",
WCAG checks with Playwright and axe	Run accessibility tests	    +         "none": Array [],
WCAG checks with Playwright and axe	Run accessibility tests	    +         "target": Array [
WCAG checks with Playwright and axe	Run accessibility tests	    +           ".\\[\\&_svg\\]\\:pointer-events-none",
WCAG checks with Playwright and axe	Run accessibility tests	    +         ],
WCAG checks with Playwright and axe	Run accessibility tests	    +       },
WCAG checks with Playwright and axe	Run accessibility tests	    +     ],
WCAG checks with Playwright and axe	Run accessibility tests	    +     "tags": Array [
WCAG checks with Playwright and axe	Run accessibility tests	    +       "cat.name-role-value",
WCAG checks with Playwright and axe	Run accessibility tests	    +       "wcag2a",
WCAG checks with Playwright and axe	Run accessibility tests	    +       "wcag412",
WCAG checks with Playwright and axe	Run accessibility tests	    +       "section508",
WCAG checks with Playwright and axe	Run accessibility tests	    +       "section508.22.a",
WCAG checks with Playwright and axe	Run accessibility tests	    +       "TTv5",
WCAG checks with Playwright and axe	Run accessibility tests	    +       "TT6.a",
WCAG checks with Playwright and axe	Run accessibility tests	    +       "EN-301-549",
WCAG checks with Playwright and axe	Run accessibility tests	    +       "EN-9.4.1.2",
WCAG checks with Playwright and axe	Run accessibility tests	    +       "ACT",
WCAG checks with Playwright and axe	Run accessibility tests	    +       "RGAAv4",
WCAG checks with Playwright and axe	Run accessibility tests	    +       "RGAA-11.9.1",
WCAG checks with Playwright and axe	Run accessibility tests	    +     ],
WCAG checks with Playwright and axe	Run accessibility tests	    +   },
WCAG checks with Playwright and axe	Run accessibility tests	    + ]
WCAG checks with Playwright and axe	Run accessibility tests	
WCAG checks with Playwright and axe	Run accessibility tests	      16 | 		);
WCAG checks with Playwright and axe	Run accessibility tests	      17 |
WCAG checks with Playwright and axe	Run accessibility tests	    > 18 | 		expect(critical
WCAG checks with Playwright and axe	Run accessibility tests	2026-09-05T22:49:56.5218575Z ##[error]  4) [Mobile Chrome] › e2e/accessibility.spec.ts:5:6 › ♿ Accessibility Testing › Homepage accessibility compliance 
WCAG checks with Playwright and axe	Run accessibility tests	
WCAG checks with Playwright and axe	Run accessibility tests	    Retry #1 ───────────────────────────────────────────────────────────────────────────────────────
WCAG checks with Playwright and axe	Run accessibility tests	    Error: expect(received).toEqual(expected) // deep equality
WCAG checks with Playwright and axe	Run accessibility tests	
WCAG checks with Playwright and axe	Run accessibility tests	    - Expected  -  1
WCAG checks with Playwright and axe	Run accessibility tests	    + Received  + 95
WCAG checks with Playwright and axe	Run accessibility tests	
WCAG checks with Playwright and axe	Run accessibility tests	    - Array []
WCAG checks with Playwright and axe	Run accessibility tests	    + Array [
WCAG checks with Playwright and axe	Run accessibility tests	    +   Object {
WCAG checks with Playwright and axe	Run accessibility tests	    +     "description": "Ensure buttons have discernible text",
WCAG checks with Playwright and axe	Run accessibility tests	    +     "help": "Buttons must have discernible text",
WCAG checks with Playwright and axe	Run accessibility tests	    +     "helpUrl": "https://dequeuniversity.com/rules/axe/4.13/button-name?application=playwright",
WCAG checks with Playwright and axe	Run accessibility tests	    +     "id": "button-name",
WCAG checks with Playwright and axe	Run accessibility tests	    +     "impact": "critical",
WCAG checks with Playwright and axe	Run accessibility tests	    +     "nodes": Array [
WCAG checks with Playwright and axe	Run accessibility tests	    +       Object {
WCAG checks with Playwright and axe	Run accessibility tests	    +         "all": Array [],
WCAG checks with Playwright and axe	Run accessibility tests	    +         "any": Array [
WCAG checks with Playwright and axe	Run accessibility tests	    +           Object {
WCAG checks with Playwright and axe	Run accessibility tests	    +             "data": null,
WCAG checks with Playwright and axe	Run accessibility tests	    +             "id": "button-has-visible-text",
WCAG checks with Playwright and axe	Run accessibility tests	    +             "impact": "critical",
WCAG checks with Playwright and axe	Run accessibility tests	    +             "message": "Element does not have inner text that is visible to screen readers",
WCAG checks with Playwright and axe	Run accessibility tests	    +             "relatedNodes": Array [],
WCAG checks with Playwright and axe	Run accessibility tests	    +           },
WCAG checks with Playwright and axe	Run accessibility tests	    +           Object {
WCAG checks with Playwright and axe	Run accessibility tests	    +             "data": null,
WCAG checks with Playwright and axe	Run accessibility tests	    +             "id": "aria-label",
WCAG checks with Playwright and axe	Run accessibility tests	    +             "impact": "critical",
WCAG checks with Playwright and axe	Run accessibility tests	    +             "message": "aria-label attribute does not exist or is empty",
WCAG checks with Playwright and axe	Run accessibility tests	    +             "relatedNodes": Array [],
WCAG checks with Playwright and axe	Run accessibility tests	    +           },
WCAG checks with Playwright and axe	Run accessibility tests	    +           Object {
WCAG checks with Playwright and axe	Run accessibility tests	    +             "data": null,
WCAG checks with Playwright and axe	Run accessibility tests	    +             "id": "aria-labelledby",
WCAG checks with Playwright and axe	Run accessibility tests	    +             "impact": "critical",
WCAG checks with Playwright and axe	Run accessibility tests	    +             "message": "aria-labelledby attribute does not exist, references elements that do not exist or references elements that are empty",
WCAG checks with Playwright and axe	Run accessibility tests	    +             "relatedNodes": Array [],
WCAG checks with Playwright and axe	Run accessibility tests	    +           },
WCAG checks with Playwright and axe	Run accessibility tests	    +           Object {
WCAG checks with Playwright and axe	Run accessibility tests	    +             "data": Object {
WCAG checks with Playwright and axe	Run accessibility tests	    +               "messageKey": "noAttr",
WCAG checks with Playwright and axe	Run accessibility tests	    +             },
WCAG checks with Playwright and axe	Run accessibility tests	    +             "id": "non-empty-title",
WCAG checks with Playwright and axe	Run accessibility tests	    +             "impact": "critical",
WCAG checks with Playwright and axe	Run accessibility tests	    +             "message": "Element has no title attribute",
WCAG checks with Playwright and axe	Run accessibility tests	    +             "relatedNodes": Array [],
WCAG checks with Playwright and axe	Run accessibility tests	    +           },
WCAG checks with Playwright and axe	Run accessibility tests	    +           Object {
WCAG checks with Playwright and axe	Run accessibility tests	    +             "data": null,
WCAG checks with Playwright and axe	Run accessibility tests	    +             "id": "implicit-label",
WCAG checks with Playwright and axe	Run accessibility tests	    +             "impact": "critical",
WCAG checks with Playwright and axe	Run accessibility tests	    +             "message": "Element does not have an implicit (wrapped) <label>",
WCAG checks with Playwright and axe	Run accessibility tests	    +             "relatedNodes": Array [],
WCAG checks with Playwright and axe	Run accessibility tests	    +           },
WCAG checks with Playwright and axe	Run accessibility tests	    +           Object {
WCAG checks with Playwright and axe	Run accessibility tests	    +             "data": null,
WCAG checks with Playwright and axe	Run accessibility tests	    +             "id": "explicit-label",
WCAG checks with Playwright and axe	Run accessibility tests	    +             "impact": "critical",
WCAG checks with Playwright and axe	Run accessibility tests	    +             "message": "Element does not have an explicit <label>",
WCAG checks with Playwright and axe	Run accessibility tests	    +             "relatedNodes": Array [],
WCAG checks with Playwright and axe	Run accessibility tests	    +           },
WCAG checks with Playwright and axe	Run accessibility tests	    +           Object {
WCAG checks with Playwright and axe	Run accessibility tests	    +             "data": null,
WCAG checks with Playwright and axe	Run accessibility tests	    +             "id": "presentational-role",
WCAG checks with Playwright and axe	Run accessibility tests	    +             "impact": "critical",
WCAG checks with Playwright and axe	Run accessibility tests	    +             "message": "Element's default semantics were not overridden with role=\"none\" or role=\"presentation\"",
WCAG checks with Playwright and axe	Run accessibility tests	    +             "relatedNodes": Array [],
WCAG checks with Playwright and axe	Run accessibility tests	    +           },
WCAG checks with Playwright and axe	Run accessibility tests	    +         ],
WCAG checks with Playwright and axe	Run accessibility tests	    +         "failureSummary": "Fix any of the following:
WCAG checks with Playwright and axe	Run accessibility tests	    +   Element does not have inner text that is visible to screen readers
WCAG checks with Playwright and axe	Run accessibility tests	    +   aria-label attribute does not exist or is empty
WCAG checks with Playwright and axe	Run accessibility tests	    +   aria-labelledby attribute does not exist, references elements that do not exist or references elements that are empty
WCAG checks with Playwright and axe	Run accessibility tests	    +   Element has no title attribute
WCAG checks with Playwright and axe	Run accessibility tests	    +   Element does not have an implicit (wrapped) <label>
WCAG checks with Playwright and axe	Run accessibility tests	    +   Element does not have an explicit <label>
WCAG checks with Playwright and axe	Run accessibility tests	    +   Element's default semantics were not overridden with role=\"none\" or role=\"presentation\"",
WCAG checks with Playwright and axe	Run accessibility tests	    +         "html": "<button class=\"inline-flex items-ce...\">",
WCAG checks with Playwright and axe	Run accessibility tests	    +         "impact": "critical",
WCAG checks with Playwright and axe	Run accessibility tests	    +         "none": Array [],
WCAG checks with Playwright and axe	Run accessibility tests	    +         "target": Array [
WCAG checks with Playwright and axe	Run accessibility tests	    +           ".\\[\\&_svg\\]\\:pointer-events-none",
WCAG checks with Playwright and axe	Run accessibility tests	    +         ],
WCAG checks with Playwright and axe	Run accessibility tests	    +       },
WCAG checks with Playwright and axe	Run accessibility tests	    +     ],
WCAG checks with Playwright and axe	Run accessibility tests	    +     "tags": Array [
WCAG checks with Playwright and axe	Run accessibility tests	    +       "cat.name-role-value",
WCAG checks with Playwright and axe	Run accessibility tests	    +       "wcag2a",
WCAG checks with Playwright and axe	Run accessibility tests	    +       "wcag412",
WCAG checks with Playwright and axe	Run accessibility tests	    +       "section508",
WCAG checks with Playwright and axe	Run accessibility tests	    +       "section508.22.a",
WCAG checks with Playwright and axe	Run accessibility tests	    +       "TTv5",
WCAG checks with Playwright and axe	Run accessibility tests	    +       "TT6.a",
WCAG checks with Playwright and axe	Run accessibility tests	    +       "EN-301-549",
WCAG checks with Playwright and axe	Run accessibility tests	    +       "EN-9.4.1.2",
WCAG checks with Playwright and axe	Run accessibility tests	    +       "ACT",
WCAG checks with Playwright and axe	Run accessibility tests	    +       "RGAAv4",
WCAG checks with Playwright and axe	Run accessibility tests	    +       "
WCAG checks with Playwright and axe	Run accessibility tests	2026-09-05T22:49:56.5250572Z ##[error]  4) [Mobile Chrome] › e2e/accessibility.spec.ts:5:6 › ♿ Accessibility Testing › Homepage accessibility compliance 
WCAG checks with Playwright and axe	Run accessibility tests	
WCAG checks with Playwright and axe	Run accessibility tests	    Retry #2 ───────────────────────────────────────────────────────────────────────────────────────
WCAG checks with Playwright and axe	Run accessibility tests	    Error: expect(received).toEqual(expected) // deep equality
WCAG checks with Playwright and axe	Run accessibility tests	
WCAG checks with Playwright and axe	Run accessibility tests	    - Expected  -  1
WCAG checks with Playwright and axe	Run accessibility tests	    + Received  + 95
WCAG checks with Playwright and axe	Run accessibility tests	
WCAG checks with Playwright and axe	Run accessibility tests	    - Array []
WCAG checks with Playwright and axe	Run accessibility tests	    + Array [
WCAG checks with Playwright and axe	Run accessibility tests	    +   Object {
WCAG checks with Playwright and axe	Run accessibility tests	    +     "description": "Ensure buttons have discernible text",
WCAG checks with Playwright and axe	Run accessibility tests	    +     "help": "Buttons must have discernible text",
WCAG checks with Playwright and axe	Run accessibility tests	    +     "helpUrl": "https://dequeuniversity.com/rules/axe/4.13/button-name?application=playwright",
WCAG checks with Playwright and axe	Run accessibility tests	    +     "id": "button-name",
WCAG checks with Playwright and axe	Run accessibility tests	    +     "impact": "critical",
WCAG checks with Playwright and axe	Run accessibility tests	    +     "nodes": Array [
WCAG checks with Playwright and axe	Run accessibility tests	    +       Object {
WCAG checks with Playwright and axe	Run accessibility tests	    +         "all": Array [],
WCAG checks with Playwright and axe	Run accessibility tests	    +         "any": Array [
WCAG checks with Playwright and axe	Run accessibility tests	    +           Object {
WCAG checks with Playwright and axe	Run accessibility tests	    +             "data": null,
WCAG checks with Playwright and axe	Run accessibility tests	    +             "id": "button-has-visible-text",
WCAG checks with Playwright and axe	Run accessibility tests	    +             "impact": "critical",
WCAG checks with Playwright and axe	Run accessibility tests	    +             "message": "Element does not have inner text that is visible to screen readers",
WCAG checks with Playwright and axe	Run accessibility tests	    +             "relatedNodes": Array [],
WCAG checks with Playwright and axe	Run accessibility tests	    +           },
WCAG checks with Playwright and axe	Run accessibility tests	    +           Object {
WCAG checks with Playwright and axe	Run accessibility tests	    +             "data": null,
WCAG checks with Playwright and axe	Run accessibility tests	    +             "id": "aria-label",
WCAG checks with Playwright and axe	Run accessibility tests	    +             "impact": "critical",
WCAG checks with Playwright and axe	Run accessibility tests	    +             "message": "aria-label attribute does not exist or is empty",
WCAG checks with Playwright and axe	Run accessibility tests	    +             "relatedNodes": Array [],
WCAG checks with Playwright and axe	Run accessibility tests	    +           },
WCAG checks with Playwright and axe	Run accessibility tests	    +           Object {
WCAG checks with Playwright and axe	Run accessibility tests	    +             "data": null,
WCAG checks with Playwright and axe	Run accessibility tests	    +             "id": "aria-labelledby",
WCAG checks with Playwright and axe	Run accessibility tests	    +             "impact": "critical",
WCAG checks with Playwright and axe	Run accessibility tests	    +             "message": "aria-labelledby attribute does not exist, references elements that do not exist or references elements that are empty",
WCAG checks with Playwright and axe	Run accessibility tests	    +             "relatedNodes": Array [],
WCAG checks with Playwright and axe	Run accessibility tests	    +           },
WCAG checks with Playwright and axe	Run accessibility tests	    +           Object {
WCAG checks with Playwright and axe	Run accessibility tests	    +             "data": Object {
WCAG checks with Playwright and axe	Run accessibility tests	    +               "messageKey": "noAttr",
WCAG checks with Playwright and axe	Run accessibility tests	    +             },
WCAG checks with Playwright and axe	Run accessibility tests	    +             "id": "non-empty-title",
WCAG checks with Playwright and axe	Run accessibility tests	    +             "impact": "critical",
WCAG checks with Playwright and axe	Run accessibility tests	    +             "message": "Element has no title attribute",
WCAG checks with Playwright and axe	Run accessibility tests	    +             "relatedNodes": Array [],
WCAG checks with Playwright and axe	Run accessibility tests	    +           },
WCAG checks with Playwright and axe	Run accessibility tests	    +           Object {
WCAG checks with Playwright and axe	Run accessibility tests	    +             "data": null,
WCAG checks with Playwright and axe	Run accessibility tests	    +             "id": "implicit-label",
WCAG checks with Playwright and axe	Run accessibility tests	    +             "impact": "critical",
WCAG checks with Playwright and axe	Run accessibility tests	    +             "message": "Element does not have an implicit (wrapped) <label>",
WCAG checks with Playwright and axe	Run accessibility tests	    +             "relatedNodes": Array [],
WCAG checks with Playwright and axe	Run accessibility tests	    +           },
WCAG checks with Playwright and axe	Run accessibility tests	    +           Object {
WCAG checks with Playwright and axe	Run accessibility tests	    +             "data": null,
WCAG checks with Playwright and axe	Run accessibility tests	    +             "id": "explicit-label",
WCAG checks with Playwright and axe	Run accessibility tests	    +             "impact": "critical",
WCAG checks with Playwright and axe	Run accessibility tests	    +             "message": "Element does not have an explicit <label>",
WCAG checks with Playwright and axe	Run accessibility tests	    +             "relatedNodes": Array [],
WCAG checks with Playwright and axe	Run accessibility tests	    +           },
WCAG checks with Playwright and axe	Run accessibility tests	    +           Object {
WCAG checks with Playwright and axe	Run accessibility tests	    +             "data": null,
WCAG checks with Playwright and axe	Run accessibility tests	    +             "id": "presentational-role",
WCAG checks with Playwright and axe	Run accessibility tests	    +             "impact": "critical",
WCAG checks with Playwright and axe	Run accessibility tests	    +             "message": "Element's default semantics were not overridden with role=\"none\" or role=\"presentation\"",
WCAG checks with Playwright and axe	Run accessibility tests	    +             "relatedNodes": Array [],
WCAG checks with Playwright and axe	Run accessibility tests	    +           },
WCAG checks with Playwright and axe	Run accessibility tests	    +         ],
WCAG checks with Playwright and axe	Run accessibility tests	    +         "failureSummary": "Fix any of the following:
WCAG checks with Playwright and axe	Run accessibility tests	    +   Element does not have inner text that is visible to screen readers
WCAG checks with Playwright and axe	Run accessibility tests	    +   aria-label attribute does not exist or is empty
WCAG checks with Playwright and axe	Run accessibility tests	    +   aria-labelledby attribute does not exist, references elements that do not exist or references elements that are empty
WCAG checks with Playwright and axe	Run accessibility tests	    +   Element has no title attribute
WCAG checks with Playwright and axe	Run accessibility tests	    +   Element does not have an implicit (wrapped) <label>
WCAG checks with Playwright and axe	Run accessibility tests	    +   Element does not have an explicit <label>
WCAG checks with Playwright and axe	Run accessibility tests	    +   Element's default semantics were not overridden with role=\"none\" or role=\"presentation\"",
WCAG checks with Playwright and axe	Run accessibility tests	    +         "html": "<button class=\"inline-flex items-ce...\">",
WCAG checks with Playwright and axe	Run accessibility tests	    +         "impact": "critical",
WCAG checks with Playwright and axe	Run accessibility tests	    +         "none": Array [],
WCAG checks with Playwright and axe	Run accessibility tests	    +         "target": Array [
WCAG checks with Playwright and axe	Run accessibility tests	    +           ".\\[\\&_svg\\]\\:pointer-events-none",
WCAG checks with Playwright and axe	Run accessibility tests	    +         ],
WCAG checks with Playwright and axe	Run accessibility tests	    +       },
WCAG checks with Playwright and axe	Run accessibility tests	    +     ],
WCAG checks with Playwright and axe	Run accessibility tests	    +     "tags": Array [
WCAG checks with Playwright and axe	Run accessibility tests	    +       "cat.name-role-value",
WCAG checks with Playwright and axe	Run accessibility tests	    +       "wcag2a",
WCAG checks with Playwright and axe	Run accessibility tests	    +       "wcag412",
WCAG checks with Playwright and axe	Run accessibility tests	    +       "section508",
WCAG checks with Playwright and axe	Run accessibility tests	    +       "section508.22.a",
WCAG checks with Playwright and axe	Run accessibility tests	    +       "TTv5",
WCAG checks with Playwright and axe	Run accessibility tests	    +       "TT6.a",
WCAG checks with Playwright and axe	Run accessibility tests	    +       "EN-301-549",
WCAG checks with Playwright and axe	Run accessibility tests	    +       "EN-9.4.1.2",
WCAG checks with Playwright and axe	Run accessibility tests	    +       "ACT",
WCAG checks with Playwright and axe	Run accessibility tests	    +       "RGAAv4",
WCAG checks with Playwright and axe	Run accessibility tests	    +       "
WCAG checks with Playwright and axe	Run accessibility tests	2026-09-05T22:50:00.2622935Z 📝 Note: Found buttons without accessible names (likely icon buttons need aria-label)
WCAG checks with Playwright and axe	Run accessibility tests	2026-09-05T22:50:03.2210068Z ·📋 Interactive elements found: [
WCAG checks with Playwright and axe	Run accessibility tests	2026-09-05T22:50:03.2210673Z   { tagName: 'a', text: 'Green Goods Stipend ' },
WCAG checks with Playwright and axe	Run accessibility tests	2026-09-05T22:50:03.2211031Z   { tagName: 'button', text: 'Connect' },
WCAG checks with Playwright and axe	Run accessibility tests	2026-09-05T22:50:03.2211295Z   { tagName: 'a', text: '' },
WCAG checks with Playwright and axe	Run accessibility tests	2026-09-05T22:50:03.2211599Z   { tagName: 'button', text: '' },
WCAG checks with Playwright and axe	Run accessibility tests	2026-09-05T22:50:03.2211979Z   { tagName: 'button', text: 'Claim' },
WCAG checks with Playwright and axe	Run accessibility tests	2026-09-05T22:50:03.2212365Z   { tagName: 'div', text: 'ClaimClaim your shar' },
WCAG checks with Playwright and axe	Run accessibility tests	2026-09-05T22:50:03.2213052Z   { tagName: 'a', text: 'All jars on this net' },
WCAG checks with Playwright and axe	Run accessibility tests	2026-09-05T22:50:03.2213387Z   { tagName: 'a', text: 'Create a jar' },
WCAG checks with Playwright and axe	Run accessibility tests	2026-09-05T22:50:03.2213720Z   { tagName: 'a', text: 'Your profile' },
WCAG checks with Playwright and axe	Run accessibility tests	2026-09-05T22:50:03.2214110Z   { tagName: 'a', text: 'Stipend playbook' }
WCAG checks with Playwright and axe	Run accessibility tests	2026-09-05T22:50:03.2214468Z ]
WCAG checks with Playwright and axe	Run accessibility tests	2026-09-05T22:50:05.9807513Z ·🔍 Checking 5 form inputs for accessibility...
WCAG checks with Playwright and axe	Run accessibility tests	2026-09-05T22:50:19.6739708Z ··××F
WCAG checks with Playwright and axe	Run accessibility tests	2026-09-05T22:50:19.6744813Z ##[error]  5) [Mobile Chrome] › e2e/accessibility.spec.ts:199:6 › ♿ Accessibility Testing › ARIA roles and landmarks 
WCAG checks with Playwright and axe	Run accessibility tests	    Error: Button 1 should have accessible name
WCAG checks with Playwright and axe	Run accessibility tests	
WCAG checks with Playwright and axe	Run accessibility tests	    expect(received).toBeTruthy()
WCAG checks with Playwright and axe	Run accessibility tests	
WCAG checks with Playwright and axe	Run accessibility tests	    Received: null
WCAG checks with Playwright and axe	Run accessibility tests	
WCAG checks with Playwright and axe	Run accessibility tests	      231 | 					accessibleName,
WCAG checks with Playwright and axe	Run accessibility tests	      232 | 					`Button ${i} should have accessible name`
WCAG checks with Playwright and axe	Run accessibility tests	    > 233 | 				).toBeTruthy();
WCAG checks with Playwright and axe	Run accessibility tests	          | 				  ^
WCAG checks with Playwright and axe	Run accessibility tests	      234 | 			}
WCAG checks with Playwright and axe	Run accessibility tests	      235 | 		}
WCAG checks with Playwright and axe	Run accessibility tests	      236 | 	});
WCAG checks with Playwright and axe	Run accessibility tests	        at /home/runner/work/cookie-jar/cookie-jar/e2e/accessibility.spec.ts:233:7
WCAG checks with Playwright and axe	Run accessibility tests	2026-09-05T22:50:19.6751000Z ##[error]  5) [Mobile Chrome] › e2e/accessibility.spec.ts:199:6 › ♿ Accessibility Testing › ARIA roles and landmarks 
WCAG checks with Playwright and axe	Run accessibility tests	
WCAG checks with Playwright and axe	Run accessibility tests	    Retry #1 ───────────────────────────────────────────────────────────────────────────────────────
WCAG checks with Playwright and axe	Run accessibility tests	    Error: Button 1 should have accessible name
WCAG checks with Playwright and axe	Run accessibility tests	
WCAG checks with Playwright and axe	Run accessibility tests	    expect(received).toBeTruthy()
WCAG checks with Playwright and axe	Run accessibility tests	
WCAG checks with Playwright and axe	Run accessibility tests	    Received: null
WCAG checks with Playwright and axe	Run accessibility tests	
WCAG checks with Playwright and axe	Run accessibility tests	      231 | 					accessibleName,
WCAG checks with Playwright and axe	Run accessibility tests	      232 | 					`Button ${i} should have accessible name`
WCAG checks with Playwright and axe	Run accessibility tests	    > 233 | 				).toBeTruthy();
WCAG checks with Playwright and axe	Run accessibility tests	          | 				  ^
WCAG checks with Playwright and axe	Run accessibility tests	      234 | 			}
WCAG checks with Playwright and axe	Run accessibility tests	      235 | 		}
WCAG checks with Playwright and axe	Run accessibility tests	      236 | 	});
WCAG checks with Playwright and axe	Run accessibility tests	        at /home/runner/work/cookie-jar/cookie-jar/e2e/accessibility.spec.ts:233:7
WCAG checks with Playwright and axe	Run accessibility tests	2026-09-05T22:50:19.6756735Z ##[error]  5) [Mobile Chrome] › e2e/accessibility.spec.ts:199:6 › ♿ Accessibility Testing › ARIA roles and landmarks 
WCAG checks with Playwright and axe	Run accessibility tests	
WCAG checks with Playwright and axe	Run accessibility tests	    Retry #2 ───────────────────────────────────────────────────────────────────────────────────────
WCAG checks with Playwright and axe	Run accessibility tests	    Error: Button 1 should have accessible name
WCAG checks with Playwright and axe	Run accessibility tests	
WCAG checks with Playwright and axe	Run accessibility tests	    expect(received).toBeTruthy()
WCAG checks with Playwright and axe	Run accessibility tests	
WCAG checks with Playwright and axe	Run accessibility tests	    Received: null
WCAG checks with Playwright and axe	Run accessibility tests	
WCAG checks with Playwright and axe	Run accessibility tests	      231 | 					accessibleName,
WCAG checks with Playwright and axe	Run accessibility tests	      232 | 					`Button ${i} should have accessible name`
WCAG checks with Playwright and axe	Run accessibility tests	    > 233 | 				).toBeTruthy();
WCAG checks with Playwright and axe	Run accessibility tests	          | 				  ^
WCAG checks with Playwright and axe	Run accessibility tests	      234 | 			}
WCAG checks with Playwright and axe	Run accessibility tests	      235 | 		}
WCAG checks with Playwright and axe	Run accessibility tests	      236 | 	});
WCAG checks with Playwright and axe	Run accessibility tests	        at /home/runner/work/cookie-jar/cookie-jar/e2e/accessibility.spec.ts:233:7
WCAG checks with Playwright and axe	Run accessibility tests	2026-09-05T22:50:22.6663693Z ⚠️ Button 0 size: 92x40px (should be >= 44x44px)
WCAG checks with Playwright and axe	Run accessibility tests	2026-09-05T22:50:22.6886746Z ⚠️ Button 1 size: 20x20px (should be >= 44x44px)
WCAG checks with Playwright and axe	Run accessibility tests	2026-09-05T22:50:22.7093265Z ⚠️ Button 2 size: 167.5x32px (should be >= 44x44px)
WCAG checks with Playwright and axe	Run accessibility tests	2026-09-05T22:50:22.7218124Z ⚠️ Button 3 size: 167.5x32px (should be >= 44x44px)
WCAG checks with Playwright and axe	Run accessibility tests	2026-09-05T22:50:22.7346839Z ⚠️ Button 4 size: 32x32px (should be >= 44x44px)
WCAG checks with Playwright and axe	Run accessibility tests	2026-09-05T22:50:22.7347843Z 📱 Touch targets: 0/5 buttons are properly sized
WCAG checks with Playwright and axe	Run accessibility tests	2026-09-05T22:50:22.9336752Z ·🔊 Testing mobile screen reader compatibility...
WCAG checks with Playwright and axe	Run accessibility tests	2026-09-05T22:50:26.1738697Z ×🔊 Testing mobile screen reader compatibility...
WCAG checks with Playwright and axe	Run accessibility tests	2026-09-05T22:50:29.5719639Z ×🔊 Testing mobile screen reader compatibility...
WCAG checks with Playwright and axe	Run accessibility tests	2026-09-05T22:50:32.3793150Z F
WCAG checks with Playwright and axe	Run accessibility tests	2026-09-05T22:50:32.3807334Z ##[error]  6) [Mobile Chrome] › e2e/mobile-experience.spec.ts:523:7 › 📱 Mobile Experience E2E › Mobile Accessibility › Mobile screen reader compatibility 
WCAG checks with Playwright and axe	Run accessibility tests	    Error: expect(received).toBeTruthy()
WCAG checks with Playwright and axe	Run accessibility tests	
WCAG checks with Playwright and axe	Run accessibility tests	    Received: null
WCAG checks with Playwright and axe	Run accessibility tests	
WCAG checks with Playwright and axe	Run accessibility tests	      547 | 						(await button.textContent()) ||
WCAG checks with Playwright and axe	Run accessibility tests	      548 | 						(await button.getAttribute("aria-label"));
WCAG checks with Playwright and axe	Run accessibility tests	    > 549 | 					expect(accessibleName).toBeTruthy();
WCAG checks with Playwright and axe	Run accessibility tests	          | 					                       ^
WCAG checks with Playwright and axe	Run accessibility tests	      550 | 				}
WCAG checks with Playwright and axe	Run accessibility tests	      551 | 			}
WCAG checks with Playwright and axe	Run accessibility tests	      552 | 		});
WCAG checks with Playwright and axe	Run accessibility tests	        at /home/runner/work/cookie-jar/cookie-jar/e2e/mobile-experience.spec.ts:549:29
WCAG checks with Playwright and axe	Run accessibility tests	2026-09-05T22:50:32.3813015Z ##[error]  6) [Mobile Chrome] › e2e/mobile-experience.spec.ts:523:7 › 📱 Mobile Experience E2E › Mobile Accessibility › Mobile screen reader compatibility 
WCAG checks with Playwright and axe	Run accessibility tests	
WCAG checks with Playwright and axe	Run accessibility tests	    Retry #1 ───────────────────────────────────────────────────────────────────────────────────────
WCAG checks with Playwright and axe	Run accessibility tests	    Error: expect(received).toBeTruthy()
WCAG checks with Playwright and axe	Run accessibility tests	
WCAG checks with Playwright and axe	Run accessibility tests	    Received: null
WCAG checks with Playwright and axe	Run accessibility tests	
WCAG checks with Playwright and axe	Run accessibility tests	      547 | 						(await button.textContent()) ||
WCAG checks with Playwright and axe	Run accessibility tests	      548 | 						(await button.getAttribute("aria-label"));
WCAG checks with Playwright and axe	Run accessibility tests	    > 549 | 					expect(accessibleName).toBeTruthy();
WCAG checks with Playwright and axe	Run accessibility tests	          | 					                       ^
WCAG checks with Playwright and axe	Run accessibility tests	      550 | 				}
WCAG checks with Playwright and axe	Run accessibility tests	      551 | 			}
WCAG checks with Playwright and axe	Run accessibility tests	      552 | 		});
WCAG checks with Playwright and axe	Run accessibility tests	        at /home/runner/work/cookie-jar/cookie-jar/e2e/mobile-experience.spec.ts:549:29
WCAG checks with Playwright and axe	Run accessibility tests	2026-09-05T22:50:32.3818193Z ##[error]  6) [Mobile Chrome] › e2e/mobile-experience.spec.ts:523:7 › 📱 Mobile Experience E2E › Mobile Accessibility › Mobile screen reader compatibility 
WCAG checks with Playwright and axe	Run accessibility tests	
WCAG checks with Playwright and axe	Run accessibility tests	    Retry #2 ───────────────────────────────────────────────────────────────────────────────────────
WCAG checks with Playwright and axe	Run accessibility tests	    Error: expect(received).toBeTruthy()
WCAG checks with Playwright and axe	Run accessibility tests	
WCAG checks with Playwright and axe	Run accessibility tests	    Received: null
WCAG checks with Playwright and axe	Run accessibility tests	
WCAG checks with Playwright and axe	Run accessibility tests	      547 | 						(await button.textContent()) ||
WCAG checks with Playwright and axe	Run accessibility tests	      548 | 						(await button.getAttribute("aria-label"));
WCAG checks with Playwright and axe	Run accessibility tests	    > 549 | 					expect(accessibleName).toBeTruthy();
WCAG checks with Playwright and axe	Run accessibility tests	          | 					                       ^
WCAG checks with Playwright and axe	Run accessibility tests	      550 | 				}
WCAG checks with Playwright and axe	Run accessibility tests	      551 | 			}
WCAG checks with Playwright and axe	Run accessibility tests	      552 | 		});
WCAG checks with Playwright and axe	Run accessibility tests	        at /home/runner/work/cookie-jar/cookie-jar/e2e/mobile-experience.spec.ts:549:29
WCAG checks with Playwright and axe	Run accessibility tests	2026-09-05T22:50:32.8747690Z ⌨️ Testing mobile keyboard navigation...
WCAG checks with Playwright and axe	Run accessibility tests	2026-09-05T22:50:35.7565103Z ·
WCAG checks with Playwright and axe	Run accessibility tests	2026-09-05T22:50:35.7567281Z 
WCAG checks with Playwright and axe	Run accessibility tests	2026-09-05T22:50:35.7576460Z   1) [Desktop Chrome] › e2e/accessibility.spec.ts:5:6 › ♿ Accessibility Testing › Homepage accessibility compliance 
WCAG checks with Playwright and axe	Run accessibility tests	2026-09-05T22:50:35.7576997Z 
WCAG checks with Playwright and axe	Run accessibility tests	2026-09-05T22:50:35.7577391Z     Error: expect(received).toEqual(expected) // deep equality
WCAG checks with Playwright and axe	Run accessibility tests	2026-09-05T22:50:35.7577656Z 
WCAG checks with Playwright and axe	Run accessibility tests	2026-09-05T22:50:35.7577813Z     - Expected  -  1
WCAG checks with Playwright and axe	Run accessibility tests	2026-09-05T22:50:35.7578212Z     + Received  + 95
WCAG checks with Playwright and axe	Run accessibility tests	2026-09-05T22:50:35.7578456Z 
WCAG checks with Playwright and axe	Run accessibility tests	2026-09-05T22:50:35.7578649Z     - Array []
WCAG checks with Playwright and axe	Run accessibility tests	2026-09-05T22:50:35.7578953Z     + Array [
WCAG checks with Playwright and axe	Run accessibility tests	2026-09-05T22:50:35.7579221Z     +   Object {
WCAG checks with Playwright and axe	Run accessibility tests	2026-09-05T22:50:35.7579657Z     +     "description": "Ensure buttons have discernible text",
WCAG checks with Playwright and axe	Run accessibility tests	2026-09-05T22:50:35.7580110Z     +     "help": "Buttons must have discernible text",
WCAG checks with Playwright and axe	Run accessibility tests	2026-09-05T22:50:35.7580706Z     +     "helpUrl": "https://dequeuniversity.com/rules/axe/4.13/button-name?application=playwright",
WCAG checks with Playwright and axe	Run accessibility tests	2026-09-05T22:50:35.7581278Z     +     "id": "button-name",
WCAG checks with Playwright and axe	Run accessibility tests	2026-09-05T22:50:35.7581611Z     +     "impact": "critical",
WCAG checks with Playwright and axe	Run accessibility tests	2026-09-05T22:50:35.7581968Z     +     "nodes": Array [
WCAG checks with Playwright and axe	Run accessibility tests	2026-09-05T22:50:35.7582276Z     +       Object {
WCAG checks with Playwright and axe	Run accessibility tests	2026-09-05T22:50:35.7582595Z     +         "all": Array [],
WCAG checks with Playwright and axe	Run accessibility tests	2026-09-05T22:50:35.7582885Z     +         "any": Array [
WCAG checks with Playwright and axe	Run accessibility tests	2026-09-05T22:50:35.7583217Z     +           Object {
WCAG checks with Playwright and axe	Run accessibility tests	2026-09-05T22:50:35.7583534Z     +             "data": null,
WCAG checks with Playwright and axe	Run accessibility tests	2026-09-05T22:50:35.7583816Z     +             "id": "button-has-visible-text",
WCAG checks with Playwright and axe	Run accessibility tests	2026-09-05T22:50:35.7584301Z     +             "impact": "critical",
WCAG checks with Playwright and axe	Run accessibility tests	2026-09-05T22:50:35.7584823Z     +             "message": "Element does not have inner text that is visible to screen readers",
WCAG checks with Playwright and axe	Run accessibility tests	2026-09-05T22:50:35.7585430Z     +             "relatedNodes": Array [],
WCAG checks with Playwright and axe	Run accessibility tests	2026-09-05T22:50:35.7585817Z     +           },
WCAG checks with Playwright and axe	Run accessibility tests	2026-09-05T22:50:35.7586232Z     +           Object {
WCAG checks with Playwright and axe	Run accessibility tests	2026-09-05T22:50:35.7586574Z     +             "data": null,
WCAG checks with Playwright and axe	Run accessibility tests	2026-09-05T22:50:35.7586930Z     +             "id": "aria-label",
WCAG checks with Playwright and axe	Run accessibility tests	2026-09-05T22:50:35.7587266Z     +             "impact": "critical",
WCAG checks with Playwright and axe	Run accessibility tests	2026-09-05T22:50:35.7587721Z     +             "message": "aria-label attribute does not exist or is empty",
WCAG checks with Playwright and axe	Run accessibility tests	2026-09-05T22:50:35.7588408Z     +             "relatedNodes": Array [],
WCAG checks with Playwright and axe	Run accessibility tests	2026-09-05T22:50:35.7588755Z     +           },
WCAG checks with Playwright and axe	Run accessibility tests	2026-09-05T22:50:35.7589017Z     +           Object {
WCAG checks with Playwright and axe	Run accessibility tests	2026-09-05T22:50:35.7589373Z     +             "data": null,
WCAG checks with Playwright and axe	Run accessibility tests	2026-09-05T22:50:35.7589644Z     +             "id": "aria-labelledby",
WCAG checks with Playwright and axe	Run accessibility tests	2026-09-05T22:50:35.7589912Z     +             "impact": "critical",
WCAG checks with Playwright and axe	Run accessibility tests	2026-09-05T22:50:35.7590485Z     +             "message": "aria-labelledby attribute does not exist, references elements that do not exist or references elements that are empty",
WCAG checks with Playwright and axe	Run accessibility tests	2026-09-05T22:50:35.7591131Z     +             "relatedNodes": Array [],
WCAG checks with Playwright and axe	Run accessibility tests	2026-09-05T22:50:35.7591552Z     +           },
WCAG checks with Playwright and axe	Run accessibility tests	2026-09-05T22:50:35.7591886Z     +           Object {
WCAG checks with Playwright and axe	Run accessibility tests	2026-09-05T22:50:35.7592236Z     +             "data": Object {
WCAG checks with Playwright and axe	Run accessibility tests	2026-09-05T22:50:35.7592545Z     +               "messageKey": "noAttr",
WCAG checks with Playwright and axe	Run accessibility tests	2026-09-05T22:50:35.7592943Z     +             },
WCAG checks with Playwright and axe	Run accessibility tests	2026-09-05T22:50:35.7593250Z     +             "id": "non-empty-title",
WCAG checks with Playwright and axe	Run accessibility tests	2026-09-05T22:50:35.7593607Z     +             "impact": "critical",
WCAG checks with Playwright and axe	Run accessibility tests	2026-09-05T22:50:35.7594008Z     +             "message": "Element has no title attribute",
WCAG checks with Playwright and axe	Run accessibility tests	2026-09-05T22:50:35.7594388Z     +             "relatedNodes": Array [],
WCAG checks with Playwright and axe	Run accessibility tests	2026-09-05T22:50:35.7594744Z     +           },
WCAG checks with Playwright and axe	Run accessibility tests	2026-09-05T22:50:35.7595183Z     +           Object {
WCAG checks with Playwright and axe	Run accessibility tests	2026-09-05T22:50:35.7595497Z     +             "data": null,
WCAG checks with Playwright and axe	Run accessibility tests	2026-09-05T22:50:35.7596014Z     +             "id": "implicit-label",
WCAG checks with Playwright and axe	Run accessibility tests	2026-09-05T22:50:35.7596426Z     +             "impact": "critical",
WCAG checks with Playwright and axe	Run accessibility tests	2026-09-05T22:50:35.7596856Z     +             "message": "Element does not have an implicit (wrapped) <label>",
WCAG checks with Playwright and axe	Run accessibility tests	2026-09-05T22:50:35.7597293Z     +             "relatedNodes": Array [],
WCAG checks with Playwright and axe	Run accessibility tests	2026-09-05T22:50:35.7597644Z     +           },
WCAG checks with Playwright and axe	Run accessibility tests	2026-09-05T22:50:35.7597888Z     +           Object {
WCAG checks with Playwright and axe	Run accessibility tests	2026-09-05T22:50:35.7598186Z     +             "data": null,
WCAG checks with Playwright and axe	Run accessibility tests	2026-09-05T22:50:35.7598476Z     +             "id": "explicit-label",
WCAG checks with Playwright and axe	Run accessibility tests	2026-09-05T22:50:35.7598765Z     +             "impact": "critical",
WCAG checks with Playwright and axe	Run accessibility tests	2026-09-05T22:50:35.7599082Z     +             "message": "Element does not have an explicit <label>",
WCAG checks with Playwright and axe	Run accessibility tests	2026-09-05T22:50:35.7599565Z     +             "relatedNodes": Array [],
WCAG checks with Playwright and axe	Run accessibility tests	2026-09-05T22:50:35.7599854Z     +           },
WCAG checks with Playwright and axe	Run accessibility tests	2026-09-05T22:50:35.7600080Z     +           Object {
WCAG checks with Playwright and axe	Run accessibility tests	2026-09-05T22:50:35.7600357Z     +             "data": null,
WCAG checks with Playwright and axe	Run accessibility tests	2026-09-05T22:50:35.7600624Z     +             "id": "presentational-role",
WCAG checks with Playwright and axe	Run accessibility tests	2026-09-05T22:50:35.7600944Z     +             "impact": "critical",
WCAG checks with Playwright and axe	Run accessibility tests	2026-09-05T22:50:35.7601415Z     +             "message": "Element's default semantics were not overridden with role=\"none\" or role=\"presentation\"",
WCAG checks with Playwright and axe	Run accessibility tests	2026-09-05T22:50:35.7601932Z     +             "relatedNodes": Array [],
WCAG checks with Playwright and axe	Run accessibility tests	2026-09-05T22:50:35.7602209Z     +           },
WCAG checks with Playwright and axe	Run accessibility tests	2026-09-05T22:50:35.7602469Z     +         ],
WCAG checks with Playwright and axe	Run accessibility tests	2026-09-05T22:50:35.7602750Z     +         "failureSummary": "Fix any of the following:
WCAG checks with Playwright and axe	Run accessibility tests	2026-09-05T22:50:35.7603107Z     +   Element does not have inner text that is visible to screen readers
WCAG checks with Playwright and axe	Run accessibility tests	2026-09-05T22:50:35.7603591Z     +   aria-label attribute does not exist or is empty
WCAG checks with Playwright and axe	Run accessibility tests	2026-09-05T22:50:35.7604091Z     +   aria-labelledby attribute does not exist, references elements that do not exist or references elements that are empty
WCAG checks with Playwright and axe	Run accessibility tests	2026-09-05T22:50:35.7604565Z     +   Element has no title attribute
WCAG checks with Playwright and axe	Run accessibility tests	2026-09-05T22:50:35.7605164Z     +   Element does not have an implicit (wrapped) <label>
WCAG checks with Playwright and axe	Run accessibility tests	2026-09-05T22:50:35.7605545Z     +   Element does not have an explicit <label>
WCAG checks with Playwright and axe	Run accessibility tests	2026-09-05T22:50:35.7606138Z     +   Element's default semantics were not overridden with role=\"none\" or role=\"presentation\"",
WCAG checks with Playwright and axe	Run accessibility tests	2026-09-05T22:50:35.7606698Z     +         "html": "<button class=\"inline-flex items-ce...\">",
WCAG checks with Playwright and axe	Run accessibility tests	2026-09-05T22:50:35.7607066Z     +         "impact": "critical",
WCAG checks with Playwright and axe	Run accessibility tests	2026-09-05T22:50:35.7607416Z     +         "none": Array [],
WCAG checks with Playwright and axe	Run accessibility tests	2026-09-05T22:50:35.7607703Z     +         "target": Array [
WCAG checks with Playwright and axe	Run accessibility tests	2026-09-05T22:50:35.7608104Z     +           ".\\[\\&_svg\\]\\:pointer-events-none",
WCAG checks with Playwright and axe	Run accessibility tests	2026-09-05T22:50:35.7608596Z     +         ],
WCAG checks with Playwright and axe	Run accessibility tests	2026-09-05T22:50:35.7609020Z     +       },
WCAG checks with Playwright and axe	Run accessibility tests	2026-09-05T22:50:35.7609296Z     +     ],
WCAG checks with Playwright and axe	Run accessibility tests	2026-09-05T22:50:35.7609611Z     +     "tags": Array [
WCAG checks with Playwright and axe	Run accessibility tests	2026-09-05T22:50:35.7610063Z     +       "cat.name-role-value",
WCAG checks with Playwright and axe	Run accessibility tests	2026-09-05T22:50:35.7610438Z     +       "wcag2a",
WCAG checks with Playwright and axe	Run accessibility tests	2026-09-05T22:50:35.7610816Z     +       "wcag412",
WCAG checks with Playwright and axe	Run accessibility tests	2026-09-05T22:50:35.7611161Z     +       "section508",
WCAG checks with Playwright and axe	Run accessibility tests	2026-09-05T22:50:35.7611535Z     +       "section508.22.a",
WCAG checks with Playwright and axe	Run accessibility tests	2026-09-05T22:50:35.7611966Z     +       "TTv5",
WCAG checks with Playwright and axe	Run accessibility tests	2026-09-05T22:50:35.7612340Z     +       "TT6.a",
WCAG checks with Playwright and axe	Run accessibility tests	2026-09-05T22:50:35.7612718Z     +       "EN-301-549",
WCAG checks with Playwright and axe	Run accessibility tests	2026-09-05T22:50:35.7613080Z     +       "EN-9.4.1.2",
WCAG checks with Playwright and axe	Run accessibility tests	2026-09-05T22:50:35.7613465Z     +       "ACT",
WCAG checks with Playwright and axe	Run accessibility tests	2026-09-05T22:50:35.7613854Z     +       "RGAAv4",
WCAG checks with Playwright and axe	Run accessibility tests	2026-09-05T22:50:35.7614268Z     +       "RGAA-11.9.1",
WCAG checks with Playwright and axe	Run accessibility tests	2026-09-05T22:50:35.7614765Z     +     ],
WCAG checks with Playwright and axe	Run accessibility tests	2026-09-05T22:50:35.7615229Z     +   },
WCAG checks with Playwright and axe	Run accessibility tests	2026-09-05T22:50:35.7615509Z     + ]
WCAG checks with Playwright and axe	Run accessibility tests	2026-09-05T22:50:35.7615696Z 
WCAG checks with Playwright and axe	Run accessibility tests	2026-09-05T22:50:35.7615830Z       16 | 		);
WCAG checks with Playwright and axe	Run accessibility tests	2026-09-05T22:50:35.7616072Z       17 |
WCAG checks with Playwright and axe	Run accessibility tests	2026-09-05T22:50:35.7616474Z     > 18 | 		expect(criticalViolations).toEqual([]);
WCAG checks with Playwright and axe	Run accessibility tests	2026-09-05T22:50:35.7616882Z          | 		                           ^
WCAG checks with Playwright and axe	Run accessibility tests	2026-09-05T22:50:35.7617253Z       19 |
WCAG checks with Playwright and axe	Run accessibility tests	2026-09-05T22:50:35.7618514Z       20 | 		if (accessibilityScanResults.violations.length > 0) {
WCAG checks with Playwright and axe	Run accessibility tests	2026-09-05T22:50:35.7618955Z       21 | 			console.log(
WCAG checks with Playwright and axe	Run accessibility tests	2026-09-05T22:50:35.7619397Z         at /home/runner/work/cookie-jar/cookie-jar/e2e/accessibility.spec.ts:18:30
WCAG checks with Playwright and axe	Run accessibility tests	2026-09-05T22:50:35.7625700Z 
WCAG checks with Playwright and axe	Run accessibility tests	2026-09-05T22:50:35.7626169Z     attachment #1: screenshot (image/png) ──────────────────────────────────────────────────────────
WCAG checks with Playwright and axe	Run accessibility tests	2026-09-05T22:50:35.7627067Z     e2e/test-results/accessibility-♿-Accessibil-f9f3a-ge-accessibility-compliance-Desktop-Chrome/test-failed-1.png
WCAG checks with Playwright and axe	Run accessibility tests	2026-09-05T22:50:35.7627701Z     ────────────────────────────────────────────────────────────────────────────────────────────────
WCAG checks with Playwright and axe	Run accessibility tests	2026-09-05T22:50:35.7627926Z 
WCAG checks with Playwright and axe	Run accessibility tests	2026-09-05T22:50:35.7628249Z     attachment #2: video (video/webm) ──────────────────────────────────────────────────────────────
WCAG checks with Playwright and axe	Run accessibility tests	2026-09-05T22:50:35.7628885Z     e2e/test-results/accessibility-♿-Accessibil-f9f3a-ge-accessibility-compliance-Desktop-Chrome/video.webm
WCAG checks with Playwright and axe	Run accessibility tests	2026-09-05T22:50:35.7629469Z     ────────────────────────────────────────────────────────────────────────────────────────────────
WCAG checks with Playwright and axe	Run accessibility tests	2026-09-05T22:50:35.7629718Z 
WCAG checks with Playwright and axe	Run accessibility tests	2026-09-05T22:50:35.7630032Z     attachment #3: video (video/webm) ──────────────────────────────────────────────────────────────
WCAG checks with Playwright and axe	Run accessibility tests	2026-09-05T22:50:35.7630689Z     e2e/test-results/accessibility-♿-Accessibil-f9f3a-ge-accessibility-compliance-Desktop-Chrome/video-1.webm
WCAG checks with Playwright and axe	Run accessibility tests	2026-09-05T22:50:35.7631312Z     ────────────────────────────────────────────────────────────────────────────────────────────────
WCAG checks with Playwright and axe	Run accessibility tests	2026-09-05T22:50:35.7631512Z 
WCAG checks with Playwright and axe	Run accessibility tests	2026-09-05T22:50:35.7631941Z     Error Context: e2e/test-results/accessibility-♿-Accessibil-f9f3a-ge-accessibility-compliance-Desktop-Chrome/error-context.md
WCAG checks with Playwright and axe	Run accessibility tests	2026-09-05T22:50:35.7632335Z 
WCAG checks with Playwright and axe	Run accessibility tests	2026-09-05T22:50:35.7632620Z     attachment #5: trace (application/zip) ─────────────────────────────────────────────────────────
WCAG checks with Playwright and axe	Run accessibility tests	2026-09-05T22:50:35.7633374Z     e2e/test-results/accessibility-♿-Accessibil-f9f3a-ge-accessibility-compliance-Desktop-Chrome/trace.zip
WCAG checks with Playwright and axe	Run accessibility tests	2026-09-05T22:50:35.7633777Z     Usage:
WCAG checks with Playwright and axe	Run accessibility tests	2026-09-05T22:50:35.7633933Z 
WCAG checks with Playwright and axe	Run accessibility tests	2026-09-05T22:50:35.7634379Z         npx playwright show-trace e2e/test-results/accessibility-♿-Accessibil-f9f3a-ge-accessibility-compliance-Desktop-Chrome/trace.zip
WCAG checks with Playwright and axe	Run accessibility tests	2026-09-05T22:50:35.7634752Z 
WCAG checks with Playwright and axe	Run accessibility tests	2026-09-05T22:50:35.7635181Z     ────────────────────────────────────────────────────────────────────────────────────────────────
WCAG checks with Playwright and axe	Run accessibility tests	2026-09-05T22:50:35.7635417Z 
WCAG checks with Playwright and axe	Run accessibility tests	2026-09-05T22:50:35.7635718Z     Retry #1 ───────────────────────────────────────────────────────────────────────────────────────
WCAG checks with Playwright and axe	Run accessibility tests	2026-09-05T22:50:35.7635928Z 
WCAG checks with Playwright and axe	Run accessibility tests	2026-09-05T22:50:35.7636118Z     Error: expect(received).toEqual(expected) // deep equality
WCAG checks with Playwright and axe	Run accessibility tests	2026-09-05T22:50:35.7636317Z 
WCAG checks with Playwright and axe	Run accessibility tests	2026-09-05T22:50:35.7636456Z     - Expected  -  1
WCAG checks with Playwright and axe	Run accessibility tests	2026-09-05T22:50:35.7636752Z     + Received  + 95
WCAG checks with Playwright and axe	Run accessibility tests	2026-09-05T22:50:35.7636866Z 
WCAG checks with Playwright and axe	Run accessibility tests	2026-09-05T22:50:35.7636980Z     - Array []
WCAG checks with Playwright and axe	Run accessibility tests	2026-09-05T22:50:35.7637216Z     + Array [
WCAG checks with Playwright and axe	Run accessibility tests	2026-09-05T22:50:35.7637459Z     +   Object {
WCAG checks with Playwright and axe	Run accessibility tests	2026-09-05T22:50:35.7637759Z     +     "description": "Ensure buttons have discernible text",
WCAG checks with Playwright and axe	Run accessibility tests	2026-09-05T22:50:35.7638120Z     +     "help": "Buttons must have discernible text",
WCAG checks with Playwright and axe	Run accessibility tests	2026-09-05T22:50:35.7638579Z     +     "helpUrl": "https://dequeuniversity.com/rules/axe/4.13/button-name?application=playwright",
WCAG checks with Playwright and axe	Run accessibility tests	2026-09-05T22:50:35.7639104Z     +     "id": "button-name",
WCAG checks with Playwright and axe	Run accessibility tests	2026-09-05T22:50:35.7639365Z     +     "impact": "critical",
WCAG checks with Playwright and axe	Run accessibility tests	2026-09-05T22:50:35.7639683Z     +     "nodes": Array [
WCAG checks with Playwright and axe	Run accessibility tests	2026-09-05T22:50:35.7639919Z     +       Object {
WCAG checks with Playwright and axe	Run accessibility tests	2026-09-05T22:50:35.7640154Z     +         "all": Array [],
WCAG checks with Playwright and axe	Run accessibility tests	2026-09-05T22:50:35.7640434Z     +         "any": Array [
WCAG checks with Playwright and axe	Run accessibility tests	2026-09-05T22:50:35.7640659Z     +           Object {
WCAG checks with Playwright and axe	Run accessibility tests	2026-09-05T22:50:35.7640944Z     +             "data": null,
WCAG checks with Playwright and axe	Run accessibility tests	2026-09-05T22:50:35.7641262Z     +             "id": "button-has-visible-text",
WCAG checks with Playwright and axe	Run accessibility tests	2026-09-05T22:50:35.7641568Z     +             "impact": "critical",
WCAG checks with Playwright and axe	Run accessibility tests	2026-09-05T22:50:35.7641947Z     +             "message": "Element does not have inner text that is visible to screen readers",
WCAG checks with Playwright and axe	Run accessibility tests	2026-09-05T22:50:35.7642339Z     +             "relatedNodes": Array [],
WCAG checks with Playwright and axe	Run accessibility tests	2026-09-05T22:50:35.7642629Z     +           },
WCAG checks with Playwright and axe	Run accessibility tests	2026-09-05T22:50:35.7642845Z     +           Object {
WCAG checks with Playwright and axe	Run accessibility tests	2026-09-05T22:50:35.7643135Z     +             "data": null,
WCAG checks with Playwright and axe	Run accessibility tests	2026-09-05T22:50:35.7643391Z     +             "id": "aria-label",
WCAG checks with Playwright and axe	Run accessibility tests	2026-09-05T22:50:35.7643667Z     +             "impact": "critical",
WCAG checks with Playwright and axe	Run accessibility tests	2026-09-05T22:50:35.7644051Z     +             "message": "aria-label attribute does not exist or is empty",
WCAG checks with Playwright and axe	Run accessibility tests	2026-09-05T22:50:35.7644368Z     +             "relatedNodes": Array [],
WCAG checks with Playwright and axe	Run accessibility tests	2026-09-05T22:50:35.7644640Z     +           },
WCAG checks with Playwright and axe	Run accessibility tests	2026-09-05T22:50:35.7645071Z     +           Object {
WCAG checks with Playwright and axe	Run accessibility tests	2026-09-05T22:50:35.7645371Z     +             "data": null,
WCAG checks with Playwright and axe	Run accessibility tests	2026-09-05T22:50:35.7645686Z     +             "id": "aria-labelledby",
WCAG checks with Playwright and axe	Run accessibility tests	2026-09-05T22:50:35.7645990Z     +             "impact": "critical",
WCAG checks with Playwright and axe	Run accessibility tests	2026-09-05T22:50:35.7646509Z     +             "message": "aria-labelledby attribute does not exist, references elements that do not exist or references elements that are empty",
WCAG checks with Playwright and axe	Run accessibility tests	2026-09-05T22:50:35.7647067Z     +             "relatedNodes": Array [],
WCAG checks with Playwright and axe	Run accessibility tests	2026-09-05T22:50:35.7647379Z     +           },
WCAG checks with Playwright and axe	Run accessibility tests	2026-09-05T22:50:35.7647599Z     +           Object {
WCAG checks with Playwright and axe	Run accessibility tests	2026-09-05T22:50:35.7647841Z     +             "data": Object {
WCAG checks with Playwright and axe	Run accessibility tests	2026-09-05T22:50:35.7648140Z     +               "messageKey": "noAttr",
WCAG checks with Playwright and axe	Run accessibility tests	2026-09-05T22:50:35.7648403Z     +             },
WCAG checks with Playwright and axe	Run accessibility tests	2026-09-05T22:50:35.7648671Z     +             "id": "non-empty-title",
WCAG checks with Playwright and axe	Run accessibility tests	2026-09-05T22:50:35.7648967Z     +             "impact": "critical",
WCAG checks with Playwright and axe	Run accessibility tests	2026-09-05T22:50:35.7649309Z     +             "message": "Element has no title attribute",
WCAG checks with Playwright and axe	Run accessibility tests	2026-09-05T22:50:35.7649615Z     +             "relatedNodes": Array [],
WCAG checks with Playwright and axe	Run accessibility tests	2026-09-05T22:50:35.7649905Z     +           },
WCAG checks with Playwright and axe	Run accessibility tests	2026-09-05T22:50:35.7650129Z     +           Object {
WCAG checks with Playwright and axe	Run accessibility tests	2026-09-05T22:50:35.7650377Z     +             "data": null,
WCAG checks with Playwright and axe	Run accessibility tests	2026-09-05T22:50:35.7650666Z     +             "id": "implicit-label",
WCAG checks with Playwright and axe	Run accessibility tests	2026-09-05T22:50:35.7650957Z     +             "impact": "critical",
WCAG checks with Playwright and axe	Run accessibility tests	2026-09-05T22:50:35.7651285Z     +             "message": "Element does not have an implicit (wrapped) <label>",
WCAG checks with Playwright and axe	Run accessibility tests	2026-09-05T22:50:35.7651658Z     +             "relatedNodes": Array [],
WCAG checks with Playwright and axe	Run accessibility tests	2026-09-05T22:50:35.7651892Z     +           },
WCAG checks with Playwright and axe	Run accessibility tests	2026-09-05T22:50:35.7652120Z     +           Object {
WCAG checks with Playwright and axe	Run accessibility tests	2026-09-05T22:50:35.7652401Z     +             "data": null,
WCAG checks with Playwright and axe	Run accessibility tests	2026-09-05T22:50:35.7652664Z     +             "id": "explicit-label",
WCAG checks with Playwright and axe	Run accessibility tests	2026-09-05T22:50:35.7652924Z     +             "impact": "critical",
WCAG checks with Playwright and axe	Run accessibility tests	2026-09-05T22:50:35.7653265Z     +             "message": "Element does not have an explicit <label>",
WCAG checks with Playwright and axe	Run accessibility tests	2026-09-05T22:50:35.7653585Z     +             "relatedNodes": Array [],
WCAG checks with Playwright and axe	Run accessibility tests	2026-09-05T22:50:35.7653843Z     +           },
WCAG checks with Playwright and axe	Run accessibility tests	2026-09-05T22:50:35.7654085Z     +           Object {
WCAG checks with Playwright and axe	Run accessibility tests	2026-09-05T22:50:35.7654322Z     +             "data": null,
WCAG checks with Playwright and axe	Run accessibility tests	2026-09-05T22:50:35.7654592Z     +             "id": "presentational-role",
WCAG checks with Playwright and axe	Run accessibility tests	2026-09-05T22:50:35.7655093Z     +             "impact": "critical",
WCAG checks with Playwright and axe	Run accessibility tests	2026-09-05T22:50:35.7655522Z     +             "message": "Element's default semantics were not overridden with role=\"none\" or role=\"presentation\"",
WCAG checks with Playwright and axe	Run accessibility tests	2026-09-05T22:50:35.7655958Z     +             "relatedNodes": Array [],
WCAG checks with Playwright and axe	Run accessibility tests	2026-09-05T22:50:35.7656230Z     +           },
WCAG checks with Playwright and axe	Run accessibility tests	2026-09-05T22:50:35.7656445Z     +         ],
WCAG checks with Playwright and axe	Run accessibility tests	2026-09-05T22:50:35.7656735Z     +         "failureSummary": "Fix any of the following:
WCAG checks with Playwright and axe	Run accessibility tests	2026-09-05T22:50:35.7657203Z     +   Element does not have inner text that is visible to screen readers
WCAG checks with Playwright and axe	Run accessibility tests	2026-09-05T22:50:35.7657569Z     +   aria-label attribute does not exist or is empty
WCAG checks with Playwright and axe	Run accessibility tests	2026-09-05T22:50:35.7658046Z     +   aria-labelledby attribute does not exist, references elements that do not exist or references elements that are empty
WCAG checks with Playwright and axe	Run accessibility tests	2026-09-05T22:50:35.7658539Z     +   Element has no title attribute
WCAG checks with Playwright and axe	Run accessibility tests	2026-09-05T22:50:35.7658836Z     +   Element does not have an implicit (wrapped) <label>
WCAG checks with Playwright and axe	Run accessibility tests	2026-09-05T22:50:35.7659151Z     +   Element does not have an explicit <label>
WCAG checks with Playwright and axe	Run accessibility tests	2026-09-05T22:50:35.7659602Z     +   Element's default semantics were not overridden with role=\"none\" or role=\"presentation\"",
WCAG checks with Playwright and axe	Run accessibility tests	2026-09-05T22:50:35.7660018Z     +         "html": "<button class=\"inline-flex items-ce...\">",
WCAG checks with Playwright and axe	Run accessibility tests	2026-09-05T22:50:35.7660368Z     +         "impact": "critical",
WCAG checks with Playwright and axe	Run accessibility tests	2026-09-05T22:50:35.7660651Z     +         "none": Array [],
WCAG checks with Playwright and axe	Run accessibility tests	2026-09-05T22:50:35.7660910Z     +         "target": Array [
WCAG checks with Playwright and axe	Run accessibility tests	2026-09-05T22:50:35.7661194Z     +           ".\\[\\&_svg\\]\\:pointer-events-none",
WCAG checks with Playwright and axe	Run accessibility tests	2026-09-05T22:50:35.7661536Z     +         ],
WCAG checks with Playwright and axe	Run accessibility tests	2026-09-05T22:50:35.7661787Z     +       },
WCAG checks with Playwright and axe	Run accessibility tests	2026-09-05T22:50:35.7661991Z     +     ],
WCAG checks with Playwright and axe	Run accessibility tests	2026-09-05T22:50:35.7662239Z     +     "tags": Array [
WCAG checks with Playwright and axe	Run accessibility tests	2026-09-05T22:50:35.7662489Z     +       "cat.name-role-value",
WCAG checks with Playwright and axe	Run accessibility tests	2026-09-05T22:50:35.7662728Z     +       "wcag2a",
WCAG checks with Playwright and axe	Run accessibility tests	2026-09-05T22:50:35.7663006Z     +       "wcag412",
WCAG checks with Playwright and axe	Run accessibility tests	2026-09-05T22:50:35.7663217Z     +       "section508",
WCAG checks with Playwright and axe	Run accessibility tests	2026-09-05T22:50:35.7663486Z     +       "section508.22.a",
WCAG checks with Playwright and axe	Run accessibility tests	2026-09-05T22:50:35.7663750Z     +       "TTv5",
WCAG checks with Playwright and axe	Run accessibility tests	2026-09-05T22:50:35.7664072Z     +       "TT6.a",
WCAG checks with Playwright and axe	Run accessibility tests	2026-09-05T22:50:35.7664290Z     +       "EN-301-549",
WCAG checks with Playwright and axe	Run accessibility tests	2026-09-05T22:50:35.7664543Z     +       "EN-9.4.1.2",
WCAG checks with Playwright and axe	Run accessibility tests	2026-09-05T22:50:35.7664774Z     +       "ACT",
WCAG checks with Playwright and axe	Run accessibility tests	2026-09-05T22:50:35.7665143Z     +       "RGAAv4",
WCAG checks with Playwright and axe	Run accessibility tests	2026-09-05T22:50:35.7665411Z     +       "RGAA-11.9.1",
WCAG checks with Playwright and axe	Run accessibility tests	2026-09-05T22:50:35.7665669Z     +     ],
WCAG checks with Playwright and axe	Run accessibility tests	2026-09-05T22:50:35.7665875Z     +   },
WCAG checks with Playwright and axe	Run accessibility tests	2026-09-05T22:50:35.7666091Z     + ]
WCAG checks with Playwright and axe	Run accessibility tests	2026-09-05T22:50:35.7666235Z 
WCAG checks with Playwright and axe	Run accessibility tests	2026-09-05T22:50:35.7666319Z       16 | 		);
WCAG checks with Playwright and axe	Run accessibility tests	2026-09-05T22:50:35.7666617Z       17 |
WCAG checks with Playwright and axe	Run accessibility tests	2026-09-05T22:50:35.7666873Z     > 18 | 		expect(criticalViolations).toEqual([]);
WCAG checks with Playwright and axe	Run accessibility tests	2026-09-05T22:50:35.7667201Z          | 		                           ^
WCAG checks with Playwright and axe	Run accessibility tests	2026-09-05T22:50:35.7667439Z       19 |
WCAG checks with Playwright and axe	Run accessibility tests	2026-09-05T22:50:35.7667741Z       20 | 		if (accessibilityScanResults.violations.length > 0) {
WCAG checks with Playwright and axe	Run accessibility tests	2026-09-05T22:50:35.7668093Z       21 | 			console.log(
WCAG checks with Playwright and axe	Run accessibility tests	2026-09-05T22:50:35.7668435Z         at /home/runner/work/cookie-jar/cookie-jar/e2e/accessibility.spec.ts:18:30
WCAG checks with Playwright and axe	Run accessibility tests	2026-09-05T22:50:35.7668696Z 
WCAG checks with Playwright and axe	Run accessibility tests	2026-09-05T22:50:35.7669097Z     attachment #1: screenshot (image/png) ──────────────────────────────────────────────────────────
WCAG checks with Playwright and axe	Run accessibility tests	2026-09-05T22:50:35.7669845Z     e2e/test-results/accessibility-♿-Accessibil-f9f3a-ge-accessibility-compliance-Desktop-Chrome-retry1/test-failed-1.png
WCAG checks with Playwright and axe	Run accessibility tests	2026-09-05T22:50:35.7670481Z     ────────────────────────────────────────────────────────────────────────────────────────────────
WCAG checks with Playwright and axe	Run accessibility tests	2026-09-05T22:50:35.7670795Z 
WCAG checks with Playwright and axe	Run accessibility tests	2026-09-05T22:50:35.7671090Z     attachment #2: video (video/webm) ──────────────────────────────────────────────────────────────
WCAG checks with Playwright and axe	Run accessibility tests	2026-09-05T22:50:35.7671697Z     e2e/test-results/accessibility-♿-Accessibil-f9f3a-ge-accessibility-compliance-Desktop-Chrome-retry1/video.webm
WCAG checks with Playwright and axe	Run accessibility tests	2026-09-05T22:50:35.7672379Z     ────────────────────────────────────────────────────────────────────────────────────────────────
WCAG checks with Playwright and axe	Run accessibility tests	2026-09-05T22:50:35.7672581Z 
WCAG checks with Playwright and axe	Run accessibility tests	2026-09-05T22:50:35.7672877Z     attachment #3: video (video/webm) ──────────────────────────────────────────────────────────────
WCAG checks with Playwright and axe	Run accessibility tests	2026-09-05T22:50:35.7673530Z     e2e/test-results/accessibility-♿-Accessibil-f9f3a-ge-accessibility-compliance-Desktop-Chrome-retry1/video-1.webm
WCAG checks with Playwright and axe	Run accessibility tests	2026-09-05T22:50:35.7674220Z     ────────────────────────────────────────────────────────────────────────────────────────────────
WCAG checks with Playwright and axe	Run accessibility tests	2026-09-05T22:50:35.7674457Z 
WCAG checks with Playwright and axe	Run accessibility tests	2026-09-05T22:50:35.7675182Z     Error Context: e2e/test-results/accessibility-♿-Accessibil-f9f3a-ge-accessibility-compliance-Desktop-Chrome-retry1/error-context.md
WCAG checks with Playwright and axe	Run accessibility tests	2026-09-05T22:50:35.7675648Z 
WCAG checks with Playwright and axe	Run accessibility tests	2026-09-05T22:50:35.7675958Z     attachment #5: trace (application/zip) ─────────────────────────────────────────────────────────
WCAG checks with Playwright and axe	Run accessibility tests	2026-09-05T22:50:35.7676561Z     e2e/test-results/accessibility-♿-Accessibil-f9f3a-ge-accessibility-compliance-Desktop-Chrome-retry1/trace.zip
WCAG checks with Playwright and axe	Run accessibility tests	2026-09-05T22:50:35.7677030Z     Usage:
WCAG checks with Playwright and axe	Run accessibility tests	2026-09-05T22:50:35.7677156Z 
WCAG checks with Playwright and axe	Run accessibility tests	2026-09-05T22:50:35.7677644Z         npx playwright show-trace e2e/test-results/accessibility-♿-Accessibil-f9f3a-ge-accessibility-compliance-Desktop-Chrome-retry1/trace.zip
WCAG checks with Playwright and axe	Run accessibility tests	2026-09-05T22:50:35.7678156Z 
WCAG checks with Playwright and axe	Run accessibility tests	2026-09-05T22:50:35.7678459Z     ────────────────────────────────────────────────────────────────────────────────────────────────
WCAG checks with Playwright and axe	Run accessibility tests	2026-09-05T22:50:35.7678763Z 
WCAG checks with Playwright and axe	Run accessibility tests	2026-09-05T22:50:35.7679084Z     Retry #2 ───────────────────────────────────────────────────────────────────────────────────────
WCAG checks with Playwright and axe	Run accessibility tests	2026-09-05T22:50:35.7679335Z 
WCAG checks with Playwright and axe	Run accessibility tests	2026-09-05T22:50:35.7679566Z     Error: expect(received).toEqual(expected) // deep equality
WCAG checks with Playwright and axe	Run accessibility tests	2026-09-05T22:50:35.7679847Z 
WCAG checks with Playwright and axe	Run accessibility tests	2026-09-05T22:50:35.7679988Z     - Expected  -  1
WCAG checks with Playwright and axe	Run accessibility tests	2026-09-05T22:50:35.7680249Z     + Received  + 95
WCAG checks with Playwright and axe	Run accessibility tests	2026-09-05T22:50:35.7680524Z 
WCAG checks with Playwright and axe	Run accessibility tests	2026-09-05T22:50:35.7680637Z     - Array []
WCAG checks with Playwright and axe	Run accessibility tests	2026-09-05T22:50:35.7680902Z     + Array [
WCAG checks with Playwright and axe	Run accessibility tests	2026-09-05T22:50:35.7681165Z     +   Object {
WCAG checks with Playwright and axe	Run accessibility tests	2026-09-05T22:50:35.7681610Z     +     "description": "Ensure buttons have discernible text",
WCAG checks with Playwright and axe	Run accessibility tests	2026-09-05T22:50:35.7682397Z     +     "help": "Buttons must have discernible text",
WCAG checks with Playwright and axe	Run accessibility tests	2026-09-05T22:50:35.7682834Z     +     "helpUrl": "https://dequeuniversity.com/rules/axe/4.13/button-name?application=playwright",
WCAG checks with Playwright and axe	Run accessibility tests	2026-09-05T22:50:35.7683301Z     +     "id": "button-name",
WCAG checks with Playwright and axe	Run accessibility tests	2026-09-05T22:50:35.7683555Z     +     "impact": "critical",
WCAG checks with Playwright and axe	Run accessibility tests	2026-09-05T22:50:35.7683803Z     +     "nodes": Array [
WCAG checks with Playwright and axe	Run accessibility tests	2026-09-05T22:50:35.7684041Z     +       Object {
WCAG checks with Playwright and axe	Run accessibility tests	2026-09-05T22:50:35.7684296Z     +         "all": Array [],
WCAG checks with Playwright and axe	Run accessibility tests	2026-09-05T22:50:35.7684540Z     +         "any": Array [
WCAG checks with Playwright and axe	Run accessibility tests	2026-09-05T22:50:35.7684771Z     +           Object {
WCAG checks with Playwright and axe	Run accessibility tests	2026-09-05T22:50:35.7685326Z     +             "data": null,
WCAG checks with Playwright and axe	Run accessibility tests	2026-09-05T22:50:35.7685609Z     +             "id": "button-has-visible-text",
WCAG checks with Playwright and axe	Run accessibility tests	2026-09-05T22:50:35.7685901Z     +             "impact": "critical",
WCAG checks with Playwright and axe	Run accessibility tests	2026-09-05T22:50:35.7686305Z     +             "message": "Element does not have inner text that is visible to screen readers",
WCAG checks with Playwright and axe	Run accessibility tests	2026-09-05T22:50:35.7686658Z     +             "relatedNodes": Array [],
WCAG checks with Playwright and axe	Run accessibility tests	2026-09-05T22:50:35.7686950Z     +           },
WCAG checks with Playwright and axe	Run accessibility tests	2026-09-05T22:50:35.7687184Z     +           Object {
WCAG checks with Playwright and axe	Run accessibility tests	2026-09-05T22:50:35.7687430Z     +             "data": null,
WCAG checks with Playwright and axe	Run accessibility tests	2026-09-05T22:50:35.7687681Z     +             "id": "aria-label",
WCAG checks with Playwright and axe	Run accessibility tests	2026-09-05T22:50:35.7687983Z     +             "impact": "critical",
WCAG checks with Playwright and axe	Run accessibility tests	2026-09-05T22:50:35.7688341Z     +             "message": "aria-label attribute does not exist or is empty",
WCAG checks with Playwright and axe	Run accessibility tests	2026-09-05T22:50:35.7688670Z     +             "relatedNodes": Array [],
WCAG checks with Playwright and axe	Run accessibility tests	2026-09-05T22:50:35.7688950Z     +           },
WCAG checks with Playwright and axe	Run accessibility tests	2026-09-05T22:50:35.7689159Z     +           Object {
WCAG checks with Playwright and axe	Run accessibility tests	2026-09-05T22:50:35.7689407Z     +             "data": null,
WCAG checks with Playwright and axe	Run accessibility tests	2026-09-05T22:50:35.7689709Z     +             "id": "aria-labelledby",
WCAG checks with Playwright and axe	Run accessibility tests	2026-09-05T22:50:35.7689964Z     +             "impact": "critical",
WCAG checks with Playwright and axe	Run accessibility tests	2026-09-05T22:50:35.7690485Z     +             "message": "aria-labelledby attribute does not exist, references elements that do not exist or references elements that are empty",
WCAG checks with Playwright and axe	Run accessibility tests	2026-09-05T22:50:35.7691022Z     +             "relatedNodes": Array [],
WCAG checks with Playwright and axe	Run accessibility tests	2026-09-05T22:50:35.7691295Z     +           },
WCAG checks with Playwright and axe	Run accessibility tests	2026-09-05T22:50:35.7691505Z     +           Object {
WCAG checks with Playwright and axe	Run accessibility tests	2026-09-05T22:50:35.7691774Z     +             "data": Object {
WCAG checks with Playwright and axe	Run accessibility tests	2026-09-05T22:50:35.7692044Z     +               "messageKey": "noAttr",
WCAG checks with Playwright and axe	Run accessibility tests	2026-09-05T22:50:35.7692613Z     +             },
WCAG checks with Playwright and axe	Run accessibility tests	2026-09-05T22:50:35.7692892Z     +             "id": "non-empty-title",
WCAG checks with Playwright and axe	Run accessibility tests	2026-09-05T22:50:35.7693153Z     +             "impact": "critical",
WCAG checks with Playwright and axe	Run accessibility tests	2026-09-05T22:50:35.7693470Z     +             "message": "Element has no title attribute",
WCAG checks with Playwright and axe	Run accessibility tests	2026-09-05T22:50:35.7693812Z     +             "relatedNodes": Array [],
WCAG checks with Playwright and axe	Run accessibility tests	2026-09-05T22:50:35.7694070Z     +           },
WCAG checks with Playwright and axe	Run accessibility tests	2026-09-05T22:50:35.7694273Z     +           Object {
WCAG checks with Playwright and axe	Run accessibility tests	2026-09-05T22:50:35.7694544Z     +             "data": null,
WCAG checks with Playwright and axe	Run accessibility tests	2026-09-05T22:50:35.7694808Z     +             "id": "implicit-label",
WCAG checks with Playwright and axe	Run accessibility tests	2026-09-05T22:50:35.7695263Z     +             "impact": "critical",
WCAG checks with Playwright and axe	Run accessibility tests	2026-09-05T22:50:35.7695706Z     +             "message": "Element does not have an implicit (wrapped) <label>",
WCAG checks with Playwright and axe	Run accessibility tests	2026-09-05T22:50:35.7696047Z     +             "relatedNodes": Array [],
WCAG checks with Playwright and axe	Run accessibility tests	2026-09-05T22:50:35.7696305Z     +           },
WCAG checks with Playwright and axe	Run accessibility tests	2026-09-05T22:50:35.7696554Z     +           Object {
WCAG checks with Playwright and axe	Run accessibility tests	2026-09-05T22:50:35.7696791Z     +             "data": null,
WCAG checks with Playwright and axe	Run accessibility tests	2026-09-05T22:50:35.7697166Z     +             "id": "explicit-label",
WCAG checks with Playwright and axe	Run accessibility tests	2026-09-05T22:50:35.7697465Z     +             "impact": "critical",
WCAG checks with Playwright and axe	Run accessibility tests	2026-09-05T22:50:35.7697787Z     +             "message": "Element does not have an explicit <label>",
WCAG checks with Playwright and axe	Run accessibility tests	2026-09-05T22:50:35.7698118Z     +             "relatedNodes": Array [],
WCAG checks with Playwright and axe	Run accessibility tests	2026-09-05T22:50:35.7698386Z     +           },
WCAG checks with Playwright and axe	Run accessibility tests	2026-09-05T22:50:35.7698611Z     +           Object {
WCAG checks with Playwright and axe	Run accessibility tests	2026-09-05T22:50:35.7698844Z     +             "data": null,
WCAG checks with Playwright and axe	Run accessibility tests	2026-09-05T22:50:35.7699140Z     +             "id": "presentational-role",
WCAG checks with Playwright and axe	Run accessibility tests	2026-09-05T22:50:35.7699432Z     +             "impact": "critical",
WCAG checks with Playwright and axe	Run accessibility tests	2026-09-05T22:50:35.7699860Z     +             "message": "Element's default semantics were not overridden with role=\"none\" or role=\"presentation\"",
WCAG checks with Playwright and axe	Run accessibility tests	2026-09-05T22:50:35.7700307Z     +             "relatedNodes": Array [],
WCAG checks with Playwright and axe	Run accessibility tests	2026-09-05T22:50:35.7700543Z     +           },
WCAG checks with Playwright and axe	Run accessibility tests	2026-09-05T22:50:35.7700794Z     +         ],
WCAG checks with Playwright and axe	Run accessibility tests	2026-09-05T22:50:35.7701083Z     +         "failureSummary": "Fix any of the following:
WCAG checks with Playwright and axe	Run accessibility tests	2026-09-05T22:50:35.7701455Z     +   Element does not have inner text that is visible to screen readers
WCAG checks with Playwright and axe	Run accessibility tests	2026-09-05T22:50:35.7701818Z     +   aria-label attribute does not exist or is empty
WCAG checks with Playwright and axe	Run accessibility tests	2026-09-05T22:50:35.7702332Z     +   aria-labelledby attribute does not exist, references elements that do not exist or references elements that are empty
WCAG checks with Playwright and axe	Run accessibility tests	2026-09-05T22:50:35.7702802Z     +   Element has no title attribute
WCAG checks with Playwright and axe	Run accessibility tests	2026-09-05T22:50:35.7703180Z     +   Element does not have an implicit (wrapped) <label>
WCAG checks with Playwright and axe	Run accessibility tests	2026-09-05T22:50:35.7703523Z     +   Element does not have an explicit <label>
WCAG checks with Playwright and axe	Run accessibility tests	2026-09-05T22:50:35.7703936Z     +   Element's default semantics were not overridden with role=\"none\" or role=\"presentation\"",
WCAG checks with Playwright and axe	Run accessibility tests	2026-09-05T22:50:35.7704428Z     +         "html": "<button class=\"inline-flex items-ce...\">",
WCAG checks with Playwright and axe	Run accessibility tests	2026-09-05T22:50:35.7704739Z     +         "impact": "critical",
WCAG checks with Playwright and axe	Run accessibility tests	2026-09-05T22:50:35.7705646Z     +         "none": Array [],
WCAG checks with Playwright and axe	Run accessibility tests	2026-09-05T22:50:35.7705962Z     +         "target": Array [
WCAG checks with Playwright and axe	Run accessibility tests	2026-09-05T22:50:35.7706254Z     +           ".\\[\\&_svg\\]\\:pointer-events-none",
WCAG checks with Playwright and axe	Run accessibility tests	2026-09-05T22:50:35.7706544Z     +         ],
WCAG checks with Playwright and axe	Run accessibility tests	2026-09-05T22:50:35.7706782Z     +       },
WCAG checks with Playwright and axe	Run accessibility tests	2026-09-05T22:50:35.7706996Z     +     ],
WCAG checks with Playwright and axe	Run accessibility tests	2026-09-05T22:50:35.7707215Z     +     "tags": Array [
WCAG checks with Playwright and axe	Run accessibility tests	2026-09-05T22:50:35.7707486Z     +       "cat.name-role-value",
WCAG checks with Playwright and axe	Run accessibility tests	2026-09-05T22:50:35.7707771Z     +       "wcag2a",
WCAG checks with Playwright and axe	Run accessibility tests	2026-09-05T22:50:35.7707994Z     +       "wcag412",
WCAG checks with Playwright and axe	Run accessibility tests	2026-09-05T22:50:35.7708251Z     +       "section508",
WCAG checks with Playwright and axe	Run accessibility tests	2026-09-05T22:50:35.7708495Z     +       "section508.22.a",
WCAG checks with Playwright and axe	Run accessibility tests	2026-09-05T22:50:35.7708734Z     +       "TTv5",
WCAG checks with Playwright and axe	Run accessibility tests	2026-09-05T22:50:35.7708965Z     +       "TT6.a",
WCAG checks with Playwright and axe	Run accessibility tests	2026-09-05T22:50:35.7709210Z     +       "EN-301-549",
WCAG checks with Playwright and axe	Run accessibility tests	2026-09-05T22:50:35.7709443Z     +       "EN-9.4.1.2",
WCAG checks with Playwright and axe	Run accessibility tests	2026-09-05T22:50:35.7709667Z     +       "ACT",
WCAG checks with Playwright and axe	Run accessibility tests	2026-09-05T22:50:35.7709920Z     +       "RGAAv4",
WCAG checks with Playwright and axe	Run accessibility tests	2026-09-05T22:50:35.7710150Z     +       "RGAA-11.9.1",
WCAG checks with Playwright and axe	Run accessibility tests	2026-09-05T22:50:35.7710376Z     +     ],
WCAG checks with Playwright and axe	Run accessibility tests	2026-09-05T22:50:35.7710609Z     +   },
WCAG checks with Playwright and axe	Run accessibility tests	2026-09-05T22:50:35.7710811Z     + ]
WCAG checks with Playwright and axe	Run accessibility tests	2026-09-05T22:50:35.7710939Z 
WCAG checks with Playwright and axe	Run accessibility tests	2026-09-05T22:50:35.7711032Z       16 | 		);
WCAG checks with Playwright and axe	Run accessibility tests	2026-09-05T22:50:35.7711282Z       17 |
WCAG checks with Playwright and axe	Run accessibility tests	2026-09-05T22:50:35.7711519Z     > 18 | 		expect(criticalViolations).toEqual([]);
WCAG checks with Playwright and axe	Run accessibility tests	2026-09-05T22:50:35.7711830Z          | 		                           ^
WCAG checks with Playwright and axe	Run accessibility tests	2026-09-05T22:50:35.7712111Z       19 |
WCAG checks with Playwright and axe	Run accessibility tests	2026-09-05T22:50:35.7712408Z       20 | 		if (accessibilityScanResults.violations.length > 0) {
WCAG checks with Playwright and axe	Run accessibility tests	2026-09-05T22:50:35.7712718Z       21 | 			console.log(
WCAG checks with Playwright and axe	Run accessibility tests	2026-09-05T22:50:35.7713087Z         at /home/runner/work/cookie-jar/cookie-jar/e2e/accessibility.spec.ts:18:30
WCAG checks with Playwright and axe	Run accessibility tests	2026-09-05T22:50:35.7713327Z 
WCAG checks with Playwright and axe	Run accessibility tests	2026-09-05T22:50:35.7713748Z     attachment #1: screenshot (image/png) ──────────────────────────────────────────────────────────
WCAG checks with Playwright and axe	Run accessibility tests	2026-09-05T22:50:35.7714460Z     e2e/test-results/accessibility-♿-Accessibil-f9f3a-ge-accessibility-compliance-Desktop-Chrome-retry2/test-failed-1.png
WCAG checks with Playwright and axe	Run accessibility tests	2026-09-05T22:50:35.7715290Z     ────────────────────────────────────────────────────────────────────────────────────────────────
WCAG checks with Playwright and axe	Run accessibility tests	2026-09-05T22:50:35.7715623Z 
WCAG checks with Playwright and axe	Run accessibility tests	2026-09-05T22:50:35.7715896Z     attachment #2: video (video/webm) ──────────────────────────────────────────────────────────────
WCAG checks with Playwright and axe	Run accessibility tests	2026-09-05T22:50:35.7716591Z     e2e/test-results/accessibility-♿-Accessibil-f9f3a-ge-accessibility-compliance-Desktop-Chrome-retry2/video-1.webm
WCAG checks with Playwright and axe	Run accessibility tests	2026-09-05T22:50:35.7717230Z     ────────────────────────────────────────────────────────────────────────────────────────────────
WCAG checks with Playwright and axe	Run accessibility tests	2026-09-05T22:50:35.7717469Z 
WCAG checks with Playwright and axe	Run accessibility tests	2026-09-05T22:50:35.7717725Z     attachment #3: video (video/webm) ──────────────────────────────────────────────────────────────
WCAG checks with Playwright and axe	Run accessibility tests	2026-09-05T22:50:35.7718396Z     e2e/test-results/accessibility-♿-Accessibil-f9f3a-ge-accessibility-compliance-Desktop-Chrome-retry2/video.webm
WCAG checks with Playwright and axe	Run accessibility tests	2026-09-05T22:50:35.7719000Z     ────────────────────────────────────────────────────────────────────────────────────────────────
WCAG checks with Playwright and axe	Run accessibility tests	2026-09-05T22:50:35.7719230Z 
WCAG checks with Playwright and axe	Run accessibility tests	2026-09-05T22:50:35.7719687Z     Error Context: e2e/test-results/accessibility-♿-Accessibil-f9f3a-ge-accessibility-compliance-Desktop-Chrome-retry2/error-context.md
WCAG checks with Playwright and axe	Run accessibility tests	2026-09-05T22:50:35.7720126Z 
WCAG checks with Playwright and axe	Run accessibility tests	2026-09-05T22:50:35.7720401Z     attachment #5: trace (application/zip) ─────────────────────────────────────────────────────────
WCAG checks with Playwright and axe	Run accessibility tests	2026-09-05T22:50:35.7721055Z     e2e/test-results/accessibility-♿-Accessibil-f9f3a-ge-accessibility-compliance-Desktop-Chrome-retry2/trace.zip
WCAG checks with Playwright and axe	Run accessibility tests	2026-09-05T22:50:35.7721492Z     Usage:
WCAG checks with Playwright and axe	Run accessibility tests	2026-09-05T22:50:35.7721685Z 
WCAG checks with Playwright and axe	Run accessibility tests	2026-09-05T22:50:35.7722163Z         npx playwright show-trace e2e/test-results/accessibility-♿-Accessibil-f9f3a-ge-accessibility-compliance-Desktop-Chrome-retry2/trace.zip
WCAG checks with Playwright and axe	Run accessibility tests	2026-09-05T22:50:35.7722628Z 
WCAG checks with Playwright and axe	Run accessibility tests	2026-09-05T22:50:35.7722899Z     ────────────────────────────────────────────────────────────────────────────────────────────────
WCAG checks with Playwright and axe	Run accessibility tests	2026-09-05T22:50:35.7723123Z 
WCAG checks with Playwright and axe	Run accessibility tests	2026-09-05T22:50:35.7723436Z   2) [Desktop Chrome] › e2e/accessibility.spec.ts:199:6 › ♿ Accessibility Testing › ARIA roles and landmarks 
WCAG checks with Playwright and axe	Run accessibility tests	2026-09-05T22:50:35.7723736Z 
WCAG checks with Playwright and axe	Run accessibility tests	2026-09-05T22:50:35.7723900Z     Error: Button 1 should have accessible name
WCAG checks with Playwright and axe	Run accessibility tests	2026-09-05T22:50:35.7724072Z 
WCAG checks with Playwright and axe	Run accessibility tests	2026-09-05T22:50:35.7724207Z     expect(received).toBeTruthy()
WCAG checks with Playwright and axe	Run accessibility tests	2026-09-05T22:50:35.7724362Z 
WCAG checks with Playwright and axe	Run accessibility tests	2026-09-05T22:50:35.7724459Z     Received: null
WCAG checks with Playwright and axe	Run accessibility tests	2026-09-05T22:50:35.7724626Z 
WCAG checks with Playwright and axe	Run accessibility tests	2026-09-05T22:50:35.7724757Z       231 | 					accessibleName,
WCAG checks with Playwright and axe	Run accessibility tests	2026-09-05T22:50:35.7725223Z       232 | 					`Button ${i} should have accessible name`
WCAG checks with Playwright and axe	Run accessibility tests	2026-09-05T22:50:35.7725585Z     > 233 | 				).toBeTruthy();
WCAG checks with Playwright and axe	Run accessibility tests	2026-09-05T22:50:35.7725840Z           | 				  ^
WCAG checks with Playwright and axe	Run accessibility tests	2026-09-05T22:50:35.7726083Z       234 | 			}
WCAG checks with Playwright and axe	Run accessibility tests	2026-09-05T22:50:35.7726291Z       235 | 		}
WCAG checks with Playwright and axe	Run accessibility tests	2026-09-05T22:50:35.7726527Z       236 | 	});
WCAG checks with Playwright and axe	Run accessibility tests	2026-09-05T22:50:35.7726862Z         at /home/runner/work/cookie-jar/cookie-jar/e2e/accessibility.spec.ts:233:7
WCAG checks with Playwright and axe	Run accessibility tests	2026-09-05T22:50:35.7727114Z 
WCAG checks with Playwright and axe	Run accessibility tests	2026-09-05T22:50:35.7727417Z     attachment #1: screenshot (image/png) ──────────────────────────────────────────────────────────
WCAG checks with Playwright and axe	Run accessibility tests	2026-09-05T22:50:35.7728086Z     e2e/test-results/accessibility-♿-Accessibil-4385d-ng-ARIA-roles-and-landmarks-Desktop-Chrome/test-failed-1.png
WCAG checks with Playwright and axe	Run accessibility tests	2026-09-05T22:50:35.7728733Z     ────────────────────────────────────────────────────────────────────────────────────────────────
WCAG checks with Playwright and axe	Run accessibility tests	2026-09-05T22:50:35.7728942Z 
WCAG checks with Playwright and axe	Run accessibility tests	2026-09-05T22:50:35.7729247Z     attachment #2: video (video/webm) ──────────────────────────────────────────────────────────────
WCAG checks with Playwright and axe	Run accessibility tests	2026-09-05T22:50:35.7729829Z     e2e/test-results/accessibility-♿-Accessibil-4385d-ng-ARIA-roles-and-landmarks-Desktop-Chrome/video.webm
WCAG checks with Playwright and axe	Run accessibility tests	2026-09-05T22:50:35.7730454Z     ────────────────────────────────────────────────────────────────────────────────────────────────
WCAG checks with Playwright and axe	Run accessibility tests	2026-09-05T22:50:35.7730661Z 
WCAG checks with Playwright and axe	Run accessibility tests	2026-09-05T22:50:35.7731078Z     Error Context: e2e/test-results/accessibility-♿-Accessibil-4385d-ng-ARIA-roles-and-landmarks-Desktop-Chrome/error-context.md
WCAG checks with Playwright and axe	Run accessibility tests	2026-09-05T22:50:35.7731459Z 
WCAG checks with Playwright and axe	Run accessibility tests	2026-09-05T22:50:35.7731725Z     attachment #4: trace (application/zip) ─────────────────────────────────────────────────────────
WCAG checks with Playwright and axe	Run accessibility tests	2026-09-05T22:50:35.7732394Z     e2e/test-results/accessibility-♿-Accessibil-4385d-ng-ARIA-roles-and-landmarks-Desktop-Chrome/trace.zip
WCAG checks with Playwright and axe	Run accessibility tests	2026-09-05T22:50:35.7732838Z     Usage:
WCAG checks with Playwright and axe	Run accessibility tests	2026-09-05T22:50:35.7732974Z 
WCAG checks with Playwright and axe	Run accessibility tests	2026-09-05T22:50:35.7733441Z         npx playwright show-trace e2e/test-results/accessibility-♿-Accessibil-4385d-ng-ARIA-roles-and-landmarks-Desktop-Chrome/trace.zip
WCAG checks with Playwright and axe	Run accessibility tests	2026-09-05T22:50:35.7733809Z 
WCAG checks with Playwright and axe	Run accessibility tests	2026-09-05T22:50:35.7734083Z     ────────────────────────────────────────────────────────────────────────────────────────────────
WCAG checks with Playwright and axe	Run accessibility tests	2026-09-05T22:50:35.7734389Z 
WCAG checks with Playwright and axe	Run accessibility tests	2026-09-05T22:50:35.7734682Z     Retry #1 ───────────────────────────────────────────────────────────────────────────────────────
WCAG checks with Playwright and axe	Run accessibility tests	2026-09-05T22:50:35.7735141Z 
WCAG checks with Playwright and axe	Run accessibility tests	2026-09-05T22:50:35.7735347Z     Error: Button 1 should have accessible name
WCAG checks with Playwright and axe	Run accessibility tests	2026-09-05T22:50:35.7735577Z 
WCAG checks with Playwright and axe	Run accessibility tests	2026-09-05T22:50:35.7735695Z     expect(received).toBeTruthy()
WCAG checks with Playwright and axe	Run accessibility tests	2026-09-05T22:50:35.7735881Z 
WCAG checks with Playwright and axe	Run accessibility tests	2026-09-05T22:50:35.7736015Z     Received: null
WCAG checks with Playwright and axe	Run accessibility tests	2026-09-05T22:50:35.7736166Z 
WCAG checks with Playwright and axe	Run accessibility tests	2026-09-05T22:50:35.7736317Z       231 | 					accessibleName,
WCAG checks with Playwright and axe	Run accessibility tests	2026-09-05T22:50:35.7736628Z       232 | 					`Button ${i} should have accessible name`
WCAG checks with Playwright and axe	Run accessibility tests	2026-09-05T22:50:35.7737012Z     > 233 | 				).toBeTruthy();
WCAG checks with Playwright and axe	Run accessibility tests	2026-09-05T22:50:35.7737252Z           | 				  ^
WCAG checks with Playwright and axe	Run accessibility tests	2026-09-05T22:50:35.7737510Z       234 | 			}
WCAG checks with Playwright and axe	Run accessibility tests	2026-09-05T22:50:35.7737770Z       235 | 		}
WCAG checks with Playwright and axe	Run accessibility tests	2026-09-05T22:50:35.7738005Z       236 | 	});
WCAG checks with Playwright and axe	Run accessibility tests	2026-09-05T22:50:35.7738366Z         at /home/runner/work/cookie-jar/cookie-jar/e2e/accessibility.spec.ts:233:7
WCAG checks with Playwright and axe	Run accessibility tests	2026-09-05T22:50:35.7738625Z 
WCAG checks with Playwright and axe	Run accessibility tests	2026-09-05T22:50:35.7738955Z     attachment #1: screenshot (image/png) ──────────────────────────────────────────────────────────
WCAG checks with Playwright and axe	Run accessibility tests	2026-09-05T22:50:35.7739648Z     e2e/test-results/accessibility-♿-Accessibil-4385d-ng-ARIA-roles-and-landmarks-Desktop-Chrome-retry1/test-failed-1.png
WCAG checks with Playwright and axe	Run accessibility tests	2026-09-05T22:50:35.7740296Z     ────────────────────────────────────────────────────────────────────────────────────────────────
WCAG checks with Playwright and axe	Run accessibility tests	2026-09-05T22:50:35.7740514Z 
WCAG checks with Playwright and axe	Run accessibility tests	2026-09-05T22:50:35.7740838Z     attachment #2: video (video/webm) ──────────────────────────────────────────────────────────────
WCAG checks with Playwright and axe	Run accessibility tests	2026-09-05T22:50:35.7741477Z     e2e/test-results/accessibility-♿-Accessibil-4385d-ng-ARIA-roles-and-landmarks-Desktop-Chrome-retry1/video.webm
WCAG checks with Playwright and axe	Run accessibility tests	2026-09-05T22:50:35.7742205Z     ────────────────────────────────────────────────────────────────────────────────────────────────
WCAG checks with Playwright and axe	Run accessibility tests	2026-09-05T22:50:35.7742440Z 
WCAG checks with Playwright and axe	Run accessibility tests	2026-09-05T22:50:35.7742901Z     Error Context: e2e/test-results/accessibility-♿-Accessibil-4385d-ng-ARIA-roles-and-landmarks-Desktop-Chrome-retry1/error-context.md
WCAG checks with Playwright and axe	Run accessibility tests	2026-09-05T22:50:35.7743364Z 
WCAG checks with Playwright and axe	Run accessibility tests	2026-09-05T22:50:35.7743664Z     attachment #4: trace (application/zip) ─────────────────────────────────────────────────────────
WCAG checks with Playwright and axe	Run accessibility tests	2026-09-05T22:50:35.7744303Z     e2e/test-results/accessibility-♿-Accessibil-4385d-ng-ARIA-roles-and-landmarks-Desktop-Chrome-retry1/trace.zip
WCAG checks with Playwright and axe	Run accessibility tests	2026-09-05T22:50:35.7744732Z     Usage:
WCAG checks with Playwright and axe	Run accessibility tests	2026-09-05T22:50:35.7744855Z 
WCAG checks with Playwright and axe	Run accessibility tests	2026-09-05T22:50:35.7745513Z         npx playwright show-trace e2e/test-results/accessibility-♿-Accessibil-4385d-ng-ARIA-roles-and-landmarks-Desktop-Chrome-retry1/trace.zip
WCAG checks with Playwright and axe	Run accessibility tests	2026-09-05T22:50:35.7745924Z 
WCAG checks with Playwright and axe	Run accessibility tests	2026-09-05T22:50:35.7746168Z     ────────────────────────────────────────────────────────────────────────────────────────────────
WCAG checks with Playwright and axe	Run accessibility tests	2026-09-05T22:50:35.7746395Z 
WCAG checks with Playwright and axe	Run accessibility tests	2026-09-05T22:50:35.7746712Z     Retry #2 ───────────────────────────────────────────────────────────────────────────────────────
WCAG checks with Playwright and axe	Run accessibility tests	2026-09-05T22:50:35.7746945Z 
WCAG checks with Playwright and axe	Run accessibility tests	2026-09-05T22:50:35.7747069Z     Error: Button 1 should have accessible name
WCAG checks with Playwright and axe	Run accessibility tests	2026-09-05T22:50:35.7747252Z 
WCAG checks with Playwright and axe	Run accessibility tests	2026-09-05T22:50:35.7747393Z     expect(received).toBeTruthy()
WCAG checks with Playwright and axe	Run accessibility tests	2026-09-05T22:50:35.7747549Z 
WCAG checks with Playwright and axe	Run accessibility tests	2026-09-05T22:50:35.7747661Z     Received: null
WCAG checks with Playwright and axe	Run accessibility tests	2026-09-05T22:50:35.7747798Z 
WCAG checks with Playwright and axe	Run accessibility tests	2026-09-05T22:50:35.7747899Z       231 | 					accessibleName,
WCAG checks with Playwright and axe	Run accessibility tests	2026-09-05T22:50:35.7748237Z       232 | 					`Button ${i} should have accessible name`
WCAG checks with Playwright and axe	Run accessibility tests	2026-09-05T22:50:35.7748528Z     > 233 | 				).toBeTruthy();
WCAG checks with Playwright and axe	Run accessibility tests	2026-09-05T22:50:35.7748758Z           | 				  ^
WCAG checks with Playwright and axe	Run accessibility tests	2026-09-05T22:50:35.7749007Z       234 | 			}
WCAG checks with Playwright and axe	Run accessibility tests	2026-09-05T22:50:35.7749218Z       235 | 		}
WCAG checks with Playwright and axe	Run accessibility tests	2026-09-05T22:50:35.7749442Z       236 | 	});
WCAG checks with Playwright and axe	Run accessibility tests	2026-09-05T22:50:35.7749788Z         at /home/runner/work/cookie-jar/cookie-jar/e2e/accessibility.spec.ts:233:7
WCAG checks with Playwright and axe	Run accessibility tests	2026-09-05T22:50:35.7750005Z 
WCAG checks with Playwright and axe	Run accessibility tests	2026-09-05T22:50:35.7750329Z     attachment #1: screenshot (image/png) ──────────────────────────────────────────────────────────
WCAG checks with Playwright and axe	Run accessibility tests	2026-09-05T22:50:35.7750965Z     e2e/test-results/accessibility-♿-Accessibil-4385d-ng-ARIA-roles-and-landmarks-Desktop-Chrome-retry2/test-failed-1.png
WCAG checks with Playwright and axe	Run accessibility tests	2026-09-05T22:50:35.7751617Z     ────────────────────────────────────────────────────────────────────────────────────────────────
WCAG checks with Playwright and axe	Run accessibility tests	2026-09-05T22:50:35.7751856Z 
WCAG checks with Playwright and axe	Run accessibility tests	2026-09-05T22:50:35.7752117Z     attachment #2: video (video/webm) ──────────────────────────────────────────────────────────────
WCAG checks with Playwright and axe	Run accessibility tests	2026-09-05T22:50:35.7752738Z     e2e/test-results/accessibility-♿-Accessibil-4385d-ng-ARIA-roles-and-landmarks-Desktop-Chrome-retry2/video.webm
WCAG checks with Playwright and axe	Run accessibility tests	2026-09-05T22:50:35.7753405Z     ────────────────────────────────────────────────────────────────────────────────────────────────
WCAG checks with Playwright and axe	Run accessibility tests	2026-09-05T22:50:35.7753639Z 
WCAG checks with Playwright and axe	Run accessibility tests	2026-09-05T22:50:35.7754068Z     Error Context: e2e/test-results/accessibility-♿-Accessibil-4385d-ng-ARIA-roles-and-landmarks-Desktop-Chrome-retry2/error-context.md
WCAG checks with Playwright and axe	Run accessibility tests	2026-09-05T22:50:35.7754552Z 
WCAG checks with Playwright and axe	Run accessibility tests	2026-09-05T22:50:35.7755014Z     attachment #4: trace (application/zip) ─────────────────────────────────────────────────────────
WCAG checks with Playwright and axe	Run accessibility tests	2026-09-05T22:50:35.7755679Z     e2e/test-results/accessibility-♿-Accessibil-4385d-ng-ARIA-roles-and-landmarks-Desktop-Chrome-retry2/trace.zip
WCAG checks with Playwright and axe	Run accessibility tests	2026-09-05T22:50:35.7756232Z     Usage:
WCAG checks with Playwright and axe	Run accessibility tests	2026-09-05T22:50:35.7756351Z 
WCAG checks with Playwright and axe	Run accessibility tests	2026-09-05T22:50:35.7756849Z         npx playwright show-trace e2e/test-results/accessibility-♿-Accessibil-4385d-ng-ARIA-roles-and-landmarks-Desktop-Chrome-retry2/trace.zip
WCAG checks with Playwright and axe	Run accessibility tests	2026-09-05T22:50:35.7757276Z 
WCAG checks with Playwright and axe	Run accessibility tests	2026-09-05T22:50:35.7757547Z     ────────────────────────────────────────────────────────────────────────────────────────────────
WCAG checks with Playwright and axe	Run accessibility tests	2026-09-05T22:50:35.7757760Z 
WCAG checks with Playwright and axe	Run accessibility tests	2026-09-05T22:50:35.7758242Z   3) [Desktop Chrome] › e2e/mobile-experience.spec.ts:523:7 › 📱 Mobile Experience E2E › Mobile Accessibility › Mobile screen reader compatibility 
WCAG checks with Playwright and axe	Run accessibility tests	2026-09-05T22:50:35.7758649Z 
WCAG checks with Playwright and axe	Run accessibility tests	2026-09-05T22:50:35.7758769Z     Error: expect(received).toBeTruthy()
WCAG checks with Playwright and axe	Run accessibility tests	2026-09-05T22:50:35.7758946Z 
WCAG checks with Playwright and axe	Run accessibility tests	2026-09-05T22:50:35.7759105Z     Received: null
WCAG checks with Playwright and axe	Run accessibility tests	2026-09-05T22:50:35.7759274Z 
WCAG checks with Playwright and axe	Run accessibility tests	2026-09-05T22:50:35.7759406Z       547 | 						(await button.textContent()) ||
WCAG checks with Playwright and axe	Run accessibility tests	2026-09-05T22:50:35.7759787Z       548 | 						(await button.getAttribute("aria-label"));
WCAG checks with Playwright and axe	Run accessibility tests	2026-09-05T22:50:35.7760149Z     > 549 | 					expect(accessibleName).toBeTruthy();
WCAG checks with Playwright and axe	Run accessibility tests	2026-09-05T22:50:35.7760469Z           | 					                       ^
WCAG checks with Playwright and axe	Run accessibility tests	2026-09-05T22:50:35.7760798Z       550 | 				}
WCAG checks with Playwright and axe	Run accessibility tests	2026-09-05T22:50:35.7761029Z       551 | 			}
WCAG checks with Playwright and axe	Run accessibility tests	2026-09-05T22:50:35.7761265Z       552 | 		});
WCAG checks with Playwright and axe	Run accessibility tests	2026-09-05T22:50:35.7761674Z         at /home/runner/work/cookie-jar/cookie-jar/e2e/mobile-experience.spec.ts:549:29
WCAG checks with Playwright and axe	Run accessibility tests	2026-09-05T22:50:35.7761920Z 
WCAG checks with Playwright and axe	Run accessibility tests	2026-09-05T22:50:35.7762222Z     attachment #1: screenshot (image/png) ──────────────────────────────────────────────────────────
WCAG checks with Playwright and axe	Run accessibility tests	2026-09-05T22:50:35.7762913Z     e2e/test-results/mobile-experience-📱-Mobil-835b8-screen-reader-compatibility-Desktop-Chrome/test-failed-1.png
WCAG checks with Playwright and axe	Run accessibility tests	2026-09-05T22:50:35.7763573Z     ────────────────────────────────────────────────────────────────────────────────────────────────
WCAG checks with Playwright and axe	Run accessibility tests	2026-09-05T22:50:35.7763812Z 
WCAG checks with Playwright and axe	Run accessibility tests	2026-09-05T22:50:35.7764101Z     attachment #2: video (video/webm) ──────────────────────────────────────────────────────────────
WCAG checks with Playwright and axe	Run accessibility tests	2026-09-05T22:50:35.7764746Z     e2e/test-results/mobile-experience-📱-Mobil-835b8-screen-reader-compatibility-Desktop-Chrome/video.webm
WCAG checks with Playwright and axe	Run accessibility tests	2026-09-05T22:50:35.7765529Z     ────────────────────────────────────────────────────────────────────────────────────────────────
WCAG checks with Playwright and axe	Run accessibility tests	2026-09-05T22:50:35.7765805Z 
WCAG checks with Playwright and axe	Run accessibility tests	2026-09-05T22:50:35.7766213Z     Error Context: e2e/test-results/mobile-experience-📱-Mobil-835b8-screen-reader-compatibility-Desktop-Chrome/error-context.md
WCAG checks with Playwright and axe	Run accessibility tests	2026-09-05T22:50:35.7766610Z 
WCAG checks with Playwright and axe	Run accessibility tests	2026-09-05T22:50:35.7766906Z     attachment #4: trace (application/zip) ─────────────────────────────────────────────────────────
WCAG checks with Playwright and axe	Run accessibility tests	2026-09-05T22:50:35.7767552Z     e2e/test-results/mobile-experience-📱-Mobil-835b8-screen-reader-compatibility-Desktop-Chrome/trace.zip
WCAG checks with Playwright and axe	Run accessibility tests	2026-09-05T22:50:35.7768081Z     Usage:
WCAG checks with Playwright and axe	Run accessibility tests	2026-09-05T22:50:35.7768173Z 
WCAG checks with Playwright and axe	Run accessibility tests	2026-09-05T22:50:35.7768657Z         npx playwright show-trace e2e/test-results/mobile-experience-📱-Mobil-835b8-screen-reader-compatibility-Desktop-Chrome/trace.zip
WCAG checks with Playwright and axe	Run accessibility tests	2026-09-05T22:50:35.7769059Z 
WCAG checks with Playwright and axe	Run accessibility tests	2026-09-05T22:50:35.7769344Z     ────────────────────────────────────────────────────────────────────────────────────────────────
WCAG checks with Playwright and axe	Run accessibility tests	2026-09-05T22:50:35.7769613Z 
WCAG checks with Playwright and axe	Run accessibility tests	2026-09-05T22:50:35.7769907Z     Retry #1 ───────────────────────────────────────────────────────────────────────────────────────
WCAG checks with Playwright and axe	Run accessibility tests	2026-09-05T22:50:35.7770164Z 
WCAG checks with Playwright and axe	Run accessibility tests	2026-09-05T22:50:35.7770286Z     Error: expect(received).toBeTruthy()
WCAG checks with Playwright and axe	Run accessibility tests	2026-09-05T22:50:35.7770475Z 
WCAG checks with Playwright and axe	Run accessibility tests	2026-09-05T22:50:35.7770599Z     Received: null
WCAG checks with Playwright and axe	Run accessibility tests	2026-09-05T22:50:35.7770727Z 
WCAG checks with Playwright and axe	Run accessibility tests	2026-09-05T22:50:35.7770907Z       547 | 						(await button.textContent()) ||
WCAG checks with Playwright and axe	Run accessibility tests	2026-09-05T22:50:35.7771251Z       548 | 						(await button.getAttribute("aria-label"));
WCAG checks with Playwright and axe	Run accessibility tests	2026-09-05T22:50:35.7771658Z     > 549 | 					expect(accessibleName).toBeTruthy();
WCAG checks with Playwright and axe	Run accessibility tests	2026-09-05T22:50:35.7771968Z           | 					                       ^
WCAG checks with Playwright and axe	Run accessibility tests	2026-09-05T22:50:35.7772280Z       550 | 				}
WCAG checks with Playwright and axe	Run accessibility tests	2026-09-05T22:50:35.7772530Z       551 | 			}
WCAG checks with Playwright and axe	Run accessibility tests	2026-09-05T22:50:35.7772760Z       552 | 		});
WCAG checks with Playwright and axe	Run accessibility tests	2026-09-05T22:50:35.7773128Z         at /home/runner/work/cookie-jar/cookie-jar/e2e/mobile-experience.spec.ts:549:29
WCAG checks with Playwright and axe	Run accessibility tests	2026-09-05T22:50:35.7773413Z 
WCAG checks with Playwright and axe	Run accessibility tests	2026-09-05T22:50:35.7773747Z     attachment #1: screenshot (image/png) ──────────────────────────────────────────────────────────
WCAG checks with Playwright and axe	Run accessibility tests	2026-09-05T22:50:35.7774411Z     e2e/test-results/mobile-experience-📱-Mobil-835b8-screen-reader-compatibility-Desktop-Chrome-retry1/test-failed-1.png
WCAG checks with Playwright and axe	Run accessibility tests	2026-09-05T22:50:35.7775393Z     ────────────────────────────────────────────────────────────────────────────────────────────────
WCAG checks with Playwright and axe	Run accessibility tests	2026-09-05T22:50:35.7775605Z 
WCAG checks with Playwright and axe	Run accessibility tests	2026-09-05T22:50:35.7775908Z     attachment #2: video (video/webm) ──────────────────────────────────────────────────────────────
WCAG checks with Playwright and axe	Run accessibility tests	2026-09-05T22:50:35.7776603Z     e2e/test-results/mobile-experience-📱-Mobil-835b8-screen-reader-compatibility-Desktop-Chrome-retry1/video.webm
WCAG checks with Playwright and axe	Run accessibility tests	2026-09-05T22:50:35.7777300Z     ────────────────────────────────────────────────────────────────────────────────────────────────
WCAG checks with Playwright and axe	Run accessibility tests	2026-09-05T22:50:35.7777535Z 
WCAG checks with Playwright and axe	Run accessibility tests	2026-09-05T22:50:35.7777970Z     Error Context: e2e/test-results/mobile-experience-📱-Mobil-835b8-screen-reader-compatibility-Desktop-Chrome-retry1/error-context.md
WCAG checks with Playwright and axe	Run accessibility tests	2026-09-05T22:50:35.7778394Z 
WCAG checks with Playwright and axe	Run accessibility tests	2026-09-05T22:50:35.7778710Z     attachment #4: trace (application/zip) ─────────────────────────────────────────────────────────
WCAG checks with Playwright and axe	Run accessibility tests	2026-09-05T22:50:35.7779336Z     e2e/test-results/mobile-experience-📱-Mobil-835b8-screen-reader-compatibility-Desktop-Chrome-retry1/trace.zip
WCAG checks with Playwright and axe	Run accessibility tests	2026-09-05T22:50:35.7779849Z     Usage:
WCAG checks with Playwright and axe	Run accessibility tests	2026-09-05T22:50:35.7779958Z 
WCAG checks with Playwright and axe	Run accessibility tests	2026-09-05T22:50:35.7780413Z         npx playwright show-trace e2e/test-results/mobile-experience-📱-Mobil-835b8-screen-reader-compatibility-Desktop-Chrome-retry1/trace.zip
WCAG checks with Playwright and axe	Run accessibility tests	2026-09-05T22:50:35.7780856Z 
WCAG checks with Playwright and axe	Run accessibility tests	2026-09-05T22:50:35.7781117Z     ────────────────────────────────────────────────────────────────────────────────────────────────
WCAG checks with Playwright and axe	Run accessibility tests	2026-09-05T22:50:35.7781351Z 
WCAG checks with Playwright and axe	Run accessibility tests	2026-09-05T22:50:35.7781642Z     Retry #2 ───────────────────────────────────────────────────────────────────────────────────────
WCAG checks with Playwright and axe	Run accessibility tests	2026-09-05T22:50:35.7781881Z 
WCAG checks with Playwright and axe	Run accessibility tests	2026-09-05T22:50:35.7782011Z     Error: expect(received).toBeTruthy()
WCAG checks with Playwright and axe	Run accessibility tests	2026-09-05T22:50:35.7782215Z 
WCAG checks with Playwright and axe	Run accessibility tests	2026-09-05T22:50:35.7782403Z     Received: null
WCAG checks with Playwright and axe	Run accessibility tests	2026-09-05T22:50:35.7782521Z 
WCAG checks with Playwright and axe	Run accessibility tests	2026-09-05T22:50:35.7782677Z       547 | 						(await button.textContent()) ||
WCAG checks with Playwright and axe	Run accessibility tests	2026-09-05T22:50:35.7783039Z       548 | 						(await button.getAttribute("aria-label"));
WCAG checks with Playwright and axe	Run accessibility tests	2026-09-05T22:50:35.7783399Z     > 549 | 					expect(accessibleName).toBeTruthy();
WCAG checks with Playwright and axe	Run accessibility tests	2026-09-05T22:50:35.7783755Z           | 					                       ^
WCAG checks with Playwright and axe	Run accessibility tests	2026-09-05T22:50:35.7784024Z       550 | 				}
WCAG checks with Playwright and axe	Run accessibility tests	2026-09-05T22:50:35.7784299Z       551 | 			}
WCAG checks with Playwright and axe	Run accessibility tests	2026-09-05T22:50:35.7784561Z       552 | 		});
WCAG checks with Playwright and axe	Run accessibility tests	2026-09-05T22:50:35.7784984Z         at /home/runner/work/cookie-jar/cookie-jar/e2e/mobile-experience.spec.ts:549:29
WCAG checks with Playwright and axe	Run accessibility tests	2026-09-05T22:50:35.7785321Z 
WCAG checks with Playwright and axe	Run accessibility tests	2026-09-05T22:50:35.7785636Z     attachment #1: screenshot (image/png) ──────────────────────────────────────────────────────────
WCAG checks with Playwright and axe	Run accessibility tests	2026-09-05T22:50:35.7786279Z     e2e/test-results/mobile-experience-📱-Mobil-835b8-screen-reader-compatibility-Desktop-Chrome-retry2/test-failed-1.png
WCAG checks with Playwright and axe	Run accessibility tests	2026-09-05T22:50:35.7786933Z     ────────────────────────────────────────────────────────────────────────────────────────────────
WCAG checks with Playwright and axe	Run accessibility tests	2026-09-05T22:50:35.7787133Z 
WCAG checks with Playwright and axe	Run accessibility tests	2026-09-05T22:50:35.7787422Z     attachment #2: video (video/webm) ──────────────────────────────────────────────────────────────
WCAG checks with Playwright and axe	Run accessibility tests	2026-09-05T22:50:35.7788024Z     e2e/test-results/mobile-experience-📱-Mobil-835b8-screen-reader-compatibility-Desktop-Chrome-retry2/video.webm
WCAG checks with Playwright and axe	Run accessibility tests	2026-09-05T22:50:35.7788661Z     ────────────────────────────────────────────────────────────────────────────────────────────────
WCAG checks with Playwright and axe	Run accessibility tests	2026-09-05T22:50:35.7788884Z 
WCAG checks with Playwright and axe	Run accessibility tests	2026-09-05T22:50:35.7789289Z     Error Context: e2e/test-results/mobile-experience-📱-Mobil-835b8-screen-reader-compatibility-Desktop-Chrome-retry2/error-context.md
WCAG checks with Playwright and axe	Run accessibility tests	2026-09-05T22:50:35.7789767Z 
WCAG checks with Playwright and axe	Run accessibility tests	2026-09-05T22:50:35.7790065Z     attachment #4: trace (application/zip) ─────────────────────────────────────────────────────────
WCAG checks with Playwright and axe	Run accessibility tests	2026-09-05T22:50:35.7790680Z     e2e/test-results/mobile-experience-📱-Mobil-835b8-screen-reader-compatibility-Desktop-Chrome-retry2/trace.zip
WCAG checks with Playwright and axe	Run accessibility tests	2026-09-05T22:50:35.7791159Z     Usage:
WCAG checks with Playwright and axe	Run accessibility tests	2026-09-05T22:50:35.7791271Z 
WCAG checks with Playwright and axe	Run accessibility tests	2026-09-05T22:50:35.7791727Z         npx playwright show-trace e2e/test-results/mobile-experience-📱-Mobil-835b8-screen-reader-compatibility-Desktop-Chrome-retry2/trace.zip
WCAG checks with Playwright and axe	Run accessibility tests	2026-09-05T22:50:35.7792118Z 
WCAG checks with Playwright and axe	Run accessibility tests	2026-09-05T22:50:35.7792373Z     ────────────────────────────────────────────────────────────────────────────────────────────────
WCAG checks with Playwright and axe	Run accessibility tests	2026-09-05T22:50:35.7792605Z 
WCAG checks with Playwright and axe	Run accessibility tests	2026-09-05T22:50:35.7792967Z   4) [Mobile Chrome] › e2e/accessibility.spec.ts:5:6 › ♿ Accessibility Testing › Homepage accessibility compliance 
WCAG checks with Playwright and axe	Run accessibility tests	2026-09-05T22:50:35.7793303Z 
WCAG checks with Playwright and axe	Run accessibility tests	2026-09-05T22:50:35.7793460Z     Error: expect(received).toEqual(expected) // deep equality
WCAG checks with Playwright and axe	Run accessibility tests	2026-09-05T22:50:35.7793776Z 
WCAG checks with Playwright and axe	Run accessibility tests	2026-09-05T22:50:35.7793897Z     - Expected  -  1
WCAG checks with Playwright and axe	Run accessibility tests	2026-09-05T22:50:35.7794141Z     + Received  + 95
WCAG checks with Playwright and axe	Run accessibility tests	2026-09-05T22:50:35.7794295Z 
WCAG checks with Playwright and axe	Run accessibility tests	2026-09-05T22:50:35.7794378Z     - Array []
WCAG checks with Playwright and axe	Run accessibility tests	2026-09-05T22:50:35.7794622Z     + Array [
WCAG checks with Playwright and axe	Run accessibility tests	2026-09-05T22:50:35.7794850Z     +   Object {
WCAG checks with Playwright and axe	Run accessibility tests	2026-09-05T22:50:35.7795316Z     +     "description": "Ensure buttons have discernible text",
WCAG checks with Playwright and axe	Run accessibility tests	2026-09-05T22:50:35.7795795Z     +     "help": "Buttons must have discernible text",
WCAG checks with Playwright and axe	Run accessibility tests	2026-09-05T22:50:35.7796270Z     +     "helpUrl": "https://dequeuniversity.com/rules/axe/4.13/button-name?application=playwright",
WCAG checks with Playwright and axe	Run accessibility tests	2026-09-05T22:50:35.7796685Z     +     "id": "button-name",
WCAG checks with Playwright and axe	Run accessibility tests	2026-09-05T22:50:35.7797022Z     +     "impact": "critical",
WCAG checks with Playwright and axe	Run accessibility tests	2026-09-05T22:50:35.7797292Z     +     "nodes": Array [
WCAG checks with Playwright and axe	Run accessibility tests	2026-09-05T22:50:35.7797555Z     +       Object {
WCAG checks with Playwright and axe	Run accessibility tests	2026-09-05T22:50:35.7797862Z     +         "all": Array [],
WCAG checks with Playwright and axe	Run accessibility tests	2026-09-05T22:50:35.7798172Z     +         "any": Array [
WCAG checks with Playwright and axe	Run accessibility tests	2026-09-05T22:50:35.7798441Z     +           Object {
WCAG checks with Playwright and axe	Run accessibility tests	2026-09-05T22:50:35.7798726Z     +             "data": null,
WCAG checks with Playwright and axe	Run accessibility tests	2026-09-05T22:50:35.7799050Z     +             "id": "button-has-visible-text",
WCAG checks with Playwright and axe	Run accessibility tests	2026-09-05T22:50:35.7799373Z     +             "impact": "critical",
WCAG checks with Playwright and axe	Run accessibility tests	2026-09-05T22:50:35.7799809Z     +             "message": "Element does not have inner text that is visible to screen readers",
WCAG checks with Playwright and axe	Run accessibility tests	2026-09-05T22:50:35.7800192Z     +             "relatedNodes": Array [],
WCAG checks with Playwright and axe	Run accessibility tests	2026-09-05T22:50:35.7800452Z     +           },
WCAG checks with Playwright and axe	Run accessibility tests	2026-09-05T22:50:35.7800762Z     +           Object {
WCAG checks with Playwright and axe	Run accessibility tests	2026-09-05T22:50:35.7801016Z     +             "data": null,
WCAG checks with Playwright and axe	Run accessibility tests	2026-09-05T22:50:35.7801300Z     +             "id": "aria-label",
WCAG checks with Playwright and axe	Run accessibility tests	2026-09-05T22:50:35.7801618Z     +             "impact": "critical",
WCAG checks with Playwright and axe	Run accessibility tests	2026-09-05T22:50:35.7801966Z     +             "message": "aria-label attribute does not exist or is empty",
WCAG checks with Playwright and axe	Run accessibility tests	2026-09-05T22:50:35.7802346Z     +             "relatedNodes": Array [],
WCAG checks with Playwright and axe	Run accessibility tests	2026-09-05T22:50:35.7802639Z     +           },
WCAG checks with Playwright and axe	Run accessibility tests	2026-09-05T22:50:35.7802896Z     +           Object {
WCAG checks with Playwright and axe	Run accessibility tests	2026-09-05T22:50:35.7803155Z     +             "data": null,
WCAG checks with Playwright and axe	Run accessibility tests	2026-09-05T22:50:35.7803494Z     +             "id": "aria-labelledby",
WCAG checks with Playwright and axe	Run accessibility tests	2026-09-05T22:50:35.7803781Z     +             "impact": "critical",
WCAG checks with Playwright and axe	Run accessibility tests	2026-09-05T22:50:35.7804282Z     +             "message": "aria-labelledby attribute does not exist, references elements that do not exist or references elements that are empty",
WCAG checks with Playwright and axe	Run accessibility tests	2026-09-05T22:50:35.7804842Z     +             "relatedNodes": Array [],
WCAG checks with Playwright and axe	Run accessibility tests	2026-09-05T22:50:35.7805318Z     +           },
WCAG checks with Playwright and axe	Run accessibility tests	2026-09-05T22:50:35.7805614Z     +           Object {
WCAG checks with Playwright and axe	Run accessibility tests	2026-09-05T22:50:35.7805881Z     +             "data": Object {
WCAG checks with Playwright and axe	Run accessibility tests	2026-09-05T22:50:35.7806141Z     +               "messageKey": "noAttr",
WCAG checks with Playwright and axe	Run accessibility tests	2026-09-05T22:50:35.7806399Z     +             },
WCAG checks with Playwright and axe	Run accessibility tests	2026-09-05T22:50:35.7806660Z     +             "id": "non-empty-title",
WCAG checks with Playwright and axe	Run accessibility tests	2026-09-05T22:50:35.7806972Z     +             "impact": "critical",
WCAG checks with Playwright and axe	Run accessibility tests	2026-09-05T22:50:35.7807267Z     +             "message": "Element has no title attribute",
WCAG checks with Playwright and axe	Run accessibility tests	2026-09-05T22:50:35.7807599Z     +             "relatedNodes": Array [],
WCAG checks with Playwright and axe	Run accessibility tests	2026-09-05T22:50:35.7807922Z     +           },
WCAG checks with Playwright and axe	Run accessibility tests	2026-09-05T22:50:35.7808145Z     +           Object {
WCAG checks with Playwright and axe	Run accessibility tests	2026-09-05T22:50:35.7808431Z     +             "data": null,
WCAG checks with Playwright and axe	Run accessibility tests	2026-09-05T22:50:35.7808692Z     +             "id": "implicit-label",
WCAG checks with Playwright and axe	Run accessibility tests	2026-09-05T22:50:35.7808971Z     +             "impact": "critical",
WCAG checks with Playwright and axe	Run accessibility tests	2026-09-05T22:50:35.7809335Z     +             "message": "Element does not have an implicit (wrapped) <label>",
WCAG checks with Playwright and axe	Run accessibility tests	2026-09-05T22:50:35.7809685Z     +             "relatedNodes": Array [],
WCAG checks with Playwright and axe	Run accessibility tests	2026-09-05T22:50:35.7809941Z     +           },
WCAG checks with Playwright and axe	Run accessibility tests	2026-09-05T22:50:35.7810167Z     +           Object {
WCAG checks with Playwright and axe	Run accessibility tests	2026-09-05T22:50:35.7810427Z     +             "data": null,
WCAG checks with Playwright and axe	Run accessibility tests	2026-09-05T22:50:35.7810685Z     +             "id": "explicit-label",
WCAG checks with Playwright and axe	Run accessibility tests	2026-09-05T22:50:35.7811005Z     +             "impact": "critical",
WCAG checks with Playwright and axe	Run accessibility tests	2026-09-05T22:50:35.7811313Z     +             "message": "Element does not have an explicit <label>",
WCAG checks with Playwright and axe	Run accessibility tests	2026-09-05T22:50:35.7811611Z     +             "relatedNodes": Array [],
WCAG checks with Playwright and axe	Run accessibility tests	2026-09-05T22:50:35.7811911Z     +           },
WCAG checks with Playwright and axe	Run accessibility tests	2026-09-05T22:50:35.7812142Z     +           Object {
WCAG checks with Playwright and axe	Run accessibility tests	2026-09-05T22:50:35.7812388Z     +             "data": null,
WCAG checks with Playwright and axe	Run accessibility tests	2026-09-05T22:50:35.7812684Z     +             "id": "presentational-role",
WCAG checks with Playwright and axe	Run accessibility tests	2026-09-05T22:50:35.7812966Z     +             "impact": "critical",
WCAG checks with Playwright and axe	Run accessibility tests	2026-09-05T22:50:35.7813403Z     +             "message": "Element's default semantics were not overridden with role=\"none\" or role=\"presentation\"",
WCAG checks with Playwright and axe	Run accessibility tests	2026-09-05T22:50:35.7813897Z     +             "relatedNodes": Array [],
WCAG checks with Playwright and axe	Run accessibility tests	2026-09-05T22:50:35.7814160Z     +           },
WCAG checks with Playwright and axe	Run accessibility tests	2026-09-05T22:50:35.7814366Z     +         ],
WCAG checks with Playwright and axe	Run accessibility tests	2026-09-05T22:50:35.7814664Z     +         "failureSummary": "Fix any of the following:
WCAG checks with Playwright and axe	Run accessibility tests	2026-09-05T22:50:35.7815206Z     +   Element does not have inner text that is visible to screen readers
WCAG checks with Playwright and axe	Run accessibility tests	2026-09-05T22:50:35.7815572Z     +   aria-label attribute does not exist or is empty
WCAG checks with Playwright and axe	Run accessibility tests	2026-09-05T22:50:35.7816153Z     +   aria-labelledby attribute does not exist, references elements that do not exist or references elements that are empty
WCAG checks with Playwright and axe	Run accessibility tests	2026-09-05T22:50:35.7816600Z     +   Element has no title attribute
WCAG checks with Playwright and axe	Run accessibility tests	2026-09-05T22:50:35.7816922Z     +   Element does not have an implicit (wrapped) <label>
WCAG checks with Playwright and axe	Run accessibility tests	2026-09-05T22:50:35.7817284Z     +   Element does not have an explicit <label>
WCAG checks with Playwright and axe	Run accessibility tests	2026-09-05T22:50:35.7817690Z     +   Element's default semantics were not overridden with role=\"none\" or role=\"presentation\"",
WCAG checks with Playwright and axe	Run accessibility tests	2026-09-05T22:50:35.7818161Z     +         "html": "<button class=\"inline-flex items-ce...\">",
WCAG checks with Playwright and axe	Run accessibility tests	2026-09-05T22:50:35.7818454Z     +         "impact": "critical",
WCAG checks with Playwright and axe	Run accessibility tests	2026-09-05T22:50:35.7818749Z     +         "none": Array [],
WCAG checks with Playwright and axe	Run accessibility tests	2026-09-05T22:50:35.7819027Z     +         "target": Array [
WCAG checks with Playwright and axe	Run accessibility tests	2026-09-05T22:50:35.7819313Z     +           ".\\[\\&_svg\\]\\:pointer-events-none",
WCAG checks with Playwright and axe	Run accessibility tests	2026-09-05T22:50:35.7819573Z     +         ],
WCAG checks with Playwright and axe	Run accessibility tests	2026-09-05T22:50:35.7819806Z     +       },
WCAG checks with Playwright and axe	Run accessibility tests	2026-09-05T22:50:35.7820037Z     +     ],
WCAG checks with Playwright and axe	Run accessibility tests	2026-09-05T22:50:35.7820244Z     +     "tags": Array [
WCAG checks with Playwright and axe	Run accessibility tests	2026-09-05T22:50:35.7820504Z     +       "cat.name-role-value",
WCAG checks with Playwright and axe	Run accessibility tests	2026-09-05T22:50:35.7820779Z     +       "wcag2a",
WCAG checks with Playwright and axe	Run accessibility tests	2026-09-05T22:50:35.7820995Z     +       "wcag412",
WCAG checks with Playwright and axe	Run accessibility tests	2026-09-05T22:50:35.7821241Z     +       "section508",
WCAG checks with Playwright and axe	Run accessibility tests	2026-09-05T22:50:35.7821502Z     +       "section508.22.a",
WCAG checks with Playwright and axe	Run accessibility tests	2026-09-05T22:50:35.7821756Z     +       "TTv5",
WCAG checks with Playwright and axe	Run accessibility tests	2026-09-05T22:50:35.7821965Z     +       "TT6.a",
WCAG checks with Playwright and axe	Run accessibility tests	2026-09-05T22:50:35.7822241Z     +       "EN-301-549",
WCAG checks with Playwright and axe	Run accessibility tests	2026-09-05T22:50:35.7822462Z     +       "EN-9.4.1.2",
WCAG checks with Playwright and axe	Run accessibility tests	2026-09-05T22:50:35.7822674Z     +       "ACT",
WCAG checks with Playwright and axe	Run accessibility tests	2026-09-05T22:50:35.7822928Z     +       "RGAAv4",
WCAG checks with Playwright and axe	Run accessibility tests	2026-09-05T22:50:35.7823147Z     +       "RGAA-11.9.1",
WCAG checks with Playwright and axe	Run accessibility tests	2026-09-05T22:50:35.7823397Z     +     ],
WCAG checks with Playwright and axe	Run accessibility tests	2026-09-05T22:50:35.7823593Z     +   },
WCAG checks with Playwright and axe	Run accessibility tests	2026-09-05T22:50:35.7823824Z     + ]
WCAG checks with Playwright and axe	Run accessibility tests	2026-09-05T22:50:35.7823934Z 
WCAG checks with Playwright and axe	Run accessibility tests	2026-09-05T22:50:35.7824041Z       16 | 		);
WCAG checks with Playwright and axe	Run accessibility tests	2026-09-05T22:50:35.7824247Z       17 |
WCAG checks with Playwright and axe	Run accessibility tests	2026-09-05T22:50:35.7824565Z     > 18 | 		expect(criticalViolations).toEqual([]);
WCAG checks with Playwright and axe	Run accessibility tests	2026-09-05T22:50:35.7824859Z          | 		                           ^
WCAG checks with Playwright and axe	Run accessibility tests	2026-09-05T22:50:35.7825231Z       19 |
WCAG checks with Playwright and axe	Run accessibility tests	2026-09-05T22:50:35.7825562Z       20 | 		if (accessibilityScanResults.violations.length > 0) {
WCAG checks with Playwright and axe	Run accessibility tests	2026-09-05T22:50:35.7825952Z       21 | 			console.log(
WCAG checks with Playwright and axe	Run accessibility tests	2026-09-05T22:50:35.7826327Z         at /home/runner/work/cookie-jar/cookie-jar/e2e/accessibility.spec.ts:18:30
WCAG checks with Playwright and axe	Run accessibility tests	2026-09-05T22:50:35.7826582Z 
WCAG checks with Playwright and axe	Run accessibility tests	2026-09-05T22:50:35.7826977Z     attachment #1: screenshot (image/png) ──────────────────────────────────────────────────────────
WCAG checks with Playwright and axe	Run accessibility tests	2026-09-05T22:50:35.7827639Z     e2e/test-results/accessibility-♿-Accessibil-f9f3a-ge-accessibility-compliance-Mobile-Chrome/test-failed-1.png
WCAG checks with Playwright and axe	Run accessibility tests	2026-09-05T22:50:35.7828287Z     ────────────────────────────────────────────────────────────────────────────────────────────────
WCAG checks with Playwright and axe	Run accessibility tests	2026-09-05T22:50:35.7828506Z 
WCAG checks with Playwright and axe	Run accessibility tests	2026-09-05T22:50:35.7828802Z     attachment #2: video (video/webm) ──────────────────────────────────────────────────────────────
WCAG checks with Playwright and axe	Run accessibility tests	2026-09-05T22:50:35.7829405Z     e2e/test-results/accessibility-♿-Accessibil-f9f3a-ge-accessibility-compliance-Mobile-Chrome/video-1.webm
WCAG checks with Playwright and axe	Run accessibility tests	2026-09-05T22:50:35.7830002Z     ────────────────────────────────────────────────────────────────────────────────────────────────
WCAG checks with Playwright and axe	Run accessibility tests	2026-09-05T22:50:35.7830260Z 
WCAG checks with Playwright and axe	Run accessibility tests	2026-09-05T22:50:35.7830519Z     attachment #3: video (video/webm) ──────────────────────────────────────────────────────────────
WCAG checks with Playwright and axe	Run accessibility tests	2026-09-05T22:50:35.7831144Z     e2e/test-results/accessibility-♿-Accessibil-f9f3a-ge-accessibility-compliance-Mobile-Chrome/video.webm
WCAG checks with Playwright and axe	Run accessibility tests	2026-09-05T22:50:35.7831730Z     ────────────────────────────────────────────────────────────────────────────────────────────────
WCAG checks with Playwright and axe	Run accessibility tests	2026-09-05T22:50:35.7832023Z 
WCAG checks with Playwright and axe	Run accessibility tests	2026-09-05T22:50:35.7832453Z     Error Context: e2e/test-results/accessibility-♿-Accessibil-f9f3a-ge-accessibility-compliance-Mobile-Chrome/error-context.md
WCAG checks with Playwright and axe	Run accessibility tests	2026-09-05T22:50:35.7832816Z 
WCAG checks with Playwright and axe	Run accessibility tests	2026-09-05T22:50:35.7833113Z     attachment #5: trace (application/zip) ─────────────────────────────────────────────────────────
WCAG checks with Playwright and axe	Run accessibility tests	2026-09-05T22:50:35.7833703Z     e2e/test-results/accessibility-♿-Accessibil-f9f3a-ge-accessibility-compliance-Mobile-Chrome/trace.zip
WCAG checks with Playwright and axe	Run accessibility tests	2026-09-05T22:50:35.7834140Z     Usage:
WCAG checks with Playwright and axe	Run accessibility tests	2026-09-05T22:50:35.7834262Z 
WCAG checks with Playwright and axe	Run accessibility tests	2026-09-05T22:50:35.7834715Z         npx playwright show-trace e2e/test-results/accessibility-♿-Accessibil-f9f3a-ge-accessibility-compliance-Mobile-Chrome/trace.zip
WCAG checks with Playwright and axe	Run accessibility tests	2026-09-05T22:50:35.7835230Z 
WCAG checks with Playwright and axe	Run accessibility tests	2026-09-05T22:50:35.7835516Z     ────────────────────────────────────────────────────────────────────────────────────────────────
WCAG checks with Playwright and axe	Run accessibility tests	2026-09-05T22:50:35.7835705Z 
WCAG checks with Playwright and axe	Run accessibility tests	2026-09-05T22:50:35.7836040Z     Retry #1 ───────────────────────────────────────────────────────────────────────────────────────
WCAG checks with Playwright and axe	Run accessibility tests	2026-09-05T22:50:35.7836303Z 
WCAG checks with Playwright and axe	Run accessibility tests	2026-09-05T22:50:35.7836489Z     Error: expect(received).toEqual(expected) // deep equality
WCAG checks with Playwright and axe	Run accessibility tests	2026-09-05T22:50:35.7836724Z 
WCAG checks with Playwright and axe	Run accessibility tests	2026-09-05T22:50:35.7836843Z     - Expected  -  1
WCAG checks with Playwright and axe	Run accessibility tests	2026-09-05T22:50:35.7837075Z     + Received  + 95
WCAG checks with Playwright and axe	Run accessibility tests	2026-09-05T22:50:35.7837215Z 
WCAG checks with Playwright and axe	Run accessibility tests	2026-09-05T22:50:35.7837311Z     - Array []
WCAG checks with Playwright and axe	Run accessibility tests	2026-09-05T22:50:35.7837539Z     + Array [
WCAG checks with Playwright and axe	Run accessibility tests	2026-09-05T22:50:35.7837758Z     +   Object {
WCAG checks with Playwright and axe	Run accessibility tests	2026-09-05T22:50:35.7838066Z     +     "description": "Ensure buttons have discernible text",
WCAG checks with Playwright and axe	Run accessibility tests	2026-09-05T22:50:35.7838469Z     +     "help": "Buttons must have discernible text",
WCAG checks with Playwright and axe	Run accessibility tests	2026-09-05T22:50:35.7838890Z     +     "helpUrl": "https://dequeuniversity.com/rules/axe/4.13/button-name?application=playwright",
WCAG checks with Playwright and axe	Run accessibility tests	2026-09-05T22:50:35.7839335Z     +     "id": "button-name",
WCAG checks with Playwright and axe	Run accessibility tests	2026-09-05T22:50:35.7839589Z     +     "impact": "critical",
WCAG checks with Playwright and axe	Run accessibility tests	2026-09-05T22:50:35.7839842Z     +     "nodes": Array [
WCAG checks with Playwright and axe	Run accessibility tests	2026-09-05T22:50:35.7840099Z     +       Object {
WCAG checks with Playwright and axe	Run accessibility tests	2026-09-05T22:50:35.7840394Z     +         "all": Array [],
WCAG checks with Playwright and axe	Run accessibility tests	2026-09-05T22:50:35.7840639Z     +         "any": Array [
WCAG checks with Playwright and axe	Run accessibility tests	2026-09-05T22:50:35.7840869Z     +           Object {
WCAG checks with Playwright and axe	Run accessibility tests	2026-09-05T22:50:35.7841141Z     +             "data": null,
WCAG checks with Playwright and axe	Run accessibility tests	2026-09-05T22:50:35.7841416Z     +             "id": "button-has-visible-text",
WCAG checks with Playwright and axe	Run accessibility tests	2026-09-05T22:50:35.7841754Z     +             "impact": "critical",
WCAG checks with Playwright and axe	Run accessibility tests	2026-09-05T22:50:35.7842124Z     +             "message": "Element does not have inner text that is visible to screen readers",
WCAG checks with Playwright and axe	Run accessibility tests	2026-09-05T22:50:35.7842473Z     +             "relatedNodes": Array [],
WCAG checks with Playwright and axe	Run accessibility tests	2026-09-05T22:50:35.7842774Z     +           },
WCAG checks with Playwright and axe	Run accessibility tests	2026-09-05T22:50:35.7842981Z     +           Object {
WCAG checks with Playwright and axe	Run accessibility tests	2026-09-05T22:50:35.7843238Z     +             "data": null,
WCAG checks with Playwright and axe	Run accessibility tests	2026-09-05T22:50:35.7843477Z     +             "id": "aria-label",
WCAG checks with Playwright and axe	Run accessibility tests	2026-09-05T22:50:35.7843765Z     +             "impact": "critical",
WCAG checks with Playwright and axe	Run accessibility tests	2026-09-05T22:50:35.7844097Z     +             "message": "aria-label attribute does not exist or is empty",
WCAG checks with Playwright and axe	Run accessibility tests	2026-09-05T22:50:35.7844460Z     +             "relatedNodes": Array [],
WCAG checks with Playwright and axe	Run accessibility tests	2026-09-05T22:50:35.7844732Z     +           },
WCAG checks with Playwright and axe	Run accessibility tests	2026-09-05T22:50:35.7845128Z     +           Object {
WCAG checks with Playwright and axe	Run accessibility tests	2026-09-05T22:50:35.7845380Z     +             "data": null,
WCAG checks with Playwright and axe	Run accessibility tests	2026-09-05T22:50:35.7845677Z     +             "id": "aria-labelledby",
WCAG checks with Playwright and axe	Run accessibility tests	2026-09-05T22:50:35.7845959Z     +             "impact": "critical",
WCAG checks with Playwright and axe	Run accessibility tests	2026-09-05T22:50:35.7846479Z     +             "message": "aria-labelledby attribute does not exist, references elements that do not exist or references elements that are empty",
WCAG checks with Playwright and axe	Run accessibility tests	2026-09-05T22:50:35.7846976Z     +             "relatedNodes": Array [],
WCAG checks with Playwright and axe	Run accessibility tests	2026-09-05T22:50:35.7847290Z     +           },
WCAG checks with Playwright and axe	Run accessibility tests	2026-09-05T22:50:35.7847546Z     +           Object {
WCAG checks with Playwright and axe	Run accessibility tests	2026-09-05T22:50:35.7847785Z     +             "data": Object {
WCAG checks with Playwright and axe	Run accessibility tests	2026-09-05T22:50:35.7848057Z     +               "messageKey": "noAttr",
WCAG checks with Playwright and axe	Run accessibility tests	2026-09-05T22:50:35.7848317Z     +             },
WCAG checks with Playwright and axe	Run accessibility tests	2026-09-05T22:50:35.7848580Z     +             "id": "non-empty-title",
WCAG checks with Playwright and axe	Run accessibility tests	2026-09-05T22:50:35.7848864Z     +             "impact": "critical",
WCAG checks with Playwright and axe	Run accessibility tests	2026-09-05T22:50:35.7849201Z     +             "message": "Element has no title attribute",
WCAG checks with Playwright and axe	Run accessibility tests	2026-09-05T22:50:35.7849495Z     +             "relatedNodes": Array [],
WCAG checks with Playwright and axe	Run accessibility tests	2026-09-05T22:50:35.7849781Z     +           },
WCAG checks with Playwright and axe	Run accessibility tests	2026-09-05T22:50:35.7850051Z     +           Object {
WCAG checks with Playwright and axe	Run accessibility tests	2026-09-05T22:50:35.7850300Z     +             "data": null,
WCAG checks with Playwright and axe	Run accessibility tests	2026-09-05T22:50:35.7850566Z     +             "id": "implicit-label",
WCAG checks with Playwright and axe	Run accessibility tests	2026-09-05T22:50:35.7850836Z     +             "impact": "critical",
WCAG checks with Playwright and axe	Run accessibility tests	2026-09-05T22:50:35.7851195Z     +             "message": "Element does not have an implicit (wrapped) <label>",
WCAG checks with Playwright and axe	Run accessibility tests	2026-09-05T22:50:35.7851621Z     +             "relatedNodes": Array [],
WCAG checks with Playwright and axe	Run accessibility tests	2026-09-05T22:50:35.7851870Z     +           },
WCAG checks with Playwright and axe	Run accessibility tests	2026-09-05T22:50:35.7852124Z     +           Object {
WCAG checks with Playwright and axe	Run accessibility tests	2026-09-05T22:50:35.7852368Z     +             "data": null,
WCAG checks with Playwright and axe	Run accessibility tests	2026-09-05T22:50:35.7852624Z     +             "id": "explicit-label",
WCAG checks with Playwright and axe	Run accessibility tests	2026-09-05T22:50:35.7852947Z     +             "impact": "critical",
WCAG checks with Playwright and axe	Run accessibility tests	2026-09-05T22:50:35.7853247Z     +             "message": "Element does not have an explicit <label>",
WCAG checks with Playwright and axe	Run accessibility tests	2026-09-05T22:50:35.7853587Z     +             "relatedNodes": Array [],
WCAG checks with Playwright and axe	Run accessibility tests	2026-09-05T22:50:35.7853865Z     +           },
WCAG checks with Playwright and axe	Run accessibility tests	2026-09-05T22:50:35.7854086Z     +           Object {
WCAG checks with Playwright and axe	Run accessibility tests	2026-09-05T22:50:35.7854336Z     +             "data": null,
WCAG checks with Playwright and axe	Run accessibility tests	2026-09-05T22:50:35.7854644Z     +             "id": "presentational-role",
WCAG checks with Playwright and axe	Run accessibility tests	2026-09-05T22:50:35.7855142Z     +             "impact": "critical",
WCAG checks with Playwright and axe	Run accessibility tests	2026-09-05T22:50:35.7855590Z     +             "message": "Element's default semantics were not overridden with role=\"none\" or role=\"presentation\"",
WCAG checks with Playwright and axe	Run accessibility tests	2026-09-05T22:50:35.7856067Z     +             "relatedNodes": Array [],
WCAG checks with Playwright and axe	Run accessibility tests	2026-09-05T22:50:35.7856317Z     +           },
WCAG checks with Playwright and axe	Run accessibility tests	2026-09-05T22:50:35.7856529Z     +         ],
WCAG checks with Playwright and axe	Run accessibility tests	2026-09-05T22:50:35.7856831Z     +         "failureSummary": "Fix any of the following:
WCAG checks with Playwright and axe	Run accessibility tests	2026-09-05T22:50:35.7857181Z     +   Element does not have inner text that is visible to screen readers
WCAG checks with Playwright and axe	Run accessibility tests	2026-09-05T22:50:35.7857608Z     +   aria-label attribute does not exist or is empty
WCAG checks with Playwright and axe	Run accessibility tests	2026-09-05T22:50:35.7858146Z     +   aria-labelledby attribute does not exist, references elements that do not exist or references elements that are empty
WCAG checks with Playwright and axe	Run accessibility tests	2026-09-05T22:50:35.7858599Z     +   Element has no title attribute
WCAG checks with Playwright and axe	Run accessibility tests	2026-09-05T22:50:35.7858932Z     +   Element does not have an implicit (wrapped) <label>
WCAG checks with Playwright and axe	Run accessibility tests	2026-09-05T22:50:35.7859274Z     +   Element does not have an explicit <label>
WCAG checks with Playwright and axe	Run accessibility tests	2026-09-05T22:50:35.7859691Z     +   Element's default semantics were not overridden with role=\"none\" or role=\"presentation\"",
WCAG checks with Playwright and axe	Run accessibility tests	2026-09-05T22:50:35.7860125Z     +         "html": "<button class=\"inline-flex items-ce...\">",
WCAG checks with Playwright and axe	Run accessibility tests	2026-09-05T22:50:35.7860455Z     +         "impact": "critical",
WCAG checks with Playwright and axe	Run accessibility tests	2026-09-05T22:50:35.7860705Z     +         "none": Array [],
WCAG checks with Playwright and axe	Run accessibility tests	2026-09-05T22:50:35.7861008Z     +         "target": Array [
WCAG checks with Playwright and axe	Run accessibility tests	2026-09-05T22:50:35.7861284Z     +           ".\\[\\&_svg\\]\\:pointer-events-none",
WCAG checks with Playwright and axe	Run accessibility tests	2026-09-05T22:50:35.7861544Z     +         ],
WCAG checks with Playwright and axe	Run accessibility tests	2026-09-05T22:50:35.7861805Z     +       },
WCAG checks with Playwright and axe	Run accessibility tests	2026-09-05T22:50:35.7862031Z     +     ],
WCAG checks with Playwright and axe	Run accessibility tests	2026-09-05T22:50:35.7862260Z     +     "tags": Array [
WCAG checks with Playwright and axe	Run accessibility tests	2026-09-05T22:50:35.7862546Z     +       "cat.name-role-value",
WCAG checks with Playwright and axe	Run accessibility tests	2026-09-05T22:50:35.7862793Z     +       "wcag2a",
WCAG checks with Playwright and axe	Run accessibility tests	2026-09-05T22:50:35.7863023Z     +       "wcag412",
WCAG checks with Playwright and axe	Run accessibility tests	2026-09-05T22:50:35.7863275Z     +       "section508",
WCAG checks with Playwright and axe	Run accessibility tests	2026-09-05T22:50:35.7863543Z     +       "section508.22.a",
WCAG checks with Playwright and axe	Run accessibility tests	2026-09-05T22:50:35.7863776Z     +       "TTv5",
WCAG checks with Playwright and axe	Run accessibility tests	2026-09-05T22:50:35.7863984Z     +       "TT6.a",
WCAG checks with Playwright and axe	Run accessibility tests	2026-09-05T22:50:35.7864238Z     +       "EN-301-549",
WCAG checks with Playwright and axe	Run accessibility tests	2026-09-05T22:50:35.7864467Z     +       "EN-9.4.1.2",
WCAG checks with Playwright and axe	Run accessibility tests	2026-09-05T22:50:35.7864712Z     +       "ACT",
WCAG checks with Playwright and axe	Run accessibility tests	2026-09-05T22:50:35.7865066Z     +       "RGAAv4",
WCAG checks with Playwright and axe	Run accessibility tests	2026-09-05T22:50:35.7865320Z     +       "RGAA-11.9.1",
WCAG checks with Playwright and axe	Run accessibility tests	2026-09-05T22:50:35.7865550Z     +     ],
WCAG checks with Playwright and axe	Run accessibility tests	2026-09-05T22:50:35.7865802Z     +   },
WCAG checks with Playwright and axe	Run accessibility tests	2026-09-05T22:50:35.7866012Z     + ]
WCAG checks with Playwright and axe	Run accessibility tests	2026-09-05T22:50:35.7866140Z 
WCAG checks with Playwright and axe	Run accessibility tests	2026-09-05T22:50:35.7866222Z       16 | 		);
WCAG checks with Playwright and axe	Run accessibility tests	2026-09-05T22:50:35.7866462Z       17 |
WCAG checks with Playwright and axe	Run accessibility tests	2026-09-05T22:50:35.7866735Z     > 18 | 		expect(criticalViolations).toEqual([]);
WCAG checks with Playwright and axe	Run accessibility tests	2026-09-05T22:50:35.7867032Z          | 		                           ^
WCAG checks with Playwright and axe	Run accessibility tests	2026-09-05T22:50:35.7867314Z       19 |
WCAG checks with Playwright and axe	Run accessibility tests	2026-09-05T22:50:35.7867590Z       20 | 		if (accessibilityScanResults.violations.length > 0) {
WCAG checks with Playwright and axe	Run accessibility tests	2026-09-05T22:50:35.7867919Z       21 | 			console.log(
WCAG checks with Playwright and axe	Run accessibility tests	2026-09-05T22:50:35.7868302Z         at /home/runner/work/cookie-jar/cookie-jar/e2e/accessibility.spec.ts:18:30
WCAG checks with Playwright and axe	Run accessibility tests	2026-09-05T22:50:35.7868511Z 
WCAG checks with Playwright and axe	Run accessibility tests	2026-09-05T22:50:35.7868917Z     attachment #1: screenshot (image/png) ──────────────────────────────────────────────────────────
WCAG checks with Playwright and axe	Run accessibility tests	2026-09-05T22:50:35.7869587Z     e2e/test-results/accessibility-♿-Accessibil-f9f3a-ge-accessibility-compliance-Mobile-Chrome-retry1/test-failed-1.png
WCAG checks with Playwright and axe	Run accessibility tests	2026-09-05T22:50:35.7870326Z     ────────────────────────────────────────────────────────────────────────────────────────────────
WCAG checks with Playwright and axe	Run accessibility tests	2026-09-05T22:50:35.7870584Z 
WCAG checks with Playwright and axe	Run accessibility tests	2026-09-05T22:50:35.7870852Z     attachment #2: video (video/webm) ──────────────────────────────────────────────────────────────
WCAG checks with Playwright and axe	Run accessibility tests	2026-09-05T22:50:35.7871490Z     e2e/test-results/accessibility-♿-Accessibil-f9f3a-ge-accessibility-compliance-Mobile-Chrome-retry1/video-1.webm
WCAG checks with Playwright and axe	Run accessibility tests	2026-09-05T22:50:35.7872135Z     ────────────────────────────────────────────────────────────────────────────────────────────────
WCAG checks with Playwright and axe	Run accessibility tests	2026-09-05T22:50:35.7872365Z 
WCAG checks with Playwright and axe	Run accessibility tests	2026-09-05T22:50:35.7872631Z     attachment #3: video (video/webm) ──────────────────────────────────────────────────────────────
WCAG checks with Playwright and axe	Run accessibility tests	2026-09-05T22:50:35.7873282Z     e2e/test-results/accessibility-♿-Accessibil-f9f3a-ge-accessibility-compliance-Mobile-Chrome-retry1/video.webm
WCAG checks with Playwright and axe	Run accessibility tests	2026-09-05T22:50:35.7873893Z     ────────────────────────────────────────────────────────────────────────────────────────────────
WCAG checks with Playwright and axe	Run accessibility tests	2026-09-05T22:50:35.7874134Z 
WCAG checks with Playwright and axe	Run accessibility tests	2026-09-05T22:50:35.7874578Z     Error Context: e2e/test-results/accessibility-♿-Accessibil-f9f3a-ge-accessibility-compliance-Mobile-Chrome-retry1/error-context.md
WCAG checks with Playwright and axe	Run accessibility tests	2026-09-05T22:50:35.7875105Z 
WCAG checks with Playwright and axe	Run accessibility tests	2026-09-05T22:50:35.7875394Z     attachment #5: trace (application/zip) ─────────────────────────────────────────────────────────
WCAG checks with Playwright and axe	Run accessibility tests	2026-09-05T22:50:35.7876104Z     e2e/test-results/accessibility-♿-Accessibil-f9f3a-ge-accessibility-compliance-Mobile-Chrome-retry1/trace.zip
WCAG checks with Playwright and axe	Run accessibility tests	2026-09-05T22:50:35.7876580Z     Usage:
WCAG checks with Playwright and axe	Run accessibility tests	2026-09-05T22:50:35.7876704Z 
WCAG checks with Playwright and axe	Run accessibility tests	2026-09-05T22:50:35.7877147Z         npx playwright show-trace e2e/test-results/accessibility-♿-Accessibil-f9f3a-ge-accessibility-compliance-Mobile-Chrome-retry1/trace.zip
WCAG checks with Playwright and axe	Run accessibility tests	2026-09-05T22:50:35.7877560Z 
WCAG checks with Playwright and axe	Run accessibility tests	2026-09-05T22:50:35.7877859Z     ────────────────────────────────────────────────────────────────────────────────────────────────
WCAG checks with Playwright and axe	Run accessibility tests	2026-09-05T22:50:35.7878121Z 
WCAG checks with Playwright and axe	Run accessibility tests	2026-09-05T22:50:35.7878379Z     Retry #2 ───────────────────────────────────────────────────────────────────────────────────────
WCAG checks with Playwright and axe	Run accessibility tests	2026-09-05T22:50:35.7878622Z 
WCAG checks with Playwright and axe	Run accessibility tests	2026-09-05T22:50:35.7878822Z     Error: expect(received).toEqual(expected) // deep equality
WCAG checks with Playwright and axe	Run accessibility tests	2026-09-05T22:50:35.7879019Z 
WCAG checks with Playwright and axe	Run accessibility tests	2026-09-05T22:50:35.7879140Z     - Expected  -  1
WCAG checks with Playwright and axe	Run accessibility tests	2026-09-05T22:50:35.7879364Z     + Received  + 95
WCAG checks with Playwright and axe	Run accessibility tests	2026-09-05T22:50:35.7879508Z 
WCAG checks with Playwright and axe	Run accessibility tests	2026-09-05T22:50:35.7879619Z     - Array []
WCAG checks with Playwright and axe	Run accessibility tests	2026-09-05T22:50:35.7879840Z     + Array [
WCAG checks with Playwright and axe	Run accessibility tests	2026-09-05T22:50:35.7880066Z     +   Object {
WCAG checks with Playwright and axe	Run accessibility tests	2026-09-05T22:50:35.7880379Z     +     "description": "Ensure buttons have discernible text",
WCAG checks with Playwright and axe	Run accessibility tests	2026-09-05T22:50:35.7880710Z     +     "help": "Buttons must have discernible text",
WCAG checks with Playwright and axe	Run accessibility tests	2026-09-05T22:50:35.7881170Z     +     "helpUrl": "https://dequeuniversity.com/rules/axe/4.13/button-name?application=playwright",
WCAG checks with Playwright and axe	Run accessibility tests	2026-09-05T22:50:35.7881590Z     +     "id": "button-name",
WCAG checks with Playwright and axe	Run accessibility tests	2026-09-05T22:50:35.7881872Z     +     "impact": "critical",
WCAG checks with Playwright and axe	Run accessibility tests	2026-09-05T22:50:35.7882106Z     +     "nodes": Array [
WCAG checks with Playwright and axe	Run accessibility tests	2026-09-05T22:50:35.7882356Z     +       Object {
WCAG checks with Playwright and axe	Run accessibility tests	2026-09-05T22:50:35.7882642Z     +         "all": Array [],
WCAG checks with Playwright and axe	Run accessibility tests	2026-09-05T22:50:35.7882894Z     +         "any": Array [
WCAG checks with Playwright and axe	Run accessibility tests	2026-09-05T22:50:35.7883163Z     +           Object {
WCAG checks with Playwright and axe	Run accessibility tests	2026-09-05T22:50:35.7883398Z     +             "data": null,
WCAG checks with Playwright and axe	Run accessibility tests	2026-09-05T22:50:35.7883670Z     +             "id": "button-has-visible-text",
WCAG checks with Playwright and axe	Run accessibility tests	2026-09-05T22:50:35.7883991Z     +             "impact": "critical",
WCAG checks with Playwright and axe	Run accessibility tests	2026-09-05T22:50:35.7884373Z     +             "message": "Element does not have inner text that is visible to screen readers",
WCAG checks with Playwright and axe	Run accessibility tests	2026-09-05T22:50:35.7884756Z     +             "relatedNodes": Array [],
WCAG checks with Playwright and axe	Run accessibility tests	2026-09-05T22:50:35.7885201Z     +           },
WCAG checks with Playwright and axe	Run accessibility tests	2026-09-05T22:50:35.7885437Z     +           Object {
WCAG checks with Playwright and axe	Run accessibility tests	2026-09-05T22:50:35.7885694Z     +             "data": null,
WCAG checks with Playwright and axe	Run accessibility tests	2026-09-05T22:50:35.7885979Z     +             "id": "aria-label",
WCAG checks with Playwright and axe	Run accessibility tests	2026-09-05T22:50:35.7886265Z     +             "impact": "critical",
WCAG checks with Playwright and axe	Run accessibility tests	2026-09-05T22:50:35.7886599Z     +             "message": "aria-label attribute does not exist or is empty",
WCAG checks with Playwright and axe	Run accessibility tests	2026-09-05T22:50:35.7886971Z     +             "relatedNodes": Array [],
WCAG checks with Playwright and axe	Run accessibility tests	2026-09-05T22:50:35.7887237Z     +           },
WCAG checks with Playwright and axe	Run accessibility tests	2026-09-05T22:50:35.7887454Z     +           Object {
WCAG checks with Playwright and axe	Run accessibility tests	2026-09-05T22:50:35.7887728Z     +             "data": null,
WCAG checks with Playwright and axe	Run accessibility tests	2026-09-05T22:50:35.7887974Z     +             "id": "aria-labelledby",
WCAG checks with Playwright and axe	Run accessibility tests	2026-09-05T22:50:35.7888265Z     +             "impact": "critical",
WCAG checks with Playwright and axe	Run accessibility tests	2026-09-05T22:50:35.7888808Z     +             "message": "aria-labelledby attribute does not exist, references elements that do not exist or references elements that are empty",
WCAG checks with Playwright and axe	Run accessibility tests	2026-09-05T22:50:35.7889386Z     +             "relatedNodes": Array [],
WCAG checks with Playwright and axe	Run accessibility tests	2026-09-05T22:50:35.7889636Z     +           },
WCAG checks with Playwright and axe	Run accessibility tests	2026-09-05T22:50:35.7889878Z     +           Object {
WCAG checks with Playwright and axe	Run accessibility tests	2026-09-05T22:50:35.7890152Z     +             "data": Object {
WCAG checks with Playwright and axe	Run accessibility tests	2026-09-05T22:50:35.7890413Z     +               "messageKey": "noAttr",
WCAG checks with Playwright and axe	Run accessibility tests	2026-09-05T22:50:35.7890696Z     +             },
WCAG checks with Playwright and axe	Run accessibility tests	2026-09-05T22:50:35.7890942Z     +             "id": "non-empty-title",
WCAG checks with Playwright and axe	Run accessibility tests	2026-09-05T22:50:35.7891212Z     +             "impact": "critical",
WCAG checks with Playwright and axe	Run accessibility tests	2026-09-05T22:50:35.7891565Z     +             "message": "Element has no title attribute",
WCAG checks with Playwright and axe	Run accessibility tests	2026-09-05T22:50:35.7891856Z     +             "relatedNodes": Array [],
WCAG checks with Playwright and axe	Run accessibility tests	2026-09-05T22:50:35.7892121Z     +           },
WCAG checks with Playwright and axe	Run accessibility tests	2026-09-05T22:50:35.7892366Z     +           Object {
WCAG checks with Playwright and axe	Run accessibility tests	2026-09-05T22:50:35.7892626Z     +             "data": null,
WCAG checks with Playwright and axe	Run accessibility tests	2026-09-05T22:50:35.7892883Z     +             "id": "implicit-label",
WCAG checks with Playwright and axe	Run accessibility tests	2026-09-05T22:50:35.7893184Z     +             "impact": "critical",
WCAG checks with Playwright and axe	Run accessibility tests	2026-09-05T22:50:35.7893529Z     +             "message": "Element does not have an implicit (wrapped) <label>",
WCAG checks with Playwright and axe	Run accessibility tests	2026-09-05T22:50:35.7893869Z     +             "relatedNodes": Array [],
WCAG checks with Playwright and axe	Run accessibility tests	2026-09-05T22:50:35.7894173Z     +           },
WCAG checks with Playwright and axe	Run accessibility tests	2026-09-05T22:50:35.7894385Z     +           Object {
WCAG checks with Playwright and axe	Run accessibility tests	2026-09-05T22:50:35.7894623Z     +             "data": null,
WCAG checks with Playwright and axe	Run accessibility tests	2026-09-05T22:50:35.7895060Z     +             "id": "explicit-label",
WCAG checks with Playwright and axe	Run accessibility tests	2026-09-05T22:50:35.7895337Z     +             "impact": "critical",
WCAG checks with Playwright and axe	Run accessibility tests	2026-09-05T22:50:35.7895690Z     +             "message": "Element does not have an explicit <label>",
WCAG checks with Playwright and axe	Run accessibility tests	2026-09-05T22:50:35.7896047Z     +             "relatedNodes": Array [],
WCAG checks with Playwright and axe	Run accessibility tests	2026-09-05T22:50:35.7896313Z     +           },
WCAG checks with Playwright and axe	Run accessibility tests	2026-09-05T22:50:35.7896523Z     +           Object {
WCAG checks with Playwright and axe	Run accessibility tests	2026-09-05T22:50:35.7896801Z     +             "data": null,
WCAG checks with Playwright and axe	Run accessibility tests	2026-09-05T22:50:35.7897081Z     +             "id": "presentational-role",
WCAG checks with Playwright and axe	Run accessibility tests	2026-09-05T22:50:35.7897363Z     +             "impact": "critical",
WCAG checks with Playwright and axe	Run accessibility tests	2026-09-05T22:50:35.7897831Z     +             "message": "Element's default semantics were not overridden with role=\"none\" or role=\"presentation\"",
WCAG checks with Playwright and axe	Run accessibility tests	2026-09-05T22:50:35.7898242Z     +             "relatedNodes": Array [],
WCAG checks with Playwright and axe	Run accessibility tests	2026-09-05T22:50:35.7898499Z     +           },
WCAG checks with Playwright and axe	Run accessibility tests	2026-09-05T22:50:35.7898749Z     +         ],
WCAG checks with Playwright and axe	Run accessibility tests	2026-09-05T22:50:35.7898999Z     +         "failureSummary": "Fix any of the following:
WCAG checks with Playwright and axe	Run accessibility tests	2026-09-05T22:50:35.7899377Z     +   Element does not have inner text that is visible to screen readers
WCAG checks with Playwright and axe	Run accessibility tests	2026-09-05T22:50:35.7899784Z     +   aria-label attribute does not exist or is empty
WCAG checks with Playwright and axe	Run accessibility tests	2026-09-05T22:50:35.7900373Z     +   aria-labelledby attribute does not exist, references elements that do not exist or references elements that are empty
WCAG checks with Playwright and axe	Run accessibility tests	2026-09-05T22:50:35.7900816Z     +   Element has no title attribute
WCAG checks with Playwright and axe	Run accessibility tests	2026-09-05T22:50:35.7901155Z     +   Element does not have an implicit (wrapped) <label>
WCAG checks with Playwright and axe	Run accessibility tests	2026-09-05T22:50:35.7901485Z     +   Element does not have an explicit <label>
WCAG checks with Playwright and axe	Run accessibility tests	2026-09-05T22:50:35.7901915Z     +   Element's default semantics were not overridden with role=\"none\" or role=\"presentation\"",
WCAG checks with Playwright and axe	Run accessibility tests	2026-09-05T22:50:35.7973847Z     +         "html": "<button class=\"inline-flex items-ce...\">",
WCAG checks with Playwright and axe	Run accessibility tests	2026-09-05T22:50:35.7974236Z     +         "impact": "critical",
WCAG checks with Playwright and axe	Run accessibility tests	2026-09-05T22:50:35.7974459Z     +         "none": Array [],
WCAG checks with Playwright and axe	Run accessibility tests	2026-09-05T22:50:35.7974656Z     +         "target": Array [
WCAG checks with Playwright and axe	Run accessibility tests	2026-09-05T22:50:35.7975050Z     +           ".\\[\\&_svg\\]\\:pointer-events-none",
WCAG checks with Playwright and axe	Run accessibility tests	2026-09-05T22:50:35.7975294Z     +         ],
WCAG checks with Playwright and axe	Run accessibility tests	2026-09-05T22:50:35.7975446Z     +       },
WCAG checks with Playwright and axe	Run accessibility tests	2026-09-05T22:50:35.7975592Z     +     ],
WCAG checks with Playwright and axe	Run accessibility tests	2026-09-05T22:50:35.7975761Z     +     "tags": Array [
WCAG checks with Playwright and axe	Run accessibility tests	2026-09-05T22:50:35.7975961Z     +       "cat.name-role-value",
WCAG checks with Playwright and axe	Run accessibility tests	2026-09-05T22:50:35.7976150Z     +       "wcag2a",
WCAG checks with Playwright and axe	Run accessibility tests	2026-09-05T22:50:35.7976306Z     +       "wcag412",
WCAG checks with Playwright and axe	Run accessibility tests	2026-09-05T22:50:35.7976473Z     +       "section508",
WCAG checks with Playwright and axe	Run accessibility tests	2026-09-05T22:50:35.7976657Z     +       "section508.22.a",
WCAG checks with Playwright and axe	Run accessibility tests	2026-09-05T22:50:35.7976825Z     +       "TTv5",
WCAG checks with Playwright and axe	Run accessibility tests	2026-09-05T22:50:35.7976977Z     +       "TT6.a",
WCAG checks with Playwright and axe	Run accessibility tests	2026-09-05T22:50:35.7977265Z     +       "EN-301-549",
WCAG checks with Playwright and axe	Run accessibility tests	2026-09-05T22:50:35.7977429Z     +       "EN-9.4.1.2",
WCAG checks with Playwright and axe	Run accessibility tests	2026-09-05T22:50:35.7977588Z     +       "ACT",
WCAG checks with Playwright and axe	Run accessibility tests	2026-09-05T22:50:35.7977747Z     +       "RGAAv4",
WCAG checks with Playwright and axe	Run accessibility tests	2026-09-05T22:50:35.7977907Z     +       "RGAA-11.9.1",
WCAG checks with Playwright and axe	Run accessibility tests	2026-09-05T22:50:35.7978072Z     +     ],
WCAG checks with Playwright and axe	Run accessibility tests	2026-09-05T22:50:35.7978227Z     +   },
WCAG checks with Playwright and axe	Run accessibility tests	2026-09-05T22:50:35.7978367Z     + ]
WCAG checks with Playwright and axe	Run accessibility tests	2026-09-05T22:50:35.7978451Z 
WCAG checks with Playwright and axe	Run accessibility tests	2026-09-05T22:50:35.7978515Z       16 | 		);
WCAG checks with Playwright and axe	Run accessibility tests	2026-09-05T22:50:35.7978669Z       17 |
WCAG checks with Playwright and axe	Run accessibility tests	2026-09-05T22:50:35.7978860Z     > 18 | 		expect(criticalViolations).toEqual([]);
WCAG checks with Playwright and axe	Run accessibility tests	2026-09-05T22:50:35.7979096Z          | 		                           ^
WCAG checks with Playwright and axe	Run accessibility tests	2026-09-05T22:50:35.7979284Z       19 |
WCAG checks with Playwright and axe	Run accessibility tests	2026-09-05T22:50:35.7979509Z       20 | 		if (accessibilityScanResults.violations.length > 0) {
WCAG checks with Playwright and axe	Run accessibility tests	2026-09-05T22:50:35.7979759Z       21 | 			console.log(
WCAG checks with Playwright and axe	Run accessibility tests	2026-09-05T22:50:35.7980041Z         at /home/runner/work/cookie-jar/cookie-jar/e2e/accessibility.spec.ts:18:30
WCAG checks with Playwright and axe	Run accessibility tests	2026-09-05T22:50:35.7980258Z 
WCAG checks with Playwright and axe	Run accessibility tests	2026-09-05T22:50:35.7980636Z     attachment #1: screenshot (image/png) ──────────────────────────────────────────────────────────
WCAG checks with Playwright and axe	Run accessibility tests	2026-09-05T22:50:35.7981280Z     e2e/test-results/accessibility-♿-Accessibil-f9f3a-ge-accessibility-compliance-Mobile-Chrome-retry2/test-failed-1.png
WCAG checks with Playwright and axe	Run accessibility tests	2026-09-05T22:50:35.7981860Z     ────────────────────────────────────────────────────────────────────────────────────────────────
WCAG checks with Playwright and axe	Run accessibility tests	2026-09-05T22:50:35.7982043Z 
WCAG checks with Playwright and axe	Run accessibility tests	2026-09-05T22:50:35.7982297Z     attachment #2: video (video/webm) ──────────────────────────────────────────────────────────────
WCAG checks with Playwright and axe	Run accessibility tests	2026-09-05T22:50:35.7982845Z     e2e/test-results/accessibility-♿-Accessibil-f9f3a-ge-accessibility-compliance-Mobile-Chrome-retry2/video.webm
WCAG checks with Playwright and axe	Run accessibility tests	2026-09-05T22:50:35.7983474Z     ────────────────────────────────────────────────────────────────────────────────────────────────
WCAG checks with Playwright and axe	Run accessibility tests	2026-09-05T22:50:35.7983659Z 
WCAG checks with Playwright and axe	Run accessibility tests	2026-09-05T22:50:35.7983901Z     attachment #3: video (video/webm) ──────────────────────────────────────────────────────────────
WCAG checks with Playwright and axe	Run accessibility tests	2026-09-05T22:50:35.7984470Z     e2e/test-results/accessibility-♿-Accessibil-f9f3a-ge-accessibility-compliance-Mobile-Chrome-retry2/video-1.webm
WCAG checks with Playwright and axe	Run accessibility tests	2026-09-05T22:50:35.7985166Z     ────────────────────────────────────────────────────────────────────────────────────────────────
WCAG checks with Playwright and axe	Run accessibility tests	2026-09-05T22:50:35.7985360Z 
WCAG checks with Playwright and axe	Run accessibility tests	2026-09-05T22:50:35.7985782Z     Error Context: e2e/test-results/accessibility-♿-Accessibil-f9f3a-ge-accessibility-compliance-Mobile-Chrome-retry2/error-context.md
WCAG checks with Playwright and axe	Run accessibility tests	2026-09-05T22:50:35.7986138Z 
WCAG checks with Playwright and axe	Run accessibility tests	2026-09-05T22:50:35.7986405Z     attachment #5: trace (application/zip) ─────────────────────────────────────────────────────────
WCAG checks with Playwright and axe	Run accessibility tests	2026-09-05T22:50:35.7986984Z     e2e/test-results/accessibility-♿-Accessibil-f9f3a-ge-accessibility-compliance-Mobile-Chrome-retry2/trace.zip
WCAG checks with Playwright and axe	Run accessibility tests	2026-09-05T22:50:35.7987369Z     Usage:
WCAG checks with Playwright and axe	Run accessibility tests	2026-09-05T22:50:35.7987447Z 
WCAG checks with Playwright and axe	Run accessibility tests	2026-09-05T22:50:35.7987881Z         npx playwright show-trace e2e/test-results/accessibility-♿-Accessibil-f9f3a-ge-accessibility-compliance-Mobile-Chrome-retry2/trace.zip
WCAG checks with Playwright and axe	Run accessibility tests	2026-09-05T22:50:35.7988263Z 
WCAG checks with Playwright and axe	Run accessibility tests	2026-09-05T22:50:35.7988558Z     ────────────────────────────────────────────────────────────────────────────────────────────────
WCAG checks with Playwright and axe	Run accessibility tests	2026-09-05T22:50:35.7988735Z 
WCAG checks with Playwright and axe	Run accessibility tests	2026-09-05T22:50:35.7989035Z   5) [Mobile Chrome] › e2e/accessibility.spec.ts:199:6 › ♿ Accessibility Testing › ARIA roles and landmarks 
WCAG checks with Playwright and axe	Run accessibility tests	2026-09-05T22:50:35.7989296Z 
WCAG checks with Playwright and axe	Run accessibility tests	2026-09-05T22:50:35.7989400Z     Error: Button 1 should have accessible name
WCAG checks with Playwright and axe	Run accessibility tests	2026-09-05T22:50:35.7989548Z 
WCAG checks with Playwright and axe	Run accessibility tests	2026-09-05T22:50:35.7989642Z     expect(received).toBeTruthy()
WCAG checks with Playwright and axe	Run accessibility tests	2026-09-05T22:50:35.7989758Z 
WCAG checks with Playwright and axe	Run accessibility tests	2026-09-05T22:50:35.7989833Z     Received: null
WCAG checks with Playwright and axe	Run accessibility tests	2026-09-05T22:50:35.7989931Z 
WCAG checks with Playwright and axe	Run accessibility tests	2026-09-05T22:50:35.7990022Z       231 | 					accessibleName,
WCAG checks with Playwright and axe	Run accessibility tests	2026-09-05T22:50:35.7990255Z       232 | 					`Button ${i} should have accessible name`
WCAG checks with Playwright and axe	Run accessibility tests	2026-09-05T22:50:35.7990486Z     > 233 | 				).toBeTruthy();
WCAG checks with Playwright and axe	Run accessibility tests	2026-09-05T22:50:35.7990657Z           | 				  ^
WCAG checks with Playwright and axe	Run accessibility tests	2026-09-05T22:50:35.7990811Z       234 | 			}
WCAG checks with Playwright and axe	Run accessibility tests	2026-09-05T22:50:35.7990954Z       235 | 		}
WCAG checks with Playwright and axe	Run accessibility tests	2026-09-05T22:50:35.7991096Z       236 | 	});
WCAG checks with Playwright and axe	Run accessibility tests	2026-09-05T22:50:35.7991364Z         at /home/runner/work/cookie-jar/cookie-jar/e2e/accessibility.spec.ts:233:7
WCAG checks with Playwright and axe	Run accessibility tests	2026-09-05T22:50:35.7991573Z 
WCAG checks with Playwright and axe	Run accessibility tests	2026-09-05T22:50:35.7991835Z     attachment #1: screenshot (image/png) ──────────────────────────────────────────────────────────
WCAG checks with Playwright and axe	Run accessibility tests	2026-09-05T22:50:35.7992392Z     e2e/test-results/accessibility-♿-Accessibil-4385d-ng-ARIA-roles-and-landmarks-Mobile-Chrome/test-failed-1.png
WCAG checks with Playwright and axe	Run accessibility tests	2026-09-05T22:50:35.7992926Z     ────────────────────────────────────────────────────────────────────────────────────────────────
WCAG checks with Playwright and axe	Run accessibility tests	2026-09-05T22:50:35.7993112Z 
WCAG checks with Playwright and axe	Run accessibility tests	2026-09-05T22:50:35.7993357Z     attachment #2: video (video/webm) ──────────────────────────────────────────────────────────────
WCAG checks with Playwright and axe	Run accessibility tests	2026-09-05T22:50:35.7993934Z     e2e/test-results/accessibility-♿-Accessibil-4385d-ng-ARIA-roles-and-landmarks-Mobile-Chrome/video.webm
WCAG checks with Playwright and axe	Run accessibility tests	2026-09-05T22:50:35.7994447Z     ────────────────────────────────────────────────────────────────────────────────────────────────
WCAG checks with Playwright and axe	Run accessibility tests	2026-09-05T22:50:35.7994633Z 
WCAG checks with Playwright and axe	Run accessibility tests	2026-09-05T22:50:35.7995127Z     Error Context: e2e/test-results/accessibility-♿-Accessibil-4385d-ng-ARIA-roles-and-landmarks-Mobile-Chrome/error-context.md
WCAG checks with Playwright and axe	Run accessibility tests	2026-09-05T22:50:35.7995492Z 
WCAG checks with Playwright and axe	Run accessibility tests	2026-09-05T22:50:35.7995758Z     attachment #4: trace (application/zip) ─────────────────────────────────────────────────────────
WCAG checks with Playwright and axe	Run accessibility tests	2026-09-05T22:50:35.7996282Z     e2e/test-results/accessibility-♿-Accessibil-4385d-ng-ARIA-roles-and-landmarks-Mobile-Chrome/trace.zip
WCAG checks with Playwright and axe	Run accessibility tests	2026-09-05T22:50:35.7996639Z     Usage:
WCAG checks with Playwright and axe	Run accessibility tests	2026-09-05T22:50:35.7996719Z 
WCAG checks with Playwright and axe	Run accessibility tests	2026-09-05T22:50:35.7997114Z         npx playwright show-trace e2e/test-results/accessibility-♿-Accessibil-4385d-ng-ARIA-roles-and-landmarks-Mobile-Chrome/trace.zip
WCAG checks with Playwright and axe	Run accessibility tests	2026-09-05T22:50:35.7997479Z 
WCAG checks with Playwright and axe	Run accessibility tests	2026-09-05T22:50:35.7997707Z     ────────────────────────────────────────────────────────────────────────────────────────────────
WCAG checks with Playwright and axe	Run accessibility tests	2026-09-05T22:50:35.7997899Z 
WCAG checks with Playwright and axe	Run accessibility tests	2026-09-05T22:50:35.7998139Z     Retry #1 ───────────────────────────────────────────────────────────────────────────────────────
WCAG checks with Playwright and axe	Run accessibility tests	2026-09-05T22:50:35.7998333Z 
WCAG checks with Playwright and axe	Run accessibility tests	2026-09-05T22:50:35.7998438Z     Error: Button 1 should have accessible name
WCAG checks with Playwright and axe	Run accessibility tests	2026-09-05T22:50:35.7998645Z 
WCAG checks with Playwright and axe	Run accessibility tests	2026-09-05T22:50:35.7998743Z     expect(received).toBeTruthy()
WCAG checks with Playwright and axe	Run accessibility tests	2026-09-05T22:50:35.7998861Z 
WCAG checks with Playwright and axe	Run accessibility tests	2026-09-05T22:50:35.7998933Z     Received: null
WCAG checks with Playwright and axe	Run accessibility tests	2026-09-05T22:50:35.7999030Z 
WCAG checks with Playwright and axe	Run accessibility tests	2026-09-05T22:50:35.7999111Z       231 | 					accessibleName,
WCAG checks with Playwright and axe	Run accessibility tests	2026-09-05T22:50:35.7999346Z       232 | 					`Button ${i} should have accessible name`
WCAG checks with Playwright and axe	Run accessibility tests	2026-09-05T22:50:35.7999572Z     > 233 | 				).toBeTruthy();
WCAG checks with Playwright and axe	Run accessibility tests	2026-09-05T22:50:35.7999744Z           | 				  ^
WCAG checks with Playwright and axe	Run accessibility tests	2026-09-05T22:50:35.7999899Z       234 | 			}
WCAG checks with Playwright and axe	Run accessibility tests	2026-09-05T22:50:35.8000041Z       235 | 		}
WCAG checks with Playwright and axe	Run accessibility tests	2026-09-05T22:50:35.8000192Z       236 | 	});
WCAG checks with Playwright and axe	Run accessibility tests	2026-09-05T22:50:35.8000452Z         at /home/runner/work/cookie-jar/cookie-jar/e2e/accessibility.spec.ts:233:7
WCAG checks with Playwright and axe	Run accessibility tests	2026-09-05T22:50:35.8000654Z 
WCAG checks with Playwright and axe	Run accessibility tests	2026-09-05T22:50:35.8000908Z     attachment #1: screenshot (image/png) ──────────────────────────────────────────────────────────
WCAG checks with Playwright and axe	Run accessibility tests	2026-09-05T22:50:35.8001482Z     e2e/test-results/accessibility-♿-Accessibil-4385d-ng-ARIA-roles-and-landmarks-Mobile-Chrome-retry1/test-failed-1.png
WCAG checks with Playwright and axe	Run accessibility tests	2026-09-05T22:50:35.8002039Z     ────────────────────────────────────────────────────────────────────────────────────────────────
WCAG checks with Playwright and axe	Run accessibility tests	2026-09-05T22:50:35.8002218Z 
WCAG checks with Playwright and axe	Run accessibility tests	2026-09-05T22:50:35.8002467Z     attachment #2: video (video/webm) ──────────────────────────────────────────────────────────────
WCAG checks with Playwright and axe	Run accessibility tests	2026-09-05T22:50:35.8003011Z     e2e/test-results/accessibility-♿-Accessibil-4385d-ng-ARIA-roles-and-landmarks-Mobile-Chrome-retry1/video.webm
WCAG checks with Playwright and axe	Run accessibility tests	2026-09-05T22:50:35.8003535Z     ────────────────────────────────────────────────────────────────────────────────────────────────
WCAG checks with Playwright and axe	Run accessibility tests	2026-09-05T22:50:35.8003796Z 
WCAG checks with Playwright and axe	Run accessibility tests	2026-09-05T22:50:35.8004179Z     Error Context: e2e/test-results/accessibility-♿-Accessibil-4385d-ng-ARIA-roles-and-landmarks-Mobile-Chrome-retry1/error-context.md
WCAG checks with Playwright and axe	Run accessibility tests	2026-09-05T22:50:35.8004530Z 
WCAG checks with Playwright and axe	Run accessibility tests	2026-09-05T22:50:35.8004781Z     attachment #4: trace (application/zip) ─────────────────────────────────────────────────────────
WCAG checks with Playwright and axe	Run accessibility tests	2026-09-05T22:50:35.8005504Z     e2e/test-results/accessibility-♿-Accessibil-4385d-ng-ARIA-roles-and-landmarks-Mobile-Chrome-retry1/trace.zip
WCAG checks with Playwright and axe	Run accessibility tests	2026-09-05T22:50:35.8005893Z     Usage:
WCAG checks with Playwright and axe	Run accessibility tests	2026-09-05T22:50:35.8005972Z 
WCAG checks with Playwright and axe	Run accessibility tests	2026-09-05T22:50:35.8006393Z         npx playwright show-trace e2e/test-results/accessibility-♿-Accessibil-4385d-ng-ARIA-roles-and-landmarks-Mobile-Chrome-retry1/trace.zip
WCAG checks with Playwright and axe	Run accessibility tests	2026-09-05T22:50:35.8006764Z 
WCAG checks with Playwright and axe	Run accessibility tests	2026-09-05T22:50:35.8006988Z     ────────────────────────────────────────────────────────────────────────────────────────────────
WCAG checks with Playwright and axe	Run accessibility tests	2026-09-05T22:50:35.8007182Z 
WCAG checks with Playwright and axe	Run accessibility tests	2026-09-05T22:50:35.8007511Z     Retry #2 ───────────────────────────────────────────────────────────────────────────────────────
WCAG checks with Playwright and axe	Run accessibility tests	2026-09-05T22:50:35.8007729Z 
WCAG checks with Playwright and axe	Run accessibility tests	2026-09-05T22:50:35.8007836Z     Error: Button 1 should have accessible name
WCAG checks with Playwright and axe	Run accessibility tests	2026-09-05T22:50:35.8007980Z 
WCAG checks with Playwright and axe	Run accessibility tests	2026-09-05T22:50:35.8008076Z     expect(received).toBeTruthy()
WCAG checks with Playwright and axe	Run accessibility tests	2026-09-05T22:50:35.8008193Z 
WCAG checks with Playwright and axe	Run accessibility tests	2026-09-05T22:50:35.8008264Z     Received: null
WCAG checks with Playwright and axe	Run accessibility tests	2026-09-05T22:50:35.8008359Z 
WCAG checks with Playwright and axe	Run accessibility tests	2026-09-05T22:50:35.8008439Z       231 | 					accessibleName,
WCAG checks with Playwright and axe	Run accessibility tests	2026-09-05T22:50:35.8008675Z       232 | 					`Button ${i} should have accessible name`
WCAG checks with Playwright and axe	Run accessibility tests	2026-09-05T22:50:35.8008957Z     > 233 | 				).toBeTruthy();
WCAG checks with Playwright and axe	Run accessibility tests	2026-09-05T22:50:35.8009135Z           | 				  ^
WCAG checks with Playwright and axe	Run accessibility tests	2026-09-05T22:50:35.8009294Z       234 | 			}
WCAG checks with Playwright and axe	Run accessibility tests	2026-09-05T22:50:35.8009440Z       235 | 		}
WCAG checks with Playwright and axe	Run accessibility tests	2026-09-05T22:50:35.8009583Z       236 | 	});
WCAG checks with Playwright and axe	Run accessibility tests	2026-09-05T22:50:35.8009848Z         at /home/runner/work/cookie-jar/cookie-jar/e2e/accessibility.spec.ts:233:7
WCAG checks with Playwright and axe	Run accessibility tests	2026-09-05T22:50:35.8010063Z 
WCAG checks with Playwright and axe	Run accessibility tests	2026-09-05T22:50:35.8010329Z     attachment #1: screenshot (image/png) ──────────────────────────────────────────────────────────
WCAG checks with Playwright and axe	Run accessibility tests	2026-09-05T22:50:35.8010908Z     e2e/test-results/accessibility-♿-Accessibil-4385d-ng-ARIA-roles-and-landmarks-Mobile-Chrome-retry2/test-failed-1.png
WCAG checks with Playwright and axe	Run accessibility tests	2026-09-05T22:50:35.8011473Z     ────────────────────────────────────────────────────────────────────────────────────────────────
WCAG checks with Playwright and axe	Run accessibility tests	2026-09-05T22:50:35.8011650Z 
WCAG checks with Playwright and axe	Run accessibility tests	2026-09-05T22:50:35.8011897Z     attachment #2: video (video/webm) ──────────────────────────────────────────────────────────────
WCAG checks with Playwright and axe	Run accessibility tests	2026-09-05T22:50:35.8012440Z     e2e/test-results/accessibility-♿-Accessibil-4385d-ng-ARIA-roles-and-landmarks-Mobile-Chrome-retry2/video.webm
WCAG checks with Playwright and axe	Run accessibility tests	2026-09-05T22:50:35.8012965Z     ────────────────────────────────────────────────────────────────────────────────────────────────
WCAG checks with Playwright and axe	Run accessibility tests	2026-09-05T22:50:35.8013148Z 
WCAG checks with Playwright and axe	Run accessibility tests	2026-09-05T22:50:35.8013534Z     Error Context: e2e/test-results/accessibility-♿-Accessibil-4385d-ng-ARIA-roles-and-landmarks-Mobile-Chrome-retry2/error-context.md
WCAG checks with Playwright and axe	Run accessibility tests	2026-09-05T22:50:35.8013894Z 
WCAG checks with Playwright and axe	Run accessibility tests	2026-09-05T22:50:35.8014148Z     attachment #4: trace (application/zip) ─────────────────────────────────────────────────────────
WCAG checks with Playwright and axe	Run accessibility tests	2026-09-05T22:50:35.8014744Z     e2e/test-results/accessibility-♿-Accessibil-4385d-ng-ARIA-roles-and-landmarks-Mobile-Chrome-retry2/trace.zip
WCAG checks with Playwright and axe	Run accessibility tests	2026-09-05T22:50:35.8015422Z     Usage:
WCAG checks with Playwright and axe	Run accessibility tests	2026-09-05T22:50:35.8015511Z 
WCAG checks with Playwright and axe	Run accessibility tests	2026-09-05T22:50:35.8015941Z         npx playwright show-trace e2e/test-results/accessibility-♿-Accessibil-4385d-ng-ARIA-roles-and-landmarks-Mobile-Chrome-retry2/trace.zip
WCAG checks with Playwright and axe	Run accessibility tests	2026-09-05T22:50:35.8016317Z 
WCAG checks with Playwright and axe	Run accessibility tests	2026-09-05T22:50:35.8016535Z     ────────────────────────────────────────────────────────────────────────────────────────────────
WCAG checks with Playwright and axe	Run accessibility tests	2026-09-05T22:50:35.8016724Z 
WCAG checks with Playwright and axe	Run accessibility tests	2026-09-05T22:50:35.8017138Z   6) [Mobile Chrome] › e2e/mobile-experience.spec.ts:523:7 › 📱 Mobile Experience E2E › Mobile Accessibility › Mobile screen reader compatibility 
WCAG checks with Playwright and axe	Run accessibility tests	2026-09-05T22:50:35.8017480Z 
WCAG checks with Playwright and axe	Run accessibility tests	2026-09-05T22:50:35.8017571Z     Error: expect(received).toBeTruthy()
WCAG checks with Playwright and axe	Run accessibility tests	2026-09-05T22:50:35.8017709Z 
WCAG checks with Playwright and axe	Run accessibility tests	2026-09-05T22:50:35.8017781Z     Received: null
WCAG checks with Playwright and axe	Run accessibility tests	2026-09-05T22:50:35.8017869Z 
WCAG checks with Playwright and axe	Run accessibility tests	2026-09-05T22:50:35.8017978Z       547 | 						(await button.textContent()) ||
WCAG checks with Playwright and axe	Run accessibility tests	2026-09-05T22:50:35.8018252Z       548 | 						(await button.getAttribute("aria-label"));
WCAG checks with Playwright and axe	Run accessibility tests	2026-09-05T22:50:35.8018526Z     > 549 | 					expect(accessibleName).toBeTruthy();
WCAG checks with Playwright and axe	Run accessibility tests	2026-09-05T22:50:35.8018757Z           | 					                       ^
WCAG checks with Playwright and axe	Run accessibility tests	2026-09-05T22:50:35.8018943Z       550 | 				}
WCAG checks with Playwright and axe	Run accessibility tests	2026-09-05T22:50:35.8019099Z       551 | 			}
WCAG checks with Playwright and axe	Run accessibility tests	2026-09-05T22:50:35.8019243Z       552 | 		});
WCAG checks with Playwright and axe	Run accessibility tests	2026-09-05T22:50:35.8019571Z         at /home/runner/work/cookie-jar/cookie-jar/e2e/mobile-experience.spec.ts:549:29
WCAG checks with Playwright and axe	Run accessibility tests	2026-09-05T22:50:35.8019796Z 
WCAG checks with Playwright and axe	Run accessibility tests	2026-09-05T22:50:35.8020049Z     attachment #1: screenshot (image/png) ──────────────────────────────────────────────────────────
WCAG checks with Playwright and axe	Run accessibility tests	2026-09-05T22:50:35.8020614Z     e2e/test-results/mobile-experience-📱-Mobil-835b8-screen-reader-compatibility-Mobile-Chrome/test-failed-1.png
WCAG checks with Playwright and axe	Run accessibility tests	2026-09-05T22:50:35.8021148Z     ────────────────────────────────────────────────────────────────────────────────────────────────
WCAG checks with Playwright and axe	Run accessibility tests	2026-09-05T22:50:35.8021338Z 
WCAG checks with Playwright and axe	Run accessibility tests	2026-09-05T22:50:35.8021589Z     attachment #2: video (video/webm) ──────────────────────────────────────────────────────────────
WCAG checks with Playwright and axe	Run accessibility tests	2026-09-05T22:50:35.8022119Z     e2e/test-results/mobile-experience-📱-Mobil-835b8-screen-reader-compatibility-Mobile-Chrome/video.webm
WCAG checks with Playwright and axe	Run accessibility tests	2026-09-05T22:50:35.8022629Z     ────────────────────────────────────────────────────────────────────────────────────────────────
WCAG checks with Playwright and axe	Run accessibility tests	2026-09-05T22:50:35.8022807Z 
WCAG checks with Playwright and axe	Run accessibility tests	2026-09-05T22:50:35.8023179Z     Error Context: e2e/test-results/mobile-experience-📱-Mobil-835b8-screen-reader-compatibility-Mobile-Chrome/error-context.md
WCAG checks with Playwright and axe	Run accessibility tests	2026-09-05T22:50:35.8023529Z 
WCAG checks with Playwright and axe	Run accessibility tests	2026-09-05T22:50:35.8023777Z     attachment #4: trace (application/zip) ─────────────────────────────────────────────────────────
WCAG checks with Playwright and axe	Run accessibility tests	2026-09-05T22:50:35.8024299Z     e2e/test-results/mobile-experience-📱-Mobil-835b8-screen-reader-compatibility-Mobile-Chrome/trace.zip
WCAG checks with Playwright and axe	Run accessibility tests	2026-09-05T22:50:35.8024639Z     Usage:
WCAG checks with Playwright and axe	Run accessibility tests	2026-09-05T22:50:35.8024725Z 
WCAG checks with Playwright and axe	Run accessibility tests	2026-09-05T22:50:35.8025444Z         npx playwright show-trace e2e/test-results/mobile-experience-📱-Mobil-835b8-screen-reader-compatibility-Mobile-Chrome/trace.zip
WCAG checks with Playwright and axe	Run accessibility tests	2026-09-05T22:50:35.8025873Z 
WCAG checks with Playwright and axe	Run accessibility tests	2026-09-05T22:50:35.8026135Z     ────────────────────────────────────────────────────────────────────────────────────────────────
WCAG checks with Playwright and axe	Run accessibility tests	2026-09-05T22:50:35.8026323Z 
WCAG checks with Playwright and axe	Run accessibility tests	2026-09-05T22:50:35.8026551Z     Retry #1 ───────────────────────────────────────────────────────────────────────────────────────
WCAG checks with Playwright and axe	Run accessibility tests	2026-09-05T22:50:35.8026743Z 
WCAG checks with Playwright and axe	Run accessibility tests	2026-09-05T22:50:35.8026855Z     Error: expect(received).toBeTruthy()
WCAG checks with Playwright and axe	Run accessibility tests	2026-09-05T22:50:35.8026983Z 
WCAG checks with Playwright and axe	Run accessibility tests	2026-09-05T22:50:35.8027057Z     Received: null
WCAG checks with Playwright and axe	Run accessibility tests	2026-09-05T22:50:35.8027160Z 
WCAG checks with Playwright and axe	Run accessibility tests	2026-09-05T22:50:35.8027273Z       547 | 						(await button.textContent()) ||
WCAG checks with Playwright and axe	Run accessibility tests	2026-09-05T22:50:35.8027545Z       548 | 						(await button.getAttribute("aria-label"));
WCAG checks with Playwright and axe	Run accessibility tests	2026-09-05T22:50:35.8027825Z     > 549 | 					expect(accessibleName).toBeTruthy();
WCAG checks with Playwright and axe	Run accessibility tests	2026-09-05T22:50:35.8028067Z           | 					                       ^
WCAG checks with Playwright and axe	Run accessibility tests	2026-09-05T22:50:35.8028255Z       550 | 				}
WCAG checks with Playwright and axe	Run accessibility tests	2026-09-05T22:50:35.8028405Z       551 | 			}
WCAG checks with Playwright and axe	Run accessibility tests	2026-09-05T22:50:35.8028561Z       552 | 		});
WCAG checks with Playwright and axe	Run accessibility tests	2026-09-05T22:50:35.8028853Z         at /home/runner/work/cookie-jar/cookie-jar/e2e/mobile-experience.spec.ts:549:29
WCAG checks with Playwright and axe	Run accessibility tests	2026-09-05T22:50:35.8029076Z 
WCAG checks with Playwright and axe	Run accessibility tests	2026-09-05T22:50:35.8029325Z     attachment #1: screenshot (image/png) ──────────────────────────────────────────────────────────
WCAG checks with Playwright and axe	Run accessibility tests	2026-09-05T22:50:35.8029914Z     e2e/test-results/mobile-experience-📱-Mobil-835b8-screen-reader-compatibility-Mobile-Chrome-retry1/test-failed-1.png
WCAG checks with Playwright and axe	Run accessibility tests	2026-09-05T22:50:35.8030514Z     ────────────────────────────────────────────────────────────────────────────────────────────────
WCAG checks with Playwright and axe	Run accessibility tests	2026-09-05T22:50:35.8030697Z 
WCAG checks with Playwright and axe	Run accessibility tests	2026-09-05T22:50:35.8030935Z     attachment #2: video (video/webm) ──────────────────────────────────────────────────────────────
WCAG checks with Playwright and axe	Run accessibility tests	2026-09-05T22:50:35.8031484Z     e2e/test-results/mobile-experience-📱-Mobil-835b8-screen-reader-compatibility-Mobile-Chrome-retry1/video.webm
WCAG checks with Playwright and axe	Run accessibility tests	2026-09-05T22:50:35.8032017Z     ────────────────────────────────────────────────────────────────────────────────────────────────
WCAG checks with Playwright and axe	Run accessibility tests	2026-09-05T22:50:35.8032215Z 
WCAG checks with Playwright and axe	Run accessibility tests	2026-09-05T22:50:35.8032611Z     Error Context: e2e/test-results/mobile-experience-📱-Mobil-835b8-screen-reader-compatibility-Mobile-Chrome-retry1/error-context.md
WCAG checks with Playwright and axe	Run accessibility tests	2026-09-05T22:50:35.8032954Z 
WCAG checks with Playwright and axe	Run accessibility tests	2026-09-05T22:50:35.8033209Z     attachment #4: trace (application/zip) ─────────────────────────────────────────────────────────
WCAG checks with Playwright and axe	Run accessibility tests	2026-09-05T22:50:35.8033752Z     e2e/test-results/mobile-experience-📱-Mobil-835b8-screen-reader-compatibility-Mobile-Chrome-retry1/trace.zip
WCAG checks with Playwright and axe	Run accessibility tests	2026-09-05T22:50:35.8034127Z     Usage:
WCAG checks with Playwright and axe	Run accessibility tests	2026-09-05T22:50:35.8034213Z 
WCAG checks with Playwright and axe	Run accessibility tests	2026-09-05T22:50:35.8034615Z         npx playwright show-trace e2e/test-results/mobile-experience-📱-Mobil-835b8-screen-reader-compatibility-Mobile-Chrome-retry1/trace.zip
WCAG checks with Playwright and axe	Run accessibility tests	2026-09-05T22:50:35.8035055Z 
WCAG checks with Playwright and axe	Run accessibility tests	2026-09-05T22:50:35.8035334Z     ────────────────────────────────────────────────────────────────────────────────────────────────
WCAG checks with Playwright and axe	Run accessibility tests	2026-09-05T22:50:35.8035520Z 
WCAG checks with Playwright and axe	Run accessibility tests	2026-09-05T22:50:35.8035764Z     Retry #2 ───────────────────────────────────────────────────────────────────────────────────────
WCAG checks with Playwright and axe	Run accessibility tests	2026-09-05T22:50:35.8036010Z 
WCAG checks with Playwright and axe	Run accessibility tests	2026-09-05T22:50:35.8036110Z     Error: expect(received).toBeTruthy()
WCAG checks with Playwright and axe	Run accessibility tests	2026-09-05T22:50:35.8036237Z 
WCAG checks with Playwright and axe	Run accessibility tests	2026-09-05T22:50:35.8036310Z     Received: null
WCAG checks with Playwright and axe	Run accessibility tests	2026-09-05T22:50:35.8036407Z 
WCAG checks with Playwright and axe	Run accessibility tests	2026-09-05T22:50:35.8036506Z       547 | 						(await button.textContent()) ||
WCAG checks with Playwright and axe	Run accessibility tests	2026-09-05T22:50:35.8036778Z       548 | 						(await button.getAttribute("aria-label"));
WCAG checks with Playwright and axe	Run accessibility tests	2026-09-05T22:50:35.8037047Z     > 549 | 					expect(accessibleName).toBeTruthy();
WCAG checks with Playwright and axe	Run accessibility tests	2026-09-05T22:50:35.8037270Z           | 					                       ^
WCAG checks with Playwright and axe	Run accessibility tests	2026-09-05T22:50:35.8037458Z       550 | 				}
WCAG checks with Playwright and axe	Run accessibility tests	2026-09-05T22:50:35.8037603Z       551 | 			}
WCAG checks with Playwright and axe	Run accessibility tests	2026-09-05T22:50:35.8037747Z       552 | 		});
WCAG checks with Playwright and axe	Run accessibility tests	2026-09-05T22:50:35.8038017Z         at /home/runner/work/cookie-jar/cookie-jar/e2e/mobile-experience.spec.ts:549:29
WCAG checks with Playwright and axe	Run accessibility tests	2026-09-05T22:50:35.8038235Z 
WCAG checks with Playwright and axe	Run accessibility tests	2026-09-05T22:50:35.8038487Z     attachment #1: screenshot (image/png) ──────────────────────────────────────────────────────────
WCAG checks with Playwright and axe	Run accessibility tests	2026-09-05T22:50:35.8039051Z     e2e/test-results/mobile-experience-📱-Mobil-835b8-screen-reader-compatibility-Mobile-Chrome-retry2/test-failed-1.png
WCAG checks with Playwright and axe	Run accessibility tests	2026-09-05T22:50:35.8039607Z     ────────────────────────────────────────────────────────────────────────────────────────────────
WCAG checks with Playwright and axe	Run accessibility tests	2026-09-05T22:50:35.8039779Z 
WCAG checks with Playwright and axe	Run accessibility tests	2026-09-05T22:50:35.8040022Z     attachment #2: video (video/webm) ──────────────────────────────────────────────────────────────
WCAG checks with Playwright and axe	Run accessibility tests	2026-09-05T22:50:35.8040555Z     e2e/test-results/mobile-experience-📱-Mobil-835b8-screen-reader-compatibility-Mobile-Chrome-retry2/video.webm
WCAG checks with Playwright and axe	Run accessibility tests	2026-09-05T22:50:35.8041127Z     ────────────────────────────────────────────────────────────────────────────────────────────────
WCAG checks with Playwright and axe	Run accessibility tests	2026-09-05T22:50:35.8041301Z 
WCAG checks with Playwright and axe	Run accessibility tests	2026-09-05T22:50:35.8041687Z     Error Context: e2e/test-results/mobile-experience-📱-Mobil-835b8-screen-reader-compatibility-Mobile-Chrome-retry2/error-context.md
WCAG checks with Playwright and axe	Run accessibility tests	2026-09-05T22:50:35.8042047Z 
WCAG checks with Playwright and axe	Run accessibility tests	2026-09-05T22:50:35.8042298Z     attachment #4: trace (application/zip) ─────────────────────────────────────────────────────────
WCAG checks with Playwright and axe	Run accessibility tests	2026-09-05T22:50:35.8042845Z     e2e/test-results/mobile-experience-📱-Mobil-835b8-screen-reader-compatibility-Mobile-Chrome-retry2/trace.zip
WCAG checks with Playwright and axe	Run accessibility tests	2026-09-05T22:50:35.8043211Z     Usage:
WCAG checks with Playwright and axe	Run accessibility tests	2026-09-05T22:50:35.8043299Z 
WCAG checks with Playwright and axe	Run accessibility tests	2026-09-05T22:50:35.8043716Z         npx playwright show-trace e2e/test-results/mobile-experience-📱-Mobil-835b8-screen-reader-compatibility-Mobile-Chrome-retry2/trace.zip
WCAG checks with Playwright and axe	Run accessibility tests	2026-09-05T22:50:35.8044086Z 
WCAG checks with Playwright and axe	Run accessibility tests	2026-09-05T22:50:35.8044317Z     ────────────────────────────────────────────────────────────────────────────────────────────────
WCAG checks with Playwright and axe	Run accessibility tests	2026-09-05T22:50:35.8044505Z 
WCAG checks with Playwright and axe	Run accessibility tests	2026-09-05T22:50:35.8044574Z   6 failed
WCAG checks with Playwright and axe	Run accessibility tests	2026-09-05T22:50:35.8045187Z     [Desktop Chrome] › e2e/accessibility.spec.ts:5:6 › ♿ Accessibility Testing › Homepage accessibility compliance 
WCAG checks with Playwright and axe	Run accessibility tests	2026-09-05T22:50:35.8045765Z     [Desktop Chrome] › e2e/accessibility.spec.ts:199:6 › ♿ Accessibility Testing › ARIA roles and landmarks 
WCAG checks with Playwright and axe	Run accessibility tests	2026-09-05T22:50:35.8046411Z     [Desktop Chrome] › e2e/mobile-experience.spec.ts:523:7 › 📱 Mobile Experience E2E › Mobile Accessibility › Mobile screen reader compatibility 
WCAG checks with Playwright and axe	Run accessibility tests	2026-09-05T22:50:35.8046792Z     [Mobile Chrome] › e2e/accessibility.spec.ts:5:6 › ♿ Accessibility Testing › Homepage accessibility compliance 
WCAG checks with Playwright and axe	Run accessibility tests	2026-09-05T22:50:35.8047064Z     [Mobile Chrome] › e2e/accessibility.spec.ts:199:6 › ♿ Accessibility Testing › ARIA roles and landmarks 
WCAG checks with Playwright and axe	Run accessibility tests	2026-09-05T22:50:35.8047448Z     [Mobile Chrome] › e2e/mobile-experience.spec.ts:523:7 › 📱 Mobile Experience E2E › Mobile Accessibility › Mobile screen reader compatibility 
WCAG checks with Playwright and axe	Run accessibility tests	2026-09-05T22:50:35.8047536Z   22 passed (2.5m)
WCAG checks with Playwright and axe	Run accessibility tests	2026-09-05T22:50:35.8053564Z ##[notice]  6 failed
WCAG checks with Playwright and axe	Run accessibility tests	    [Desktop Chrome] › e2e/accessibility.spec.ts:5:6 › ♿ Accessibility Testing › Homepage accessibility compliance 
WCAG checks with Playwright and axe	Run accessibility tests	    [Desktop Chrome] › e2e/accessibility.spec.ts:199:6 › ♿ Accessibility Testing › ARIA roles and landmarks 
WCAG checks with Playwright and axe	Run accessibility tests	    [Desktop Chrome] › e2e/mobile-experience.spec.ts:523:7 › 📱 Mobile Experience E2E › Mobile Accessibility › Mobile screen reader compatibility 
WCAG checks with Playwright and axe	Run accessibility tests	    [Mobile Chrome] › e2e/accessibility.spec.ts:5:6 › ♿ Accessibility Testing › Homepage accessibility compliance 
WCAG checks with Playwright and axe	Run accessibility tests	    [Mobile Chrome] › e2e/accessibility.spec.ts:199:6 › ♿ Accessibility Testing › ARIA roles and landmarks 
WCAG checks with Playwright and axe	Run accessibility tests	    [Mobile Chrome] › e2e/mobile-experience.spec.ts:523:7 › 📱 Mobile Experience E2E › Mobile Accessibility › Mobile screen reader compatibility 
WCAG checks with Playwright and axe	Run accessibility tests	  22 passed (2.5m)
WCAG checks with Playwright and axe	Run accessibility tests	2026-09-05T22:50:35.8055615Z ##[error]Process completed with exit code 1.
